Date,Time,Temp_F,DewPoint_F,Humidity_pct,Wind_Dir,Wind_Speed_mph,Wind_Gust_mph,Pressure_in,Precip_in,Condition
2026-06-21,12:00 AM,62.2,59.4,91,WNW,5.1,11.4,29.08,0.0,Fair
2026-06-21,1:00 AM,61.0,58.6,92,W,3.8,8.7,29.07,0.0,Fair
2026-06-21,2:00 AM,59.0,58.4,98,NW,2.3,7.6,29.07,0.0,Fair
2026-06-21,3:00 AM,58.3,57.4,97,W,1.9,4.0,29.08,0.0,Partly Cloudy
2026-06-21,4:00 AM,58.1,56.6,95,WSW,3.6,6.3,29.08,0.0,Partly Cloudy
2026-06-21,5:00 AM,57.4,54.6,90,W,4.0,6.9,29.09,0.0,Partly Cloudy
2026-06-21,6:00 AM,56.0,52.8,89,WNW,4.3,7.4,29.1,0.0,Partly Cloudy
2026-06-21,7:00 AM,57.8,53.7,86,WNW,4.6,8.3,29.11,0.0,Fair
2026-06-21,8:00 AM,60.5,55.6,84,W,2.4,8.3,29.13,0.0,Cloudy
2026-06-21,9:00 AM,64.3,57.7,79,W,2.0,7.6,29.15,0.0,Cloudy
2026-06-21,10:00 AM,68.5,56.4,65,WNW,2.6,9.4,29.14,0.0,Cloudy
2026-06-21,11:00 AM,71.2,54.4,55,WNW,3.1,11.0,29.14,0.0,Cloudy
2026-06-21,12:00 PM,74.2,53.3,48,W,3.6,12.1,29.14,0.0,Cloudy
2026-06-21,1:00 PM,74.9,52.0,45,WSW,3.9,12.1,29.14,0.0,Cloudy
2026-06-21,2:00 PM,73.2,53.2,49,WSW,1.7,11.9,29.15,0.0,Partly Cloudy
2026-06-21,3:00 PM,74.8,53.1,47,SW,3.0,10.1,29.14,0.0,Cloudy
2026-06-21,4:00 PM,75.4,52.9,46,SW,5.4,14.1,29.14,0.0,Cloudy
2026-06-21,5:00 PM,73.1,53.2,50,SSW,7.6,16.6,29.14,0.0,Cloudy
2026-06-21,6:00 PM,70.7,57.9,64,SSW,3.6,16.3,29.14,0.0,Cloudy
2026-06-21,7:00 PM,70.4,60.8,72,SE,2.6,5.8,29.12,0.0,Cloudy
2026-06-21,8:00 PM,68.2,64.1,87,SSW,2.4,6.9,29.12,0.0,Cloudy
2026-06-21,9:00 PM,66.7,61.4,83,SE,1.0,3.8,29.13,0.0,Cloudy
2026-06-21,10:00 PM,66.1,60.6,82,ENE,3.7,6.3,29.12,0.0,Cloudy
2026-06-21,11:00 PM,65.7,57.9,76,E,5.3,9.4,29.1,0.0,Cloudy
2026-06-22,12:00 AM,64.9,57.7,78,E,3.0,9.4,29.11,0.0,Cloudy
2026-06-22,1:00 AM,64.4,57.5,78,ENE,4.5,7.6,29.11,0.0,Cloudy
2026-06-22,2:00 AM,63.7,57.1,79,E,6.8,11.2,29.09,0.012,Light Drizzle
2026-06-22,3:00 AM,63.6,57.9,82,E,8.3,15.4,29.05,0.012,Light Drizzle
2026-06-22,4:00 AM,64.1,58.2,81,E,8.7,17.2,29.01,0.0,Cloudy
2026-06-22,5:00 AM,64.2,58.3,81,SE,9.2,17.2,29.0,0.008,Light Drizzle
2026-06-22,6:00 AM,63.2,59.5,88,SE,10.0,19.9,28.98,0.004,Light Drizzle
2026-06-22,7:00 AM,64.3,61.2,90,SSE,9.7,20.4,28.97,0.0,Cloudy
2026-06-22,8:00 AM,63.6,62.8,97,SW,8.3,23.7,29.0,0.071,Light Rain
2026-06-22,9:00 AM,67.6,66.6,97,SW,9.9,22.6,29.0,0.024,Drizzle
2026-06-22,10:00 AM,69.2,67.5,94,SSW,11.1,22.8,29.01,0.016,Light Drizzle
2026-06-22,11:00 AM,69.8,67.5,92,SSW,9.3,23.7,29.02,0.012,Light Drizzle
2026-06-22,12:00 PM,72.7,68.5,87,SW,9.6,23.3,29.03,0.012,Light Drizzle
2026-06-22,1:00 PM,77.1,70.0,79,WSW,9.5,27.3,29.01,0.004,Light Drizzle
2026-06-22,2:00 PM,75.6,68.9,80,W,8.4,28.4,29.02,0.004,Light Drizzle
2026-06-22,3:00 PM,72.6,68.0,86,WNW,7.0,25.7,29.03,0.031,Drizzle
2026-06-22,4:00 PM,75.1,69.3,82,NW,4.5,20.6,29.04,0.016,Light Drizzle
2026-06-22,5:00 PM,71.2,69.4,94,NW,6.4,17.4,29.03,0.098,Rain
2026-06-22,6:00 PM,71.6,67.1,86,NNW,7.5,17.9,29.04,0.004,Light Drizzle
2026-06-22,7:00 PM,69.9,65.0,85,N,7.9,15.9,29.05,0.0,Cloudy
2026-06-22,8:00 PM,64.8,63.4,95,N,8.4,17.7,29.07,0.0,Cloudy
2026-06-22,9:00 PM,63.0,61.3,94,N,7.9,16.6,29.09,0.0,Cloudy
2026-06-22,10:00 PM,61.7,60.0,94,N,6.6,15.0,29.12,0.0,Cloudy
2026-06-22,11:00 PM,61.3,59.3,93,N,5.8,12.3,29.13,0.0,Cloudy
2026-06-23,12:00 AM,60.8,58.8,93,N,5.9,11.2,29.14,0.0,Cloudy
2026-06-23,1:00 AM,60.6,58.6,93,N,6.9,13.0,29.13,0.0,Cloudy
2026-06-23,2:00 AM,60.7,58.8,93,N,6.8,14.5,29.14,0.0,Cloudy
2026-06-23,3:00 AM,60.6,58.5,93,N,6.9,13.4,29.14,0.0,Cloudy
2026-06-23,4:00 AM,60.1,57.9,93,N,8.1,16.1,29.13,0.0,Cloudy
2026-06-23,5:00 AM,59.4,57.5,93,N,8.1,16.1,29.14,0.0,Cloudy
2026-06-23,6:00 AM,58.5,57.3,96,N,8.5,17.2,29.15,0.0,Cloudy
2026-06-23,7:00 AM,58.9,57.4,95,N,7.9,17.2,29.17,0.0,Partly Cloudy
2026-06-23,8:00 AM,61.1,57.7,89,N,7.4,18.3,29.2,0.0,Fair
2026-06-23,9:00 AM,63.9,57.1,79,N,7.4,17.2,29.21,0.0,Fair
2026-06-23,10:00 AM,66.8,56.8,70,N,9.5,21.9,29.22,0.0,Fair
2026-06-23,11:00 AM,69.4,56.6,64,N,8.6,22.1,29.21,0.0,Fair
2026-06-23,12:00 PM,71.8,54.0,53,NNW,9.1,21.5,29.21,0.0,Fair
2026-06-23,1:00 PM,73.0,51.3,46,NNW,9.3,22.4,29.21,0.0,Fair
2026-06-23,2:00 PM,74.4,50.1,42,NNW,8.6,22.4,29.22,0.0,Fair
2026-06-23,3:00 PM,74.3,49.6,42,NNW,8.4,21.0,29.21,0.0,Fair
2026-06-23,4:00 PM,74.3,49.1,41,NNW,8.9,20.8,29.21,0.0,Fair
2026-06-23,5:00 PM,73.8,48.4,41,NNW,9.3,21.5,29.21,0.0,Fair
2026-06-23,6:00 PM,72.4,48.7,43,NNW,9.1,21.0,29.22,0.0,Cloudy
2026-06-23,7:00 PM,69.8,51.3,52,NNW,7.8,19.5,29.22,0.0,Fair
2026-06-23,8:00 PM,67.4,52.3,58,NNW,7.6,15.4,29.24,0.0,Fair
2026-06-23,9:00 PM,64.9,51.0,61,N,6.5,13.9,29.25,0.0,Fair
2026-06-23,10:00 PM,62.3,51.4,67,NNW,5.7,12.3,29.26,0.0,Fair
2026-06-23,11:00 PM,60.6,51.8,73,NNW,5.4,10.3,29.27,0.0,Fair
2026-06-24,8:53 AM,61,54,78,CALM,0,0,28.86,0.0,Fair
2026-06-24,9:53 AM,65,55,70,NNW,6,0,28.87,0.0,Fair
2026-06-24,10:53 AM,68,56,65,N,5,0,28.87,0.0,Fair
2026-06-24,11:17 AM,69,55,61,NW,6,0,28.86,0.0,Partly Cloudy
2026-06-24,11:53 AM,71,54,55,N,6,0,28.86,0.0,Fair
2026-06-24,12:53 PM,73,53,49,WNW,6,0,28.84,0.0,Fair
2026-06-24,1:53 PM,75,54,48,N,8,0,28.82,0.0,Mostly Cloudy
2026-06-24,2:53 PM,74,51,45,VAR,3,0,28.81,0.0,Partly Cloudy
2026-06-24,3:53 PM,76,50,40,WNW,8,0,28.80,0.0,Fair
2026-06-24,4:53 PM,75,49,40,W,10,0,28.80,0.0,Fair
2026-06-24,5:53 PM,74,49,41,WNW,5,0,28.79,0.0,Fair
2026-06-24,6:53 PM,75,51,43,SW,6,0,28.78,0.0,Fair
2026-06-24,7:53 PM,73,51,46,WSW,5,0,28.79,0.0,Fair
2026-06-24,8:53 PM,70,52,53,S,3,0,28.78,0.0,Fair
2026-06-24,9:53 PM,67,53,61,SSE,3,0,28.79,0.0,Fair
2026-06-24,10:53 PM,63,54,72,SE,6,0,28.78,0.0,Fair
2026-06-24,11:53 PM,63,53,70,SSE,6,0,28.78,0.0,Fair
2026-06-25,12:53 AM,60,53,78,SE,6,0,28.77,0.0,Fair
2026-06-25,1:53 AM,62,53,72,SE,5,0,28.77,0.0,Fair
2026-06-25,2:53 AM,62,53,72,SSE,7,0,28.77,0.0,Mostly Cloudy
2026-06-25,3:53 AM,63,53,70,SSE,7,0,28.76,0.0,Mostly Cloudy
2026-06-25,4:53 AM,61,53,75,SE,6,0,28.75,0.0,Fair
2026-06-25,5:53 AM,62,53,72,S,5,0,28.76,0.0,Partly Cloudy
2026-06-25,6:53 AM,63,54,72,SSE,5,0,28.75,0.0,Cloudy
2026-06-25,7:53 AM,64,55,72,SSE,5,0,28.76,0.0,Fair
2026-06-25,8:53 AM,66,56,70,SSW,7,0,28.77,0.0,Mostly Cloudy
2026-06-25,9:53 AM,70,59,68,SW,7,0,28.77,0.0,Mostly Cloudy
2026-06-25,10:53 AM,73,60,64,WSW,7,0,28.77,0.0,Mostly Cloudy
2026-06-25,11:53 AM,76,60,58,SW,12,0,28.77,0.0,Fair
2026-06-25,12:53 PM,75,59,57,SSW,13,17,28.75,0.0,Partly Cloudy
2026-06-25,1:53 PM,73,58,59,SW,12,0,28.74,0.0,Mostly Cloudy
2026-06-25,2:53 PM,77,61,58,SSW,13,0,28.73,0.0,Partly Cloudy
2026-06-25,3:53 PM,77,61,58,SSW,13,20,28.73,0.0,Partly Cloudy
2026-06-25,4:53 PM,79,62,56,S,17,21,28.71,0.0,Partly Cloudy
2026-06-25,5:53 PM,71,63,75,CALM,0,0,28.72,0.0,Cloudy
2026-06-25,6:53 PM,68,65,90,SW,6,0,28.72,0.1,Light Rain
2026-06-25,7:53 PM,67,65,93,S,8,0,28.71,0.1,Light Rain
2026-06-25,8:53 PM,66,64,93,SSE,7,0,28.71,0.0,Cloudy
2026-06-25,9:53 PM,66,65,96,ESE,3,0,28.73,0.0,Cloudy
2026-06-25,10:53 PM,65,64,97,VAR,5,0,28.76,0.0,Mostly Cloudy
2026-06-25,11:53 PM,64,63,96,ESE,7,0,28.75,0.0,Mist
2026-06-26,12:29 AM,63,62,97,ESE,6,0,28.76,0.0,Mist
2026-06-26,12:39 AM,63,63,100,SSE,5,0,28.76,0.0,Mist
2026-06-26,12:45 AM,63,62,97,SE,5,0,28.76,0.0,Mist
2026-06-26,12:49 AM,63,63,100,SE,6,0,28.75,0.0,Fog
2026-06-26,12:53 AM,62,62,100,SE,7,0,28.75,0.0,Fog
2026-06-26,12:59 AM,63,62,97,SE,7,0,28.75,0.0,Mist
2026-06-26,1:02 AM,63,62,97,SE,7,0,28.75,0.0,Mist
2026-06-26,1:53 AM,63,63,100,S,6,0,28.75,0.0,Fair
2026-06-26,2:53 AM,65,64,97,SSW,6,0,28.74,0.0,Partly Cloudy
2026-06-26,3:53 AM,65,64,97,S,5,0,28.74,0.0,Fair
2026-06-26,4:53 AM,64,64,100,S,3,0,28.75,0.0,Mist
2026-06-26,5:53 AM,64,64,100,CALM,0,0,28.76,0.0,Mist
2026-06-26,6:53 AM,64,64,100,SSW,6,0,28.79,0.0,Fog
2026-06-26,7:53 AM,66,65,96,SSW,5,0,28.81,0.0,Mist
2026-06-26,8:53 AM,66,65,96,SW,5,0,28.82,0.0,Mist
2026-06-26,9:53 AM,68,66,93,WNW,5,0,28.83,0.0,Mostly Cloudy
2026-06-26,10:53 AM,69,65,87,CALM,0,0,28.83,0.0,Mostly Cloudy
2026-06-26,11:53 AM,71,66,84,SW,6,0,28.85,0.0,Partly Cloudy
2026-06-26,12:53 PM,72,66,81,WSW,5,0,28.84,0.0,Fair
2026-06-26,1:53 PM,74,65,73,W,5,0,28.83,0.0,Fair
2026-06-26,2:53 PM,75,64,69,W,5,0,28.82,0.0,Partly Cloudy
2026-06-26,3:53 PM,73,65,76,SW,3,0,28.82,0.0,Light Rain
2026-06-26,4:53 PM,74,65,73,W,5,0,28.81,0.0,Fair
2026-06-26,5:53 PM,74,65,73,CALM,0,0,28.80,0.0,Mostly Cloudy
2026-06-26,6:53 PM,73,66,79,NNW,3,0,28.81,0.0,Mostly Cloudy
2026-06-26,7:53 PM,71,67,87,CALM,0,0,28.81,0.0,Cloudy
2026-06-26,8:53 PM,71,64,78,NE,3,0,28.81,0.0,Cloudy
2026-06-26,9:53 PM,69,65,87,ENE,7,0,28.80,0.0,Cloudy
2026-06-26,10:53 PM,69,63,81,E,6,0,28.80,0.0,Cloudy
2026-06-26,11:53 PM,68,65,90,CALM,0,0,28.80,0.0,Light Rain
2026-06-27,12:00 AM,66.7,66.2,98,SE,2.1,5.6,29.23,0.0,Cloudy
2026-06-27,1:00 AM,65.9,65.7,99,SE,1.2,3.8,29.22,0.008,Light Drizzle
2026-06-27,2:00 AM,66.7,66.7,100,NNW,2.0,6.9,29.21,0.016,Light Drizzle
2026-06-27,3:00 AM,66.5,66.1,99,NNE,3.5,7.6,29.21,0.059,Light Rain
2026-06-27,4:00 AM,66.1,65.6,98,NE,4.3,12.5,29.2,0.055,Light Rain
2026-06-27,5:00 AM,65.6,65.1,98,E,4.3,14.3,29.18,0.063,Light Rain
2026-06-27,6:00 AM,65.0,64.6,98,ESE,5.1,9.2,29.18,0.02,Drizzle
2026-06-27,7:00 AM,65.5,65.1,99,E,3.6,9.4,29.18,0.004,Light Drizzle
2026-06-27,8:00 AM,65.1,64.7,98,ENE,3.9,7.6,29.21,0.004,Light Drizzle
2026-06-27,9:00 AM,68.0,65.9,93,SE,4.2,10.5,29.2,0.0,Cloudy
2026-06-27,10:00 AM,71.4,67.4,87,SSE,3.1,11.9,29.19,0.008,Light Drizzle
2026-06-27,11:00 AM,73.6,67.4,81,SSW,4.1,11.0,29.17,0.012,Light Drizzle
2026-06-27,12:00 PM,75.5,67.5,76,SSW,4.8,13.6,29.16,0.008,Light Drizzle
2026-06-27,1:00 PM,77.2,68.4,74,SSW,4.0,13.9,29.15,0.004,Light Drizzle
2026-06-27,2:00 PM,74.6,67.6,79,SW,7.2,13.4,29.16,0.02,Drizzle
2026-06-27,3:00 PM,75.1,66.8,75,SW,6.6,16.3,29.15,0.008,Light Drizzle
2026-06-27,4:00 PM,75.6,66.3,73,WSW,4.8,15.4,29.14,0.004,Light Drizzle
2026-06-27,5:00 PM,74.8,67.7,79,W,2.4,11.4,29.13,0.004,Light Drizzle
2026-06-27,6:00 PM,73.6,67.7,82,NNW,2.2,6.3,29.13,0.012,Light Drizzle
2026-06-27,7:00 PM,73.6,68.2,83,NNE,2.7,7.6,29.11,0.004,Light Drizzle
2026-06-27,8:00 PM,72.1,68.7,89,NNE,4.9,7.2,29.13,0.004,Light Drizzle
2026-06-27,9:00 PM,70.7,68.3,92,NE,4.6,9.4,29.14,0.0,Partly Cloudy
2026-06-27,10:00 PM,69.6,68.0,95,ENE,3.7,8.7,29.15,0.0,Fair
2026-06-27,11:00 PM,68.4,67.3,96,ENE,2.9,6.5,29.14,0.0,Fair
2026-06-28,12:25 AM,68,67,96,ESE,3,0,28.71,0.0,Cloudy
2026-06-28,12:34 AM,68,67,96,SE,3,0,28.71,0.0,Cloudy
2026-06-28,12:53 AM,68,68,100,SE,3,0,28.70,0.0,Mist
2026-06-28,1:05 AM,68,68,100,ESE,5,0,28.70,0.0,Mist
2026-06-28,1:53 AM,68,68,100,SSE,3,0,28.70,0.0,Mist
2026-06-28,2:29 AM,68,68,100,S,3,0,28.70,0.0,Cloudy
2026-06-28,2:53 AM,69,68,96,CALM,0,0,28.69,0.0,Cloudy
2026-06-28,3:07 AM,69,68,96,CALM,0,0,28.69,0.0,Cloudy
2026-06-28,3:29 AM,69,68,96,CALM,0,0,28.69,0.0,Cloudy
2026-06-28,3:36 AM,68,68,100,CALM,0,0,28.69,0.0,Cloudy
2026-06-28,3:53 AM,69,68,96,CALM,0,0,28.68,0.0,Cloudy
2026-06-28,4:15 AM,69,68,96,CALM,0,0,28.68,0.0,Cloudy
2026-06-28,4:42 AM,69,68,96,CALM,0,0,28.69,0.0,Cloudy
2026-06-28,4:53 AM,69,68,96,CALM,0,0,28.69,0.0,Cloudy
2026-06-28,4:59 AM,68,68,100,CALM,0,0,28.69,0.0,Mist
2026-06-28,5:12 AM,68,68,100,CALM,0,0,28.69,0.0,Mist
2026-06-28,5:14 AM,68,68,100,CALM,0,0,28.69,0.0,Mist
2026-06-28,5:21 AM,68,68,100,CALM,0,0,28.69,0.0,Fog
2026-06-28,5:32 AM,68,68,100,CALM,0,0,28.69,0.0,Fog
2026-06-28,5:40 AM,68,68,100,CALM,0,0,28.69,0.0,Mist
2026-06-28,5:49 AM,68,68,100,CALM,0,0,28.69,0.0,Mist
2026-06-28,5:53 AM,68,68,100,CALM,0,0,28.69,0.0,Mist
2026-06-28,5:56 AM,68,68,100,CALM,0,0,28.70,0.0,Fog
2026-06-28,6:07 AM,69,68,96,CALM,0,0,28.70,0.0,Fog
2026-06-28,6:26 AM,69,68,96,CALM,0,0,28.70,0.0,Fog
2026-06-28,6:53 AM,68,68,100,NE,6,0,28.70,0.0,Fog
2026-06-28,7:10 AM,69,68,96,ENE,3,0,28.70,0.0,Fog
2026-06-28,7:17 AM,68,68,100,ENE,5,0,28.70,0.0,Fog
2026-06-28,7:34 AM,69,68,96,E,3,0,28.70,0.0,Fog
2026-06-28,7:53 AM,69,69,100,E,7,0,28.70,0.0,Fog
2026-06-28,8:03 AM,69,69,100,E,6,0,28.70,0.0,Mist
2026-06-28,8:16 AM,69,69,100,E,5,0,28.70,0.0,Mist
2026-06-28,8:24 AM,69,69,100,E,5,0,28.70,0.0,Cloudy
2026-06-28,8:36 AM,70,69,97,ESE,5,0,28.70,0.0,Cloudy
2026-06-28,8:53 AM,70,69,97,CALM,0,0,28.70,0.0,Cloudy
2026-06-28,9:23 AM,70,69,97,CALM,0,0,28.71,0.0,Cloudy
2026-06-28,9:53 AM,71,69,93,SE,3,0,28.70,0.0,Cloudy
2026-06-28,10:05 AM,71,70,96,E,3,0,28.70,0.0,Cloudy
2026-06-28,10:20 AM,74,70,87,CALM,0,0,28.70,0.0,Cloudy
2026-06-28,10:28 AM,74,69,85,CALM,0,0,28.70,0.0,Mostly Cloudy
2026-06-28,10:35 AM,75,70,84,VAR,3,0,28.70,0.0,Mostly Cloudy
2026-06-28,10:53 AM,76,70,82,ESE,5,0,28.71,0.0,Cloudy
2026-06-28,11:13 AM,75,70,84,ENE,6,0,28.71,0.0,Cloudy
2026-06-28,11:53 AM,73,71,93,NNE,5,0,28.71,0.1,Light Rain
2026-06-28,12:04 PM,74,71,91,NE,7,0,28.71,0.0,Light Rain
2026-06-28,12:53 PM,73,72,96,SSW,5,0,28.72,0.1,Light Rain
2026-06-28,1:34 PM,72,71,97,W,6,0,28.72,0.0,Light Rain
2026-06-28,1:43 PM,73,70,90,WNW,3,0,28.72,0.0,Light Rain
2026-06-28,1:53 PM,73,71,93,WNW,5,0,28.72,0.0,Light Rain
2026-06-28,2:00 PM,73,71,93,NW,7,0,28.72,0.0,Light Rain with Thunder
2026-06-28,2:15 PM,75,73,94,WNW,3,0,28.71,0.0,Thunder in the Vicinity
2026-06-28,2:27 PM,75,71,87,NW,5,0,28.71,0.0,Cloudy
2026-06-28,2:53 PM,76,71,85,CALM,0,0,28.72,0.0,Cloudy
2026-06-28,3:53 PM,77,72,84,N,5,0,28.72,0.0,Cloudy
2026-06-28,4:53 PM,79,69,72,CALM,0,0,28.70,0.0,Cloudy
2026-06-28,5:53 PM,78,71,79,NNW,3,0,28.71,0.0,Mostly Cloudy
2026-06-28,6:53 PM,77,71,82,CALM,0,0,28.71,0.0,Cloudy
2026-06-28,7:53 PM,77,70,79,NE,3,0,28.72,0.0,Fair
2026-06-28,8:53 PM,75,70,84,ENE,3,0,28.73,0.0,Mostly Cloudy
2026-06-28,9:53 PM,74,70,87,SE,3,0,28.74,0.0,Fair
2026-06-28,10:53 PM,72,70,93,CALM,0,0,28.75,0.0,Fair
2026-06-28,11:51 PM,70,70,100,CALM,0,0,28.76,0.0,Mist
2026-06-28,11:53 PM,70,70,100,CALM,0,0,28.75,0.0,Mist
2026-06-28,11:56 PM,70,70,100,CALM,0,0,28.75,0.0,Mist
2026-06-29,12:53 AM,70,70,100,N,3,0,28.76,0.0,Fair
2026-06-29,1:20 AM,69,68,96,E,7,0,28.76,0.0,Mist
2026-06-29,1:28 AM,69,69,100,E,3,0,28.76,0.0,Mist
2026-06-29,1:33 AM,69,69,100,NE,5,0,28.77,0.0,Mist
2026-06-29,1:53 AM,69,68,96,E,6,0,28.77,0.0,Mist
2026-06-29,1:56 AM,69,69,100,E,7,0,28.76,0.0,Mist
2026-06-29,1:59 AM,69,69,100,ESE,6,0,28.76,0.0,Fog
2026-06-29,2:08 AM,68,68,100,E,5,0,28.76,0.0,Fog
2026-06-29,2:53 AM,68,68,100,CALM,0,0,28.77,0.0,Fog
2026-06-29,3:03 AM,68,68,100,CALM,0,0,28.77,0.0,Fog
2026-06-29,3:53 AM,67,67,100,CALM,0,0,28.77,0.0,Fog
2026-06-29,4:08 AM,67,67,100,CALM,0,0,28.77,0.0,Fog
2026-06-29,4:18 AM,67,67,100,CALM,0,0,28.77,0.0,Fog
2026-06-29,4:25 AM,67,67,100,CALM,0,0,28.77,0.0,Fog
2026-06-29,4:40 AM,66,66,100,SE,3,0,28.77,0.0,Fog
2026-06-29,4:53 AM,66,65,96,ESE,5,0,28.77,0.0,Fog
2026-06-29,5:15 AM,66,66,100,E,5,0,28.78,0.0,Fog
2026-06-29,5:24 AM,65,65,100,CALM,0,0,28.78,0.0,Fog
2026-06-29,5:36 AM,66,66,100,CALM,0,0,28.78,0.0,Fog
2026-06-29,5:48 AM,66,66,100,CALM,0,0,28.78,0.0,Fog
2026-06-29,5:53 AM,66,66,100,CALM,0,0,28.78,0.0,Fog
2026-06-29,6:14 AM,66,66,100,SE,3,0,28.79,0.0,Fog
2026-06-29,6:53 AM,67,66,97,CALM,0,0,28.80,0.0,Fog
2026-06-29,7:16 AM,67,67,100,CALM,0,0,28.81,0.0,Fog
2026-06-29,7:34 AM,68,67,96,CALM,0,0,28.82,0.0,Fog
2026-06-29,7:46 AM,68,68,100,CALM,0,0,28.82,0.0,Fog
2026-06-29,7:53 AM,68,68,100,CALM,0,0,28.82,0.0,Fog
2026-06-29,8:17 AM,69,68,96,CALM,0,0,28.83,0.0,Fog
2026-06-29,8:25 AM,69,69,100,CALM,0,0,28.83,0.0,Fog
2026-06-29,8:48 AM,70,70,100,CALM,0,0,28.84,0.0,Fog
2026-06-29,8:53 AM,70,70,100,ENE,3,0,28.84,0.0,Fog
2026-06-29,9:03 AM,71,70,96,ENE,5,0,28.84,0.0,Mist
2026-06-29,9:30 AM,71,70,96,ESE,5,0,28.85,0.0,Mist
2026-06-29,9:53 AM,71,71,100,ESE,6,0,28.85,0.0,Cloudy
2026-06-29,10:03 AM,71,71,100,ESE,7,0,28.85,0.0,Cloudy
2026-06-29,10:30 AM,73,71,93,ENE,7,0,28.85,0.0,Cloudy
2026-06-29,10:53 AM,76,72,87,ESE,6,0,28.85,0.0,Mostly Cloudy
2026-06-29,11:23 AM,77,72,84,VAR,3,0,28.85,0.0,Partly Cloudy
2026-06-29,11:53 AM,79,72,79,CALM,0,0,28.84,0.0,Fair
2026-06-29,12:53 PM,82,70,67,CALM,0,0,28.84,0.0,Fair
2026-06-29,1:28 PM,84,72,67,VAR,3,0,28.84,0.0,Mostly Cloudy
2026-06-29,1:35 PM,84,72,67,NNE,6,0,28.84,0.0,Partly Cloudy
2026-06-29,1:53 PM,83,70,65,CALM,0,0,28.84,0.0,Fair
2026-06-29,2:53 PM,85,71,63,SSW,3,0,28.84,0.0,Partly Cloudy
2026-06-29,3:53 PM,85,69,59,CALM,0,0,28.84,0.0,Mostly Cloudy
2026-06-29,4:53 PM,85,70,61,E,5,0,28.82,0.0,Partly Cloudy
2026-06-29,5:53 PM,86,70,59,ENE,3,0,28.82,0.0,Fair
2026-06-29,6:53 PM,85,69,59,CALM,0,0,28.82,0.0,Fair
2026-06-29,7:53 PM,82,72,71,SE,5,0,28.81,0.0,Fair
2026-06-29,8:53 PM,79,71,77,SE,5,0,28.81,0.0,Fair
2026-06-29,9:53 PM,77,70,79,SE,5,0,28.82,0.0,Fair
2026-06-29,10:53 PM,75,70,84,SE,6,0,28.83,0.0,Fair
2026-06-29,11:53 PM,76,70,82,SSE,6,0,28.82,0.0,Fair
2026-06-30,12:53 AM,74,70,87,S,6,0,28.82,0.0,Fair
2026-06-30,1:53 AM,74,70,87,SSE,3,0,28.83,0.0,Fair
2026-06-30,2:53 AM,73,70,90,ESE,6,0,28.83,0.0,Mostly Cloudy
2026-06-30,3:53 AM,73,70,90,S,3,0,28.82,0.0,Mostly Cloudy
2026-06-30,4:53 AM,72,70,93,SE,3,0,28.82,0.0,Fair
2026-06-30,5:53 AM,74,69,85,S,6,0,28.83,0.0,Partly Cloudy
2026-06-30,6:53 AM,73,70,90,SE,5,0,28.84,0.0,Cloudy
2026-06-30,7:53 AM,75,70,84,S,5,0,28.84,0.0,Mostly Cloudy
2026-06-30,8:53 AM,79,72,79,SSW,7,0,28.84,0.0,Fair
2026-06-30,9:18 AM,79,72,79,SSW,8,0,28.85,0.0,Cloudy
2026-06-30,9:48 AM,81,73,79,VAR,7,0,28.84,0.0,Mostly Cloudy
2026-06-30,9:53 AM,80,73,79,SSW,5,0,28.84,0.0,Mostly Cloudy
2026-06-30,10:53 AM,83,74,74,SSW,8,0,28.84,0.0,Fair
2026-06-30,11:53 AM,86,75,70,SSW,9,0,28.82,0.0,Mostly Cloudy
2026-06-30,12:53 PM,88,74,63,VAR,6,0,28.81,0.0,Partly Cloudy
2026-06-30,1:53 PM,89,74,61,SW,13,0,28.80,0.0,Fair
2026-06-30,2:53 PM,90,73,57,VAR,7,0,28.79,0.0,Partly Cloudy
2026-06-30,3:53 PM,90,73,57,SW,15,20,28.78,0.0,Fair
2026-06-30,4:53 PM,90,72,55,SW,15,25,28.77,0.0,Fair
2026-06-30,5:53 PM,89,72,57,WSW,12,22,28.76,0.0,Fair
2026-06-30,6:53 PM,88,73,61,SW,10,22,28.75,0.0,Fair
2026-06-30,7:53 PM,86,73,65,SW,8,0,28.75,0.0,Fair
2026-06-30,8:53 PM,83,72,69,SW,7,0,28.75,0.0,Fair
2026-06-30,9:53 PM,82,72,71,SW,6,0,28.77,0.0,Fair
2026-06-30,10:53 PM,80,72,76,SSW,7,0,28.78,0.0,Fair
2026-06-30,11:53 PM,79,72,79,SW,8,0,28.79,0.0,Fair
2026-07-01,12:53 AM,79,73,82,SW,8,0,28.78,0.0,Fair
2026-07-01,1:53 AM,78,73,84,SW,6,0,28.78,0.0,Fair
2026-07-01,2:53 AM,77,73,88,SW,6,0,28.78,0.0,Fair
2026-07-01,3:53 AM,76,73,91,SSW,5,0,28.79,0.0,Fair
2026-07-01,4:53 AM,75,72,90,SSW,5,0,28.79,0.0,Fair
2026-07-01,5:53 AM,74,72,93,S,5,0,28.81,0.0,Fair
2026-07-01,6:53 AM,74,72,93,S,5,0,28.81,0.0,Fair
2026-07-01,7:53 AM,77,74,90,SW,5,0,28.82,0.0,Partly Cloudy
2026-07-01,8:53 AM,79,75,88,SW,7,0,28.83,0.0,Partly Cloudy
2026-07-01,9:03 AM,79,75,88,SW,7,0,28.83,0.0,Mostly Cloudy
2026-07-01,9:24 AM,81,75,82,W,7,0,28.83,0.0,Mostly Cloudy
2026-07-01,9:53 AM,81,76,85,WSW,8,0,28.83,0.0,Mostly Cloudy
2026-07-01,10:29 AM,84,76,76,VAR,6,0,28.82,0.0,Partly Cloudy
2026-07-01,10:53 AM,84,76,76,NW,9,0,28.82,0.0,Partly Cloudy
2026-07-01,11:53 AM,85,76,74,WNW,8,0,28.83,0.0,Mostly Cloudy
2026-07-01,12:53 PM,87,74,65,W,9,0,28.82,0.0,Fair
2026-07-01,1:53 PM,90,75,61,W,12,0,28.82,0.0,Fair
2026-07-01,2:53 PM,91,74,57,WSW,8,0,28.81,0.0,Fair
2026-07-01,3:53 PM,91,72,53,WSW,9,0,28.80,0.0,Fair
2026-07-01,4:53 PM,92,73,54,SW,7,0,28.80,0.0,Fair
2026-07-01,5:53 PM,91,72,53,W,7,0,28.79,0.0,Fair
2026-07-01,6:53 PM,90,72,55,W,10,0,28.79,0.0,Fair
2026-07-01,7:53 PM,88,72,59,WSW,6,0,28.79,0.0,Fair
2026-07-01,8:53 PM,85,72,65,SW,3,0,28.79,0.0,Fair
2026-07-01,9:53 PM,82,74,76,SW,6,0,28.80,0.0,Fair
2026-07-01,10:53 PM,81,74,79,SW,5,0,28.81,0.0,Fair
2026-07-01,11:53 PM,80,73,79,SSW,5,0,28.82,0.0,Fair
2026-07-02,12:00 AM,77.5,72.6,85,SSW,5.9,10.5,29.23,0.0,Fair
2026-07-02,1:00 AM,76.0,72.4,89,SW,5.1,10.5,29.23,0.0,Fair
2026-07-02,2:00 AM,74.8,72.2,92,SW,5.0,8.9,29.24,0.0,Fair
2026-07-02,3:00 AM,74.2,71.4,91,SW,5.3,9.6,29.23,0.0,Fair
2026-07-02,4:00 AM,73.5,70.5,90,WSW,4.1,9.4,29.25,0.0,Fair
2026-07-02,5:00 AM,72.9,69.9,90,WSW,3.4,7.2,29.26,0.0,Fair
2026-07-02,6:00 AM,72.5,69.7,91,WSW,3.6,6.3,29.28,0.0,Fair
2026-07-02,7:00 AM,74.5,71.2,89,WSW,4.7,8.5,29.29,0.0,Fair
2026-07-02,8:00 AM,78.1,73.3,85,W,3.2,8.7,29.3,0.0,Fair
2026-07-02,9:00 AM,82.0,74.3,77,W,3.4,9.4,29.31,0.0,Fair
2026-07-02,10:00 AM,85.0,74.6,71,WNW,2.8,10.1,29.31,0.0,Fair
2026-07-02,11:00 AM,87.3,74.2,65,W,2.5,9.4,29.3,0.0,Fair
2026-07-02,12:00 PM,89.2,73.2,59,SW,3.0,10.7,29.3,0.0,Fair
2026-07-02,1:00 PM,91.5,72.1,53,SW,3.8,11.9,29.29,0.0,Fair
2026-07-02,2:00 PM,92.2,72.1,52,WSW,5.1,14.5,29.29,0.0,Fair
2026-07-02,3:00 PM,93.0,71.5,50,WSW,6.0,15.2,29.28,0.0,Fair
2026-07-02,4:00 PM,93.6,70.4,47,WSW,6.3,15.4,29.26,0.0,Fair
2026-07-02,5:00 PM,94.0,70.0,46,WSW,6.9,15.9,29.25,0.0,Fair
2026-07-02,6:00 PM,93.0,69.9,47,WSW,8.0,17.2,29.24,0.0,Fair
2026-07-02,7:00 PM,90.7,71.5,54,SW,7.8,17.7,29.24,0.0,Fair
2026-07-02,8:00 PM,86.3,74.2,67,SW,6.4,15.7,29.24,0.0,Fair
2026-07-02,9:00 PM,83.3,73.1,72,SW,4.5,11.4,29.24,0.0,Fair
2026-07-02,10:00 PM,81.1,73.3,77,SW,4.0,8.1,29.26,0.0,Fair
2026-07-02,11:00 PM,79.3,73.7,83,SSW,5.3,9.2,29.27,0.0,Fair
2026-04-01,12:00 AM,60.1,58.3,94,NW,10.7,27.7,29.16,0.098,Rain
2026-04-01,1:00 AM,59.0,57.4,94,W,2.4,19.2,29.13,0.055,Light Rain
2026-04-01,2:00 AM,58.7,57.8,97,SSW,5.0,7.4,29.17,0.012,Light Drizzle
2026-04-01,3:00 AM,58.3,57.7,98,SW,5.1,15.9,29.14,0.157,Rain
2026-04-01,4:00 AM,58.3,57.7,98,SW,7.0,16.3,29.16,0.083,Light Rain
2026-04-01,5:00 AM,58.3,57.8,98,SSW,7.4,20.1,29.17,0.059,Light Rain
2026-04-01,6:00 AM,57.9,57.7,99,SSW,6.7,19.9,29.16,0.051,Light Rain
2026-04-01,7:00 AM,58.0,57.7,99,SSW,6.2,17.0,29.19,0.055,Light Rain
2026-04-01,8:00 AM,57.2,56.8,98,SSW,5.2,11.9,29.23,0.008,Light Drizzle
2026-04-01,9:00 AM,58.2,57.8,99,SW,3.4,11.4,29.24,0.039,Drizzle
2026-04-01,10:00 AM,61.1,59.3,94,WNW,3.9,9.4,29.26,0.008,Light Drizzle
2026-04-01,11:00 AM,57.1,55.9,96,N,8.0,17.0,29.27,0.02,Drizzle
2026-04-01,12:00 PM,58.7,53.6,83,NNE,7.0,19.0,29.29,0.004,Light Drizzle
2026-04-01,1:00 PM,60.2,53.8,79,N,6.0,17.7,29.28,0.012,Light Drizzle
2026-04-01,2:00 PM,59.5,51.6,75,NNE,5.9,16.6,29.26,0.0,Cloudy
2026-04-01,3:00 PM,63.3,52.5,68,NNE,6.5,16.6,29.24,0.0,Fair
2026-04-01,4:00 PM,64.5,53.2,67,N,7.3,19.2,29.23,0.0,Cloudy
2026-04-01,5:00 PM,62.9,52.2,68,N,7.0,17.9,29.23,0.004,Light Drizzle
2026-04-01,6:00 PM,59.2,49.4,70,NNE,7.1,20.1,29.23,0.0,Cloudy
2026-04-01,7:00 PM,55.2,47.5,75,N,8.2,17.7,29.26,0.0,Cloudy
2026-04-01,8:00 PM,48.2,46.5,94,N,7.5,17.2,29.28,0.0,Cloudy
2026-04-01,9:00 PM,47.0,46.8,99,N,6.7,23.0,29.31,0.031,Drizzle
2026-04-01,10:00 PM,47.2,46.7,98,NNE,6.9,15.2,29.31,0.012,Light Drizzle
2026-04-01,11:00 PM,47.5,46.4,96,NNE,5.4,13.4,29.31,0.012,Light Drizzle
2026-04-02,12:00 AM,47.9,47.1,97,NNE,3.8,10.3,29.31,0.0,Cloudy
2026-04-02,1:00 AM,48.7,47.8,97,NNE,2.4,7.2,29.32,0.004,Light Drizzle
2026-04-02,2:00 AM,47.9,47.4,98,NNE,3.8,4.5,29.31,0.004,Light Drizzle
2026-04-02,3:00 AM,47.3,47.0,99,N,1.3,7.2,29.31,0.0,Cloudy
2026-04-02,4:00 AM,48.0,47.8,99,NE,3.0,6.5,29.29,0.008,Light Drizzle
2026-04-02,5:00 AM,48.4,48.3,100,NE,1.8,5.4,29.29,0.004,Light Drizzle
2026-04-02,6:00 AM,48.8,48.7,99,E,1.7,2.9,29.29,0.0,Cloudy
2026-04-02,7:00 AM,48.9,48.7,99,ENE,2.9,4.5,29.3,0.0,Cloudy
2026-04-02,8:00 AM,49.2,49.1,100,E,3.4,8.7,29.32,0.0,Cloudy
2026-04-02,9:00 AM,51.7,51.4,99,SE,5.6,10.3,29.31,0.035,Drizzle
2026-04-02,10:00 AM,59.2,55.9,89,SSE,7.8,15.4,29.32,0.004,Light Drizzle
2026-04-02,11:00 AM,65.9,59.0,78,S,6.1,19.2,29.32,0.0,Fair
2026-04-02,12:00 PM,71.7,59.9,66,SSW,8.1,19.7,29.31,0.0,Fair
2026-04-02,1:00 PM,75.3,60.7,61,SSW,8.8,25.7,29.3,0.0,Cloudy
2026-04-02,2:00 PM,77.4,59.3,54,SSW,9.8,30.6,29.27,0.0,Cloudy
2026-04-02,3:00 PM,77.6,59.3,53,SSW,11.5,29.3,29.24,0.0,Cloudy
2026-04-02,4:00 PM,79.5,58.6,49,SSW,11.3,28.9,29.22,0.0,Cloudy
2026-04-02,5:00 PM,78.4,56.9,48,SSW,10.3,27.1,29.21,0.0,Cloudy
2026-04-02,6:00 PM,73.9,58.9,59,SW,8.2,27.5,29.21,0.004,Light Drizzle
2026-04-02,7:00 PM,70.7,59.4,67,SSW,3.7,16.6,29.21,0.0,Cloudy
2026-04-02,8:00 PM,68.2,60.5,77,S,1.8,7.2,29.17,0.0,Cloudy
2026-04-02,9:00 PM,69.3,57.5,66,SSW,6.9,11.4,29.18,0.0,Cloudy
2026-04-02,10:00 PM,67.6,55.2,65,S,6.3,14.5,29.19,0.0,Cloudy
2026-04-02,11:00 PM,65.9,52.0,61,SSE,8.3,15.9,29.19,0.0,Cloudy
2026-04-03,12:00 AM,68.5,51.8,55,S,13.0,25.9,29.21,0.0,Cloudy
2026-04-03,1:00 AM,69.0,53.4,58,S,13.0,27.3,29.21,0.0,Cloudy
2026-04-03,2:00 AM,68.8,55.7,63,SSW,12.4,27.5,29.21,0.0,Cloudy
2026-04-03,3:00 AM,69.5,55.6,61,SSW,13.8,28.4,29.21,0.0,Cloudy
2026-04-03,4:00 AM,68.9,55.6,63,SSW,13.8,28.9,29.22,0.0,Cloudy
2026-04-03,5:00 AM,64.5,56.9,76,SSW,12.7,29.1,29.25,0.0,Cloudy
2026-04-03,6:00 AM,62.6,58.4,86,SSW,12.6,26.2,29.25,0.004,Light Drizzle
2026-04-03,7:00 AM,62.5,58.3,86,SW,13.7,31.5,29.26,0.004,Light Drizzle
2026-04-03,8:00 AM,63.1,60.9,93,SW,14.0,27.5,29.28,0.016,Light Drizzle
2026-04-03,9:00 AM,63.9,60.9,90,SSW,12.0,28.0,29.28,0.008,Light Drizzle
2026-04-03,10:00 AM,66.7,61.2,83,SSW,10.8,27.7,29.3,0.004,Light Drizzle
2026-04-03,11:00 AM,70.6,59.8,69,SW,15.0,29.8,29.29,0.0,Cloudy
2026-04-03,12:00 PM,73.0,59.9,63,SW,16.1,36.0,29.3,0.004,Light Drizzle
2026-04-03,1:00 PM,74.3,60.6,62,SW,15.0,35.6,29.28,0.0,Cloudy
2026-04-03,2:00 PM,75.0,59.2,58,SW,15.0,34.2,29.29,0.008,Light Drizzle
2026-04-03,3:00 PM,75.5,59.3,57,WSW,14.4,32.7,29.28,0.008,Light Drizzle
2026-04-03,4:00 PM,73.1,59.8,63,SW,13.0,31.5,29.28,0.012,Light Drizzle
2026-04-03,5:00 PM,74.8,59.5,59,SW,12.2,28.4,29.27,0.012,Light Drizzle
2026-04-03,6:00 PM,74.7,59.8,60,SW,10.9,28.6,29.27,0.0,Partly Cloudy
2026-04-03,7:00 PM,71.9,61.3,69,SW,7.1,23.3,29.28,0.0,Partly Cloudy
2026-04-03,8:00 PM,70.4,60.2,70,WSW,7.6,14.5,29.27,0.0,Cloudy
2026-04-03,9:00 PM,65.9,60.4,82,NNW,2.6,13.9,29.29,0.0,Cloudy
2026-04-03,10:00 PM,63.9,59.7,86,SE,1.2,4.5,29.29,0.0,Cloudy
2026-04-03,11:00 PM,63.4,59.4,87,S,3.9,12.1,29.3,0.004,Light Drizzle
2026-04-04,12:00 AM,61.6,59.5,93,W,5.1,8.9,29.33,0.008,Light Drizzle
2026-04-04,1:00 AM,61.2,59.9,96,NNW,4.0,12.5,29.33,0.035,Drizzle
2026-04-04,2:00 AM,60.4,59.5,97,W,0.9,15.2,29.31,0.004,Light Drizzle
2026-04-04,3:00 AM,60.2,59.9,99,ESE,2.3,3.8,29.29,0.008,Light Drizzle
2026-04-04,4:00 AM,58.8,58.4,98,W,2.9,5.1,29.31,0.004,Light Drizzle
2026-04-04,5:00 AM,59.2,58.8,99,SSE,5.8,11.4,29.27,0.02,Drizzle
2026-04-04,6:00 AM,58.4,58.0,99,SSE,5.7,10.7,29.26,0.0,Cloudy
2026-04-04,7:00 AM,58.6,58.1,98,SSE,6.3,12.3,29.27,0.0,Cloudy
2026-04-04,8:00 AM,59.1,57.8,96,SE,7.4,13.9,29.27,0.0,Cloudy
2026-04-04,9:00 AM,63.6,61.2,92,SSE,8.2,16.1,29.26,0.0,Cloudy
2026-04-04,10:00 AM,68.5,60.9,77,S,8.4,18.6,29.25,0.0,Cloudy
2026-04-04,11:00 AM,73.4,59.6,62,SSW,9.0,21.0,29.24,0.0,Fair
2026-04-04,12:00 PM,77.0,59.6,55,SSW,10.6,27.1,29.23,0.0,Cloudy
2026-04-04,1:00 PM,79.3,58.9,50,SW,12.9,31.5,29.2,0.0,Cloudy
2026-04-04,2:00 PM,80.2,56.8,45,SSW,12.6,30.9,29.17,0.0,Cloudy
2026-04-04,3:00 PM,81.1,55.9,42,SSW,12.6,29.5,29.15,0.0,Cloudy
2026-04-04,4:00 PM,81.4,54.5,40,SSW,13.4,30.0,29.11,0.0,Cloudy
2026-04-04,5:00 PM,81.0,51.8,36,SSW,13.9,32.2,29.08,0.0,Cloudy
2026-04-04,6:00 PM,79.4,52.7,40,SSW,11.9,29.8,29.06,0.0,Cloudy
2026-04-04,7:00 PM,77.1,52.6,43,SSW,11.7,24.8,29.05,0.0,Cloudy
2026-04-04,8:00 PM,72.0,57.9,61,WSW,4.4,24.4,29.02,0.0,Cloudy
2026-04-04,9:00 PM,69.2,57.2,66,W,9.2,17.0,29.02,0.0,Cloudy
2026-04-04,10:00 PM,65.9,59.5,80,WSW,13.7,29.1,29.06,0.012,Light Drizzle
2026-04-04,11:00 PM,64.1,61.4,91,SSW,9.6,26.6,29.04,0.063,Light Rain
2026-04-05,12:00 AM,63.3,61.3,93,SW,11.2,22.1,29.04,0.008,Light Drizzle
2026-04-05,1:00 AM,62.2,61.4,97,SW,12.0,27.3,29.03,0.024,Drizzle
2026-04-05,2:00 AM,57.9,56.1,94,WNW,12.3,28.0,29.06,0.063,Light Rain
2026-04-05,3:00 AM,53.6,52.4,96,WNW,9.0,25.9,29.06,0.055,Light Rain
2026-04-05,4:00 AM,51.7,50.8,97,W,8.3,18.1,29.06,0.024,Drizzle
2026-04-05,5:00 AM,50.6,49.9,97,W,8.5,17.2,29.08,0.031,Drizzle
2026-04-05,6:00 AM,48.1,47.3,97,W,10.3,20.6,29.09,0.047,Drizzle
2026-04-05,7:00 AM,45.3,41.9,88,W,10.5,23.3,29.11,0.004,Light Drizzle
2026-04-05,8:00 AM,43.8,38.2,81,WNW,10.5,22.6,29.16,0.0,Cloudy
2026-04-05,9:00 AM,43.9,34.0,68,W,11.0,23.9,29.17,0.0,Cloudy
2026-04-05,10:00 AM,45.0,31.0,58,W,13.3,28.2,29.18,0.0,Cloudy
2026-04-05,11:00 AM,46.6,31.6,56,W,14.1,30.9,29.17,0.0,Cloudy
2026-04-05,12:00 PM,47.3,32.1,55,W,14.7,32.4,29.18,0.0,Cloudy
2026-04-05,1:00 PM,47.8,32.4,55,W,15.1,33.1,29.16,0.0,Cloudy
2026-04-05,2:00 PM,45.6,32.8,61,W,15.1,33.1,29.19,0.0,Cloudy
2026-04-05,3:00 PM,46.7,32.7,58,W,15.9,34.4,29.19,0.004,Light Drizzle
2026-04-05,4:00 PM,46.6,34.3,62,W,15.8,34.7,29.19,0.0,Cloudy
2026-04-05,5:00 PM,46.7,32.9,59,W,14.9,33.6,29.19,0.0,Cloudy
2026-04-05,6:00 PM,45.7,31.9,58,W,14.4,32.4,29.21,0.0,Cloudy
2026-04-05,7:00 PM,45.1,30.7,57,W,13.2,30.6,29.23,0.0,Cloudy
2026-04-05,8:00 PM,44.8,31.0,58,WNW,13.1,32.0,29.25,0.0,Cloudy
2026-04-05,9:00 PM,44.0,30.2,58,WNW,12.1,26.6,29.28,0.0,Cloudy
2026-04-05,10:00 PM,43.5,30.3,59,WNW,10.6,26.2,29.31,0.0,Cloudy
2026-04-05,11:00 PM,43.1,30.3,60,WNW,10.6,22.6,29.31,0.0,Cloudy
2026-04-06,12:00 AM,42.4,30.7,63,WNW,9.9,22.8,29.32,0.0,Partly Cloudy
2026-04-06,1:00 AM,41.3,30.0,64,WNW,9.3,21.0,29.34,0.0,Partly Cloudy
2026-04-06,2:00 AM,40.4,28.5,62,WNW,8.5,19.5,29.34,0.0,Fair
2026-04-06,3:00 AM,38.6,28.7,67,W,6.5,17.2,29.33,0.0,Fair
2026-04-06,4:00 AM,36.6,29.5,75,W,5.4,13.0,29.32,0.0,Fair
2026-04-06,5:00 AM,35.5,29.9,80,W,4.7,10.5,29.31,0.0,Fair
2026-04-06,6:00 AM,34.9,30.4,83,WSW,4.8,8.9,29.3,0.0,Fair
2026-04-06,7:00 AM,34.3,30.6,86,SW,5.8,10.7,29.31,0.0,Fair
2026-04-06,8:00 AM,35.8,30.9,82,SW,5.5,12.1,29.31,0.0,Fair
2026-04-06,9:00 AM,40.1,30.7,69,SW,6.5,15.2,29.32,0.0,Cloudy
2026-04-06,10:00 AM,43.4,29.1,57,SW,7.7,18.1,29.31,0.0,Cloudy
2026-04-06,11:00 AM,45.4,29.5,53,SW,9.7,21.5,29.29,0.0,Cloudy
2026-04-06,12:00 PM,48.0,33.1,56,WSW,13.6,29.1,29.28,0.024,Light Snow
2026-04-06,1:00 PM,49.6,32.7,52,W,13.1,30.0,29.26,0.012,Light Drizzle
2026-04-06,2:00 PM,52.1,35.7,53,W,12.2,30.2,29.24,0.012,Light Drizzle
2026-04-06,3:00 PM,50.4,34.0,53,W,13.3,31.1,29.23,0.004,Light Drizzle
2026-04-06,4:00 PM,51.9,33.4,49,W,12.0,30.0,29.21,0.012,Light Drizzle
2026-04-06,5:00 PM,52.6,31.7,45,W,13.3,30.2,29.21,0.004,Light Drizzle
2026-04-06,6:00 PM,52.4,29.0,40,W,13.9,30.0,29.21,0.0,Partly Cloudy
2026-04-06,7:00 PM,48.5,34.3,58,NNW,7.1,32.0,29.22,0.0,Partly Cloudy
2026-04-06,8:00 PM,48.7,33.4,56,WNW,6.9,14.8,29.23,0.0,Fair
2026-04-06,9:00 PM,46.4,32.5,58,WNW,7.9,14.8,29.25,0.0,Fair
2026-04-06,10:00 PM,46.4,29.0,51,WNW,10.7,22.1,29.28,0.0,Fair
2026-04-06,11:00 PM,44.2,27.4,52,WNW,10.8,22.6,29.29,0.0,Fair
2026-04-07,12:00 AM,42.2,27.1,55,WNW,10.2,22.4,29.31,0.0,Fair
2026-04-07,1:00 AM,40.6,26.9,58,WNW,8.9,20.8,29.32,0.0,Fair
2026-04-07,2:00 AM,40.5,26.9,58,WNW,9.7,18.8,29.34,0.0,Fair
2026-04-07,3:00 AM,38.1,28.8,69,NW,10.1,20.4,29.36,0.0,Cloudy
2026-04-07,4:00 AM,37.3,30.1,75,NW,9.1,22.4,29.38,0.0,Cloudy
2026-04-07,5:00 AM,36.3,28.2,72,NW,9.5,20.6,29.41,0.0,Partly Cloudy
2026-04-07,6:00 AM,34.4,24.2,66,NW,10.3,21.3,29.43,0.0,Fair
2026-04-07,7:00 AM,30.5,21.1,68,NW,11.0,23.9,29.47,0.0,Fair
2026-04-07,8:00 AM,30.3,18.1,60,NW,10.2,22.8,29.52,0.0,Fair
2026-04-07,9:00 AM,30.9,15.4,52,NNW,9.8,22.8,29.56,0.0,Fair
2026-04-07,10:00 AM,32.1,14.9,49,NNW,10.1,24.2,29.58,0.0,Fair
2026-04-07,11:00 AM,34.1,17.1,49,N,9.8,24.4,29.6,0.0,Fair
2026-04-07,12:00 PM,36.0,17.7,47,N,9.2,24.2,29.62,0.0,Fair
2026-04-07,1:00 PM,37.3,18.3,46,N,8.3,23.3,29.62,0.0,Fair
2026-04-07,2:00 PM,39.7,16.3,38,NNW,7.1,21.9,29.6,0.0,Fair
2026-04-07,3:00 PM,41.3,17.7,38,NNW,7.1,19.7,29.6,0.0,Fair
2026-04-07,4:00 PM,41.5,18.3,39,N,7.2,19.5,29.59,0.0,Fair
2026-04-07,5:00 PM,41.2,19.1,41,N,7.3,19.2,29.59,0.0,Fair
2026-04-07,6:00 PM,40.2,19.5,43,N,7.1,18.8,29.59,0.0,Fair
2026-04-07,7:00 PM,38.3,19.8,47,NNE,6.7,17.2,29.59,0.0,Fair
2026-04-07,8:00 PM,36.7,21.5,54,NNE,5.2,15.0,29.59,0.0,Fair
2026-04-07,9:00 PM,34.8,22.0,59,NNE,6.3,11.6,29.61,0.0,Fair
2026-04-07,10:00 PM,32.5,21.5,63,NE,6.8,13.0,29.64,0.0,Fair
2026-04-07,11:00 PM,30.7,21.1,67,NE,6.1,13.0,29.64,0.0,Fair
2026-04-08,12:00 AM,29.2,21.2,72,NE,5.9,11.6,29.65,0.0,Fair
2026-04-08,1:00 AM,28.0,20.8,74,NE,6.0,11.6,29.64,0.0,Fair
2026-04-08,2:00 AM,28.0,20.9,74,NE,5.8,11.4,29.64,0.0,Partly Cloudy
2026-04-08,3:00 AM,27.3,20.5,75,ENE,5.8,10.7,29.64,0.0,Fair
2026-04-08,4:00 AM,26.5,19.9,76,ENE,6.1,11.6,29.63,0.0,Fair
2026-04-08,5:00 AM,25.9,19.5,76,ENE,6.2,11.6,29.63,0.0,Fair
2026-04-08,6:00 AM,25.6,19.2,76,ENE,6.4,11.9,29.62,0.0,Fair
2026-04-08,7:00 AM,25.6,18.6,74,ENE,6.9,13.2,29.63,0.0,Fair
2026-04-08,8:00 AM,28.1,19.3,69,ENE,5.4,13.6,29.64,0.0,Fair
2026-04-08,9:00 AM,33.1,20.2,59,E,3.9,11.0,29.65,0.0,Fair
2026-04-08,10:00 AM,39.1,21.6,49,E,5.1,13.9,29.64,0.0,Fair
2026-04-08,11:00 AM,45.1,22.8,41,E,5.7,15.7,29.63,0.0,Fair
2026-04-08,12:00 PM,49.7,23.5,35,ESE,6.3,17.0,29.61,0.0,Fair
2026-04-08,1:00 PM,53.3,24.2,32,SE,6.5,17.7,29.59,0.0,Fair
2026-04-08,2:00 PM,56.0,22.6,27,SE,6.1,17.7,29.55,0.0,Fair
2026-04-08,3:00 PM,58.6,24.1,26,SE,6.0,16.6,29.54,0.0,Fair
2026-04-08,4:00 PM,60.1,24.4,25,SSE,6.1,16.3,29.51,0.0,Fair
2026-04-08,5:00 PM,61.0,23.7,24,SSE,6.2,15.7,29.49,0.0,Fair
2026-04-08,6:00 PM,60.5,24.7,25,S,5.6,15.0,29.48,0.0,Fair
2026-04-08,7:00 PM,56.9,35.3,44,SSE,2.9,12.5,29.47,0.0,Fair
2026-04-08,8:00 PM,51.3,32.2,48,ESE,3.3,6.7,29.46,0.0,Fair
2026-04-08,9:00 PM,49.6,32.6,52,ESE,5.5,9.4,29.46,0.0,Fair
2026-04-08,10:00 PM,47.7,31.0,52,ESE,7.5,13.2,29.47,0.0,Fair
2026-04-08,11:00 PM,46.9,27.7,47,SE,9.2,17.4,29.47,0.0,Fair
2026-04-09,12:00 AM,46.9,28.1,48,SSE,9.1,17.7,29.48,0.0,Fair
2026-04-09,1:00 AM,46.6,30.0,52,S,8.3,17.7,29.48,0.0,Fair
2026-04-09,2:00 AM,46.9,29.8,51,S,8.6,16.1,29.48,0.0,Fair
2026-04-09,3:00 AM,45.6,28.9,52,S,7.8,15.7,29.47,0.0,Fair
2026-04-09,4:00 AM,44.7,28.3,52,S,7.5,15.0,29.48,0.0,Fair
2026-04-09,5:00 AM,43.9,28.1,54,S,7.5,14.5,29.48,0.0,Partly Cloudy
2026-04-09,6:00 AM,43.3,28.0,54,S,7.6,14.8,29.48,0.0,Fair
2026-04-09,7:00 AM,42.9,27.7,55,S,8.0,15.4,29.49,0.0,Fair
2026-04-09,8:00 AM,46.6,28.0,48,S,9.0,16.8,29.5,0.0,Fair
2026-04-09,9:00 AM,51.1,30.7,45,S,8.2,17.9,29.5,0.0,Fair
2026-04-09,10:00 AM,55.8,31.8,40,SSW,9.0,20.6,29.5,0.0,Fair
2026-04-09,11:00 AM,60.5,34.9,38,SSW,10.2,23.5,29.49,0.0,Fair
2026-04-09,12:00 PM,64.8,38.7,38,SSW,10.9,25.1,29.47,0.0,Fair
2026-04-09,1:00 PM,68.1,41.7,38,SSW,10.9,25.5,29.45,0.0,Fair
2026-04-09,2:00 PM,71.9,42.8,35,SW,10.3,25.3,29.43,0.0,Fair
2026-04-09,3:00 PM,73.0,43.1,34,SW,11.0,26.6,29.42,0.0,Fair
2026-04-09,4:00 PM,72.5,42.7,34,SW,10.7,25.9,29.41,0.004,Light Drizzle
2026-04-09,5:00 PM,72.2,42.7,35,SW,9.8,24.6,29.4,0.0,Fair
2026-04-09,6:00 PM,70.7,44.2,38,WSW,7.6,22.6,29.41,0.0,Fair
2026-04-09,7:00 PM,67.6,46.4,47,SW,5.2,16.1,29.41,0.0,Fair
2026-04-09,8:00 PM,64.7,44.7,48,SSW,7.1,10.5,29.39,0.0,Fair
2026-04-09,9:00 PM,61.5,44.8,54,S,6.9,12.5,29.39,0.0,Fair
2026-04-09,10:00 PM,59.7,44.5,57,SSW,5.9,12.5,29.39,0.0,Cloudy
2026-04-09,11:00 PM,57.7,44.6,62,SSW,5.1,10.3,29.38,0.0,Fair
2026-04-10,12:00 AM,56.0,44.2,65,SSW,7.2,12.3,29.38,0.0,Fair
2026-04-10,1:00 AM,55.1,43.0,64,SSW,7.5,13.9,29.37,0.0,Cloudy
2026-04-10,2:00 AM,55.0,43.1,64,S,8.6,16.8,29.38,0.0,Cloudy
2026-04-10,3:00 AM,54.5,41.5,62,SSW,9.1,17.7,29.36,0.0,Fair
2026-04-10,4:00 AM,53.5,40.8,62,SSW,9.1,17.7,29.36,0.0,Fair
2026-04-10,5:00 AM,52.6,39.9,62,SSW,8.7,17.4,29.38,0.0,Fair
2026-04-10,6:00 AM,51.4,39.0,62,SSW,8.4,16.8,29.39,0.0,Fair
2026-04-10,7:00 AM,50.4,38.7,64,SSW,8.0,16.1,29.39,0.0,Fair
2026-04-10,8:00 AM,54.9,39.9,57,SSW,9.0,16.6,29.39,0.0,Fair
2026-04-10,9:00 AM,59.2,42.5,54,SSW,8.5,18.3,29.39,0.0,Fair
2026-04-10,10:00 AM,63.7,44.1,49,SSW,9.3,21.0,29.4,0.0,Cloudy
2026-04-10,11:00 AM,67.6,46.0,46,SW,10.5,23.7,29.39,0.0,Partly Cloudy
2026-04-10,12:00 PM,71.0,46.3,41,SW,12.3,27.5,29.37,0.0,Partly Cloudy
2026-04-10,1:00 PM,73.0,45.4,37,SW,14.9,33.1,29.35,0.0,Partly Cloudy
2026-04-10,2:00 PM,74.4,44.5,34,WSW,14.6,36.5,29.32,0.0,Fair
2026-04-10,3:00 PM,74.1,43.7,34,WSW,16.8,36.7,29.31,0.0,Partly Cloudy
2026-04-10,4:00 PM,72.1,44.8,37,WSW,17.6,38.0,29.29,0.0,Cloudy
2026-04-10,5:00 PM,65.8,53.2,64,NW,11.2,37.6,29.31,0.051,Light Rain
2026-04-10,6:00 PM,61.4,54.4,78,NW,6.4,23.0,29.32,0.004,Light Drizzle
2026-04-10,7:00 PM,58.6,55.3,89,WNW,9.4,19.9,29.33,0.087,Light Rain
2026-04-10,8:00 PM,57.5,55.2,92,WNW,8.0,19.0,29.34,0.02,Drizzle
2026-04-10,9:00 PM,56.9,54.9,93,WNW,9.7,19.0,29.36,0.004,Light Drizzle
2026-04-10,10:00 PM,55.9,54.8,96,NW,6.4,18.8,29.39,0.004,Light Drizzle
2026-04-10,11:00 PM,53.4,52.1,95,NNW,11.9,23.5,29.41,0.004,Light Drizzle
2026-04-11,12:00 AM,50.4,48.6,94,NNW,10.0,23.9,29.43,0.0,Cloudy
2026-04-11,1:00 AM,47.8,44.6,89,N,10.4,22.4,29.44,0.0,Cloudy
2026-04-11,2:00 AM,46.0,42.5,87,N,8.7,22.1,29.45,0.0,Cloudy
2026-04-11,3:00 AM,45.3,40.6,84,NNW,6.8,19.0,29.45,0.0,Cloudy
2026-04-11,4:00 AM,44.7,39.7,82,N,7.1,15.4,29.46,0.0,Cloudy
2026-04-11,5:00 AM,43.3,36.8,78,N,7.4,16.8,29.48,0.0,Partly Cloudy
2026-04-11,6:00 AM,41.1,37.0,85,N,6.6,15.7,29.51,0.0,Cloudy
2026-04-11,7:00 AM,40.6,36.9,86,N,5.9,13.9,29.53,0.0,Cloudy
2026-04-11,8:00 AM,41.5,36.9,83,N,7.1,14.8,29.56,0.0,Partly Cloudy
2026-04-11,9:00 AM,44.2,36.3,74,NNE,8.4,19.0,29.57,0.0,Fair
2026-04-11,10:00 AM,46.3,35.5,66,NNE,7.7,19.9,29.58,0.0,Fair
2026-04-11,11:00 AM,48.7,34.4,58,N,7.0,19.2,29.59,0.0,Cloudy
2026-04-11,12:00 PM,51.0,34.8,54,N,5.9,18.1,29.58,0.0,Partly Cloudy
2026-04-11,1:00 PM,52.8,35.7,52,N,4.6,16.8,29.57,0.0,Fair
2026-04-11,2:00 PM,54.7,36.4,50,NNW,4.2,14.3,29.57,0.0,Fair
2026-04-11,3:00 PM,56.8,36.7,47,NNW,4.4,14.1,29.55,0.0,Fair
2026-04-11,4:00 PM,57.7,36.4,45,NNW,4.3,13.9,29.53,0.0,Fair
2026-04-11,5:00 PM,57.9,36.3,44,NNW,3.8,13.2,29.51,0.0,Fair
2026-04-11,6:00 PM,57.2,36.1,45,N,3.8,11.6,29.51,0.0,Fair
2026-04-11,7:00 PM,55.1,36.9,50,N,3.7,10.5,29.51,0.0,Fair
2026-04-11,8:00 PM,51.3,37.9,60,N,3.8,8.1,29.51,0.0,Cloudy
2026-04-11,9:00 PM,49.6,37.9,64,NNE,5.2,8.7,29.52,0.0,Cloudy
2026-04-11,10:00 PM,47.6,37.1,67,NNE,5.7,9.8,29.52,0.0,Cloudy
2026-04-11,11:00 PM,45.1,35.1,68,NE,6.8,12.5,29.52,0.0,Cloudy
2026-04-12,12:00 AM,43.3,33.4,68,ENE,5.6,12.3,29.51,0.0,Cloudy
2026-04-12,1:00 AM,42.4,32.9,69,ENE,5.3,10.1,29.51,0.0,Cloudy
2026-04-12,2:00 AM,42.6,33.3,69,E,5.8,10.3,29.49,0.0,Cloudy
2026-04-12,3:00 AM,42.9,32.9,68,E,5.5,10.7,29.48,0.0,Cloudy
2026-04-12,4:00 AM,42.9,32.7,67,E,4.6,10.3,29.48,0.0,Cloudy
2026-04-12,5:00 AM,42.8,32.6,67,E,5.1,9.2,29.46,0.0,Cloudy
2026-04-12,6:00 AM,42.6,33.1,69,E,5.3,10.1,29.44,0.0,Cloudy
2026-04-12,7:00 AM,43.3,34.1,70,ESE,5.3,9.6,29.43,0.0,Fair
2026-04-12,8:00 AM,46.7,35.8,66,SE,5.1,9.6,29.44,0.0,Cloudy
2026-04-12,9:00 AM,52.3,38.7,60,SSE,4.7,11.0,29.44,0.0,Cloudy
2026-04-12,10:00 AM,59.0,41.4,52,S,5.6,13.9,29.44,0.0,Cloudy
2026-04-12,11:00 AM,64.9,43.5,46,S,7.5,17.9,29.42,0.0,Cloudy
2026-04-12,12:00 PM,70.0,46.6,43,SSW,8.8,20.6,29.41,0.0,Cloudy
2026-04-12,1:00 PM,73.6,49.6,43,SW,10.9,25.1,29.39,0.0,Cloudy
2026-04-12,2:00 PM,76.0,50.1,40,SW,9.7,28.6,29.35,0.0,Cloudy
2026-04-12,3:00 PM,76.5,50.5,40,SW,10.4,23.5,29.33,0.0,Cloudy
2026-04-12,4:00 PM,77.3,50.6,39,SW,11.2,25.7,29.3,0.0,Cloudy
2026-04-12,5:00 PM,77.1,51.7,41,SW,11.7,27.1,29.28,0.0,Partly Cloudy
2026-04-12,6:00 PM,76.9,51.2,41,SW,9.7,26.4,29.26,0.0,Cloudy
2026-04-12,7:00 PM,74.3,51.5,45,SW,6.0,21.0,29.25,0.0,Cloudy
2026-04-12,8:00 PM,69.9,50.1,49,SSW,6.3,12.1,29.23,0.0,Cloudy
2026-04-12,9:00 PM,68.2,48.7,50,SSW,7.5,13.6,29.22,0.0,Cloudy
2026-04-12,10:00 PM,67.2,47.8,50,SW,6.8,15.2,29.23,0.0,Cloudy
2026-04-12,11:00 PM,64.7,47.9,55,SSW,6.3,13.2,29.21,0.0,Cloudy
2026-04-13,12:00 AM,62.9,47.8,58,SSW,7.4,13.4,29.21,0.0,Cloudy
2026-04-13,1:00 AM,61.2,46.9,59,S,8.3,15.7,29.21,0.0,Cloudy
2026-04-13,2:00 AM,62.9,46.8,56,S,9.3,17.7,29.19,0.0,Cloudy
2026-04-13,3:00 AM,64.4,46.9,53,SSW,9.2,18.3,29.18,0.0,Cloudy
2026-04-13,4:00 AM,66.5,46.3,48,SSW,10.8,22.1,29.18,0.0,Cloudy
2026-04-13,5:00 AM,66.9,46.3,47,SSW,12.1,25.1,29.18,0.0,Cloudy
2026-04-13,6:00 AM,66.0,46.0,48,SW,12.3,25.3,29.18,0.0,Cloudy
2026-04-13,7:00 AM,65.7,47.3,51,SW,13.0,29.5,29.18,0.004,Light Drizzle
2026-04-13,8:00 AM,68.1,51.0,54,WSW,14.8,30.4,29.21,0.0,Cloudy
2026-04-13,9:00 AM,69.7,51.2,52,WSW,15.4,32.2,29.22,0.0,Cloudy
2026-04-13,10:00 AM,70.8,52.7,53,SW,14.1,32.0,29.23,0.0,Cloudy
2026-04-13,11:00 AM,73.9,53.8,50,SW,15.4,33.3,29.23,0.0,Partly Cloudy
2026-04-13,12:00 PM,76.6,55.0,47,WSW,15.9,39.4,29.22,0.0,Fair
2026-04-13,1:00 PM,78.9,55.9,45,WSW,15.8,38.7,29.21,0.0,Fair
2026-04-13,2:00 PM,78.4,56.4,47,WSW,15.2,40.0,29.21,0.012,Light Drizzle
2026-04-13,3:00 PM,79.2,56.4,46,WSW,15.0,34.2,29.2,0.0,Partly Cloudy
2026-04-13,4:00 PM,75.6,57.4,53,WSW,15.9,35.3,29.21,0.004,Light Drizzle
2026-04-13,5:00 PM,76.1,58.6,55,WSW,14.0,34.4,29.2,0.0,Fair
2026-04-13,6:00 PM,75.5,58.1,55,WSW,13.2,32.2,29.19,0.0,Fair
2026-04-13,7:00 PM,73.6,58.7,60,SW,10.9,28.2,29.2,0.0,Fair
2026-04-13,8:00 PM,69.9,57.9,66,SW,12.2,23.7,29.19,0.0,Fair
2026-04-13,9:00 PM,68.6,58.2,69,SW,11.0,24.6,29.21,0.0,Partly Cloudy
2026-04-13,10:00 PM,67.8,58.5,72,SW,11.9,24.4,29.21,0.0,Fair
2026-04-13,11:00 PM,66.7,57.0,71,SW,11.0,23.9,29.23,0.0,Fair
2026-04-14,12:00 AM,64.9,55.3,71,SW,10.1,22.4,29.22,0.0,Cloudy
2026-04-14,1:00 AM,63.9,52.7,67,SW,9.3,20.4,29.21,0.0,Fair
2026-04-14,2:00 AM,65.4,49.6,57,SSW,10.3,18.6,29.19,0.0,Cloudy
2026-04-14,3:00 AM,64.2,47.7,55,SW,8.3,19.9,29.19,0.0,Cloudy
2026-04-14,4:00 AM,63.7,47.0,55,SW,8.5,16.8,29.18,0.0,Cloudy
2026-04-14,5:00 AM,62.9,47.5,57,SW,9.6,19.5,29.18,0.0,Cloudy
2026-04-14,6:00 AM,62.2,48.6,61,SSW,9.6,19.9,29.18,0.0,Cloudy
2026-04-14,7:00 AM,61.7,48.7,62,SSW,9.5,20.4,29.18,0.0,Partly Cloudy
2026-04-14,8:00 AM,64.3,49.6,59,SSW,9.8,20.8,29.18,0.0,Cloudy
2026-04-14,9:00 AM,67.2,50.2,54,SSW,9.1,19.7,29.18,0.0,Cloudy
2026-04-14,10:00 AM,70.0,52.3,53,SW,9.7,22.6,29.19,0.0,Cloudy
2026-04-14,11:00 AM,71.3,54.3,55,SW,10.8,23.5,29.17,0.0,Partly Cloudy
2026-04-14,12:00 PM,75.9,57.4,53,WSW,15.1,34.9,29.17,0.0,Cloudy
2026-04-14,1:00 PM,73.9,57.8,57,WSW,14.9,33.6,29.17,0.004,Light Drizzle
2026-04-14,2:00 PM,68.1,61.0,78,SW,10.6,33.6,29.18,0.004,Light Drizzle
2026-04-14,3:00 PM,67.2,62.0,83,SW,9.6,23.0,29.15,0.024,Drizzle
2026-04-14,4:00 PM,74.9,60.5,61,SW,10.1,25.9,29.12,0.004,Light Drizzle
2026-04-14,5:00 PM,77.4,59.1,53,SW,13.2,32.0,29.11,0.0,Cloudy
2026-04-14,6:00 PM,76.5,59.1,55,SW,12.1,29.3,29.11,0.0,Cloudy
2026-04-14,7:00 PM,74.6,59.6,60,WSW,8.2,25.7,29.11,0.0,Cloudy
2026-04-14,8:00 PM,68.3,63.2,84,SSE,0.6,16.8,29.1,0.0,Cloudy
2026-04-14,9:00 PM,66.6,62.5,87,SE,1.8,3.1,29.11,0.0,Cloudy
2026-04-14,10:00 PM,66.3,62.5,88,WSW,11.3,17.4,29.15,0.008,Light Drizzle
2026-04-14,11:00 PM,63.3,60.4,90,WSW,8.7,25.1,29.14,0.008,Light Drizzle
2026-04-15,12:00 AM,62.2,60.3,93,SSW,8.3,16.6,29.13,0.008,Light Drizzle
2026-04-15,1:00 AM,61.8,60.3,95,SSW,8.0,15.7,29.13,0.0,Cloudy
2026-04-15,2:00 AM,64.6,60.4,86,SW,10.7,15.4,29.08,0.0,Cloudy
2026-04-15,3:00 AM,65.7,59.6,81,SW,10.2,20.4,29.09,0.0,Cloudy
2026-04-15,4:00 AM,64.4,59.3,83,SW,11.2,25.3,29.08,0.024,Drizzle
2026-04-15,5:00 AM,62.9,60.2,91,SSW,11.8,23.3,29.08,0.012,Light Drizzle
2026-04-15,6:00 AM,63.2,60.1,89,SW,9.1,22.8,29.12,0.0,Cloudy
2026-04-15,7:00 AM,64.0,60.0,87,SW,10.3,19.9,29.14,0.0,Cloudy
2026-04-15,8:00 AM,62.6,61.3,96,SW,3.9,21.7,29.17,0.0,Cloudy
2026-04-15,9:00 AM,64.5,63.0,95,ESE,4.2,8.1,29.16,0.02,Drizzle
2026-04-15,10:00 AM,70.2,63.9,80,S,3.8,11.6,29.15,0.0,Cloudy
2026-04-15,11:00 AM,75.2,60.8,61,WSW,12.7,28.2,29.16,0.0,Cloudy
2026-04-15,12:00 PM,74.7,60.5,61,SW,11.5,28.6,29.15,0.0,Cloudy
2026-04-15,1:00 PM,77.8,60.5,55,SW,12.0,27.7,29.13,0.0,Cloudy
2026-04-15,2:00 PM,78.4,60.4,54,SW,10.5,29.3,29.12,0.004,Light Drizzle
2026-04-15,3:00 PM,82.1,60.1,47,SW,13.4,29.8,29.1,0.0,Cloudy
2026-04-15,4:00 PM,82.1,60.5,48,SW,12.5,32.4,29.08,0.012,Light Drizzle
2026-04-15,5:00 PM,81.3,59.2,47,SW,11.5,32.7,29.07,0.0,Cloudy
2026-04-15,6:00 PM,70.2,64.2,81,SW,12.3,29.5,29.13,0.185,Rain
2026-04-15,7:00 PM,68.0,65.3,91,WSW,5.7,24.6,29.1,0.028,Drizzle
2026-04-15,8:00 PM,78.4,57.7,49,SW,11.3,9.8,29.06,0.0,Cloudy
2026-04-15,9:00 PM,71.8,59.5,65,WNW,9.0,23.9,29.11,0.0,Cloudy
2026-04-15,10:00 PM,68.6,61.3,77,WSW,4.6,17.7,29.11,0.004,Light Drizzle
2026-04-15,11:00 PM,68.9,60.4,74,WSW,5.9,10.7,29.1,0.0,Cloudy
2026-04-16,12:00 AM,68.2,60.0,75,SW,5.0,10.7,29.09,0.0,Cloudy
2026-04-16,1:00 AM,67.9,59.1,73,WSW,6.0,10.3,29.09,0.0,Cloudy
2026-04-16,2:00 AM,69.3,58.7,69,WSW,7.6,11.9,29.07,0.0,Cloudy
2026-04-16,3:00 AM,69.0,57.8,68,SW,7.7,13.9,29.07,0.0,Cloudy
2026-04-16,4:00 AM,67.4,57.9,72,SW,7.0,14.3,29.07,0.0,Fair
2026-04-16,5:00 AM,65.2,57.8,77,SSW,6.4,13.0,29.08,0.0,Cloudy
2026-04-16,6:00 AM,64.2,57.3,78,SSW,7.6,14.3,29.09,0.0,Cloudy
2026-04-16,7:00 AM,63.6,56.8,78,SSW,7.5,14.8,29.08,0.0,Cloudy
2026-04-16,8:00 AM,66.6,56.8,71,SSW,8.7,15.7,29.09,0.0,Cloudy
2026-04-16,9:00 AM,70.0,56.7,63,SSW,8.8,18.8,29.1,0.0,Cloudy
2026-04-16,10:00 AM,73.4,55.0,53,SW,10.7,23.7,29.09,0.0,Cloudy
2026-04-16,11:00 AM,76.3,54.4,47,SW,11.4,25.9,29.09,0.0,Cloudy
2026-04-16,12:00 PM,79.0,51.7,39,SW,13.7,30.4,29.07,0.0,Fair
2026-04-16,1:00 PM,79.9,52.1,38,WSW,15.5,34.4,29.05,0.0,Cloudy
2026-04-16,2:00 PM,80.6,52.1,37,SW,15.8,34.4,29.03,0.0,Fair
2026-04-16,3:00 PM,81.3,51.9,36,SSW,14.3,35.6,28.99,0.0,Cloudy
2026-04-16,4:00 PM,81.0,50.4,35,SW,17.7,39.4,28.97,0.0,Cloudy
2026-04-16,5:00 PM,72.3,57.4,59,W,15.0,39.4,29.01,0.004,Light Drizzle
2026-04-16,6:00 PM,65.6,62.2,89,WNW,8.5,32.4,29.03,0.24,Rain
2026-04-16,7:00 PM,66.7,62.0,85,W,4.4,16.8,29.03,0.0,Partly Cloudy
2026-04-16,8:00 PM,66.4,63.1,89,SSW,5.2,11.0,29.03,0.0,Fair
2026-04-16,9:00 PM,64.1,62.2,93,SW,5.6,10.1,29.04,0.004,Light Drizzle
2026-04-16,10:00 PM,63.1,61.4,94,SW,6.1,11.2,29.04,0.0,Fair
2026-04-16,11:00 PM,60.6,58.5,93,NW,8.5,15.9,29.08,0.008,Light Drizzle
2026-04-17,12:00 AM,59.5,57.4,93,W,2.7,16.8,29.08,0.0,Fair
2026-04-17,1:00 AM,59.0,55.8,89,W,6.1,10.5,29.08,0.0,Fair
2026-04-17,2:00 AM,59.6,53.9,81,W,7.8,13.9,29.07,0.0,Fair
2026-04-17,3:00 AM,58.3,54.7,88,WNW,7.2,14.5,29.08,0.0,Fair
2026-04-17,4:00 AM,56.8,54.6,92,WNW,6.4,13.4,29.09,0.0,Fair
2026-04-17,5:00 AM,55.6,54.1,95,WNW,5.5,11.6,29.1,0.0,Fair
2026-04-17,6:00 AM,54.9,53.5,95,WNW,5.2,10.1,29.11,0.0,Fair
2026-04-17,7:00 AM,54.2,53.1,96,NW,5.2,9.4,29.13,0.0,Fair
2026-04-17,8:00 AM,55.9,54.2,94,NNW,7.2,10.1,29.16,0.0,Cloudy
2026-04-17,9:00 AM,57.3,55.0,92,NNW,6.1,15.7,29.18,0.0,Cloudy
2026-04-17,10:00 AM,59.7,55.0,84,NNW,4.4,14.1,29.19,0.0,Cloudy
2026-04-17,11:00 AM,63.4,54.9,74,N,3.4,11.6,29.21,0.0,Cloudy
2026-04-17,12:00 PM,66.8,54.2,64,NNW,3.7,11.6,29.21,0.0,Cloudy
2026-04-17,1:00 PM,69.9,53.3,56,NNW,3.3,11.6,29.2,0.0,Partly Cloudy
2026-04-17,2:00 PM,70.7,53.2,54,NW,3.1,11.6,29.19,0.0,Cloudy
2026-04-17,3:00 PM,72.8,52.8,50,NW,3.4,10.7,29.19,0.0,Fair
2026-04-17,4:00 PM,74.2,52.5,47,NW,3.6,10.7,29.17,0.0,Fair
2026-04-17,5:00 PM,74.2,51.3,45,NNW,3.8,11.2,29.15,0.0,Partly Cloudy
2026-04-17,6:00 PM,73.9,51.0,45,NNW,3.2,10.5,29.13,0.0,Cloudy
2026-04-17,7:00 PM,71.3,54.2,55,NNE,2.8,8.5,29.12,0.0,Cloudy
2026-04-17,8:00 PM,66.4,51.8,59,E,6.0,7.2,29.09,0.0,Fair
2026-04-17,9:00 PM,63.6,51.2,64,ESE,3.6,10.1,29.09,0.0,Fair
2026-04-17,10:00 PM,63.0,50.4,63,SE,6.1,10.1,29.1,0.0,Cloudy
2026-04-17,11:00 PM,62.2,51.4,68,ESE,6.1,11.0,29.1,0.0,Cloudy
2026-04-18,12:00 AM,61.4,51.6,70,SE,6.0,11.2,29.11,0.0,Cloudy
2026-04-18,1:00 AM,61.1,52.1,72,SE,6.3,11.0,29.1,0.0,Cloudy
2026-04-18,2:00 AM,60.6,52.6,75,SSE,6.6,11.9,29.09,0.0,Cloudy
2026-04-18,3:00 AM,60.2,52.1,75,SSE,6.7,12.5,29.06,0.0,Fair
2026-04-18,4:00 AM,59.1,51.1,75,S,7.4,13.4,29.04,0.0,Partly Cloudy
2026-04-18,5:00 AM,58.7,50.5,74,S,7.7,14.5,29.03,0.0,Partly Cloudy
2026-04-18,6:00 AM,58.1,50.2,75,S,7.6,15.0,29.03,0.0,Partly Cloudy
2026-04-18,7:00 AM,57.6,49.9,76,S,7.8,14.8,29.04,0.0,Cloudy
2026-04-18,8:00 AM,63.1,49.2,61,S,9.8,17.4,29.03,0.0,Cloudy
2026-04-18,9:00 AM,67.3,50.9,56,S,8.2,18.8,29.03,0.0,Cloudy
2026-04-18,10:00 AM,71.2,51.3,49,S,10.6,22.6,29.01,0.0,Cloudy
2026-04-18,11:00 AM,72.8,51.4,47,S,11.8,25.5,29.0,0.0,Cloudy
2026-04-18,12:00 PM,78.1,53.8,43,S,13.0,28.9,28.97,0.0,Cloudy
2026-04-18,1:00 PM,81.4,54.4,39,SSW,16.5,37.6,28.96,0.0,Partly Cloudy
2026-04-18,2:00 PM,80.6,55.3,42,SSW,15.9,40.3,28.93,0.0,Cloudy
2026-04-18,3:00 PM,83.0,51.4,34,SSW,21.5,47.2,28.9,0.0,Cloudy
2026-04-18,4:00 PM,70.3,60.1,70,WSW,14.6,45.2,28.93,0.024,Drizzle
2026-04-18,5:00 PM,65.7,64.2,95,SW,10.5,29.5,28.94,0.114,Rain
2026-04-18,6:00 PM,64.9,62.6,92,WSW,12.5,34.0,28.95,0.142,Rain
2026-04-18,7:00 PM,64.5,60.3,86,WSW,12.0,25.9,28.98,0.004,Light Drizzle
2026-04-18,8:00 PM,60.4,58.6,94,W,10.1,23.7,29.02,0.004,Light Drizzle
2026-04-18,9:00 PM,58.2,56.1,93,WNW,11.2,23.3,29.04,0.0,Cloudy
2026-04-18,10:00 PM,56.6,54.5,93,NW,9.9,22.4,29.07,0.004,Light Drizzle
2026-04-18,11:00 PM,52.5,47.8,84,NW,11.3,23.5,29.09,0.0,Cloudy
2026-04-19,12:00 AM,50.6,44.2,79,WNW,10.7,23.5,29.11,0.0,Cloudy
2026-04-19,1:00 AM,49.1,43.8,82,WNW,10.0,25.1,29.14,0.012,Light Drizzle
2026-04-19,2:00 AM,46.9,41.7,82,WNW,9.1,20.6,29.13,0.0,Cloudy
2026-04-19,3:00 AM,46.3,40.8,81,WNW,7.9,19.5,29.13,0.012,Light Drizzle
2026-04-19,4:00 AM,46.3,41.1,82,WNW,6.8,16.1,29.15,0.004,Light Drizzle
2026-04-19,5:00 AM,45.3,39.6,80,WNW,8.7,17.7,29.17,0.012,Light Drizzle
2026-04-19,6:00 AM,44.2,36.2,73,WNW,8.5,17.4,29.19,0.004,Light Drizzle
2026-04-19,7:00 AM,43.2,34.1,70,WNW,9.1,18.6,29.2,0.008,Light Drizzle
2026-04-19,8:00 AM,42.6,35.2,75,W,9.3,20.6,29.22,0.0,Cloudy
2026-04-19,9:00 AM,43.4,30.1,59,WNW,12.1,26.8,29.23,0.0,Cloudy
2026-04-19,10:00 AM,45.1,28.9,53,WNW,12.8,28.6,29.25,0.0,Fair
2026-04-19,11:00 AM,47.5,24.7,41,WNW,13.0,30.0,29.25,0.0,Fair
2026-04-19,12:00 PM,49.9,21.6,32,WNW,15.8,34.7,29.24,0.0,Partly Cloudy
2026-04-19,1:00 PM,49.0,22.5,35,WNW,15.6,37.4,29.24,0.0,Fair
2026-04-19,2:00 PM,48.2,21.5,35,WNW,16.0,37.1,29.25,0.004,Light Drizzle
2026-04-19,3:00 PM,49.6,18.1,28,WNW,15.0,35.8,29.25,0.004,Light Drizzle
2026-04-19,4:00 PM,51.0,20.7,30,WNW,14.4,34.9,29.24,0.0,Partly Cloudy
2026-04-19,5:00 PM,52.7,12.9,20,W,15.2,33.6,29.21,0.0,Cloudy
2026-04-19,6:00 PM,50.6,18.8,28,W,12.0,34.4,29.21,0.0,Cloudy
2026-04-19,7:00 PM,50.4,21.7,32,W,12.8,32.7,29.21,0.004,Light Drizzle
2026-04-19,8:00 PM,44.6,33.5,65,N,3.4,29.1,29.24,0.035,Light Snow
2026-04-19,9:00 PM,43.2,34.2,70,W,2.5,7.2,29.26,0.0,Fair
2026-04-19,10:00 PM,42.4,32.5,68,NW,8.0,14.8,29.28,0.0,Fair
2026-04-19,11:00 PM,41.3,31.1,67,WNW,7.2,16.6,29.28,0.0,Fair
2026-04-20,12:00 AM,40.6,31.5,70,WNW,5.9,14.1,29.28,0.0,Cloudy
2026-04-20,1:00 AM,39.9,32.1,73,NW,5.4,11.2,29.29,0.0,Fair
2026-04-20,2:00 AM,37.9,34.5,88,NW,5.8,11.6,29.31,0.0,Fair
2026-04-20,3:00 AM,36.7,34.0,90,NW,6.8,13.2,29.32,0.0,Fair
2026-04-20,4:00 AM,35.7,33.3,91,NNW,7.7,15.7,29.34,0.0,Fair
2026-04-20,5:00 AM,34.8,31.9,89,N,7.4,15.4,29.36,0.0,Fair
2026-04-20,6:00 AM,33.5,31.6,93,N,7.1,15.0,29.39,0.0,Fair
2026-04-20,7:00 AM,32.7,30.9,93,NNW,6.9,14.3,29.42,0.0,Fair
2026-04-20,8:00 AM,35.2,30.5,83,NNW,7.5,16.1,29.44,0.0,Fair
2026-04-20,9:00 AM,37.5,23.7,57,NNW,7.7,18.8,29.47,0.0,Fair
2026-04-20,10:00 AM,39.7,19.9,45,NNW,9.0,21.3,29.48,0.0,Fair
2026-04-20,11:00 AM,41.5,18.1,39,NW,10.7,25.3,29.49,0.0,Partly Cloudy
2026-04-20,12:00 PM,42.7,19.9,40,NW,10.9,25.9,29.49,0.0,Cloudy
2026-04-20,1:00 PM,42.8,20.2,40,NW,10.8,26.2,29.49,0.0,Cloudy
2026-04-20,2:00 PM,43.6,19.8,38,NW,9.8,25.5,29.49,0.0,Cloudy
2026-04-20,3:00 PM,44.4,19.5,37,NW,9.4,23.5,29.49,0.0,Cloudy
2026-04-20,4:00 PM,44.9,19.6,36,NW,9.5,22.4,29.47,0.0,Cloudy
2026-04-20,5:00 PM,45.2,19.5,35,NW,9.0,22.4,29.47,0.0,Partly Cloudy
2026-04-20,6:00 PM,45.4,19.0,34,NW,8.1,21.0,29.47,0.0,Fair
2026-04-20,7:00 PM,43.8,18.7,36,NW,7.2,18.8,29.47,0.0,Fair
2026-04-20,8:00 PM,42.1,20.3,41,NNW,6.8,16.1,29.47,0.0,Fair
2026-04-20,9:00 PM,39.2,21.7,49,NNW,6.3,13.0,29.49,0.0,Fair
2026-04-20,10:00 PM,37.4,23.3,56,NNE,5.5,12.1,29.48,0.0,Partly Cloudy
2026-04-20,11:00 PM,36.1,23.9,61,NNE,4.5,10.1,29.48,0.0,Fair
2026-04-21,12:00 AM,34.9,23.9,64,ENE,4.7,8.1,29.48,0.0,Fair
2026-04-21,1:00 AM,33.4,23.6,67,E,4.9,9.2,29.47,0.0,Fair
2026-04-21,2:00 AM,32.5,23.6,70,ESE,4.9,8.7,29.47,0.0,Fair
2026-04-21,3:00 AM,32.1,23.8,71,ESE,4.9,9.2,29.47,0.0,Fair
2026-04-21,4:00 AM,31.8,24.2,73,SE,4.3,8.7,29.47,0.0,Fair
2026-04-21,5:00 AM,31.6,24.5,75,SE,3.7,7.6,29.48,0.0,Fair
2026-04-21,6:00 AM,31.6,24.9,76,SSE,4.2,7.4,29.47,0.0,Fair
2026-04-21,7:00 AM,32.0,25.4,76,SSE,5.1,8.9,29.48,0.0,Fair
2026-04-21,8:00 AM,36.1,26.0,66,SSE,4.9,10.3,29.49,0.0,Fair
2026-04-21,9:00 AM,41.7,27.0,56,S,5.1,13.2,29.49,0.0,Fair
2026-04-21,10:00 AM,48.3,26.6,43,S,7.5,17.9,29.45,0.0,Fair
2026-04-21,11:00 AM,53.2,25.3,34,SSW,9.5,22.6,29.42,0.0,Fair
2026-04-21,12:00 PM,56.8,26.2,31,SSW,10.5,25.1,29.39,0.0,Fair
2026-04-21,1:00 PM,60.2,27.8,29,SSW,10.2,25.1,29.35,0.0,Cloudy
2026-04-21,2:00 PM,62.9,28.5,27,SSW,9.5,24.6,29.3,0.0,Fair
2026-04-21,3:00 PM,66.2,31.6,27,SSW,11.1,25.9,29.26,0.0,Fair
2026-04-21,4:00 PM,68.4,34.3,28,SSW,10.2,25.9,29.22,0.0,Partly Cloudy
2026-04-21,5:00 PM,68.8,35.2,29,SSW,10.9,23.9,29.19,0.0,Cloudy
2026-04-21,6:00 PM,69.2,36.1,30,SSW,11.1,25.5,29.17,0.0,Cloudy
2026-04-21,7:00 PM,68.0,38.5,34,SSW,8.3,23.3,29.14,0.0,Cloudy
2026-04-21,8:00 PM,63.5,39.7,42,SSW,7.2,17.0,29.15,0.0,Cloudy
2026-04-21,9:00 PM,60.8,40.3,47,SSW,6.4,13.0,29.15,0.0,Cloudy
2026-04-21,10:00 PM,59.2,40.7,50,SSW,7.0,13.2,29.16,0.0,Cloudy
2026-04-21,11:00 PM,59.6,40.3,49,SW,9.0,16.8,29.16,0.0,Cloudy
2026-04-22,12:00 AM,63.2,37.2,38,SW,10.7,21.9,29.15,0.0,Cloudy
2026-04-22,1:00 AM,63.4,37.6,38,WSW,11.0,23.0,29.15,0.0,Cloudy
2026-04-22,2:00 AM,64.3,39.5,40,WSW,10.2,22.4,29.13,0.0,Partly Cloudy
2026-04-22,3:00 AM,62.4,39.5,43,WSW,9.9,20.8,29.12,0.0,Cloudy
2026-04-22,4:00 AM,60.0,39.5,47,W,7.7,20.4,29.12,0.0,Cloudy
2026-04-22,5:00 AM,55.9,44.4,65,W,5.4,16.8,29.14,0.067,Light Rain
2026-04-22,6:00 AM,54.7,48.0,78,SW,7.3,17.7,29.14,0.173,Rain
2026-04-22,7:00 AM,54.2,49.2,83,SW,9.6,17.4,29.16,0.0,Cloudy
2026-04-22,8:00 AM,54.4,50.9,88,SW,9.2,19.2,29.16,0.0,Fair
2026-04-22,9:00 AM,59.2,52.1,77,SW,8.7,19.9,29.16,0.0,Fair
2026-04-22,10:00 AM,63.8,50.7,62,WSW,9.9,22.4,29.16,0.0,Fair
2026-04-22,11:00 AM,67.6,49.2,52,W,9.5,22.6,29.16,0.0,Fair
2026-04-22,12:00 PM,70.5,49.5,47,W,8.5,22.1,29.16,0.0,Fair
2026-04-22,1:00 PM,73.2,46.2,38,WNW,8.7,21.0,29.16,0.0,Fair
2026-04-22,2:00 PM,74.9,44.1,33,NW,7.0,21.3,29.15,0.0,Fair
2026-04-22,3:00 PM,74.9,43.6,33,NW,7.7,18.6,29.14,0.0,Fair
2026-04-22,4:00 PM,74.6,44.9,35,NW,7.1,19.2,29.13,0.0,Fair
2026-04-22,5:00 PM,74.6,46.0,36,WNW,6.5,17.2,29.11,0.0,Fair
2026-04-22,6:00 PM,73.9,46.6,38,WNW,5.3,15.9,29.11,0.0,Fair
2026-04-22,7:00 PM,71.6,51.0,48,WNW,2.9,12.1,29.11,0.0,Fair
2026-04-22,8:00 PM,68.7,45.9,44,W,8.1,20.8,29.11,0.0,Fair
2026-04-22,9:00 PM,66.9,46.7,48,W,10.8,20.8,29.13,0.0,Fair
2026-04-22,10:00 PM,62.5,52.4,70,W,12.2,30.6,29.16,0.0,Fair
2026-04-22,11:00 PM,61.1,53.1,75,W,9.7,24.2,29.16,0.0,Fair
2026-04-23,12:00 AM,59.6,54.0,81,WSW,6.7,19.0,29.16,0.0,Fair
2026-04-23,1:00 AM,57.9,54.5,88,WSW,5.0,12.5,29.16,0.0,Fair
2026-04-23,2:00 AM,57.1,55.5,94,W,4.9,8.9,29.16,0.0,Fair
2026-04-23,3:00 AM,56.3,55.2,96,W,5.5,9.6,29.15,0.0,Fair
2026-04-23,4:00 AM,55.6,54.6,96,W,5.1,9.8,29.16,0.0,Fair
2026-04-23,5:00 AM,54.3,53.5,97,W,3.6,8.9,29.16,0.0,Fair
2026-04-23,6:00 AM,52.2,51.8,99,WSW,2.8,6.5,29.17,0.0,Fair
2026-04-23,7:00 AM,52.6,52.3,99,SW,2.9,5.4,29.18,0.0,Fair
2026-04-23,8:00 AM,55.3,54.3,96,SW,2.7,8.3,29.19,0.0,Cloudy
2026-04-23,9:00 AM,60.0,57.1,90,SW,1.9,7.6,29.21,0.028,Drizzle
2026-04-23,10:00 AM,63.8,58.2,82,WSW,2.2,8.9,29.2,0.008,Light Drizzle
2026-04-23,11:00 AM,66.7,58.3,74,SW,2.6,9.8,29.2,0.004,Light Drizzle
2026-04-23,12:00 PM,71.1,57.9,63,WSW,3.7,14.3,29.18,0.0,Fair
2026-04-23,1:00 PM,74.7,58.1,56,W,4.6,15.7,29.16,0.0,Fair
2026-04-23,2:00 PM,76.2,56.5,51,W,5.4,17.0,29.13,0.0,Fair
2026-04-23,3:00 PM,77.2,55.6,47,W,5.8,15.9,29.11,0.0,Fair
2026-04-23,4:00 PM,77.6,54.5,45,W,7.1,17.0,29.09,0.0,Fair
2026-04-23,5:00 PM,75.2,52.7,45,W,8.1,19.5,29.08,0.0,Fair
2026-04-23,6:00 PM,75.4,52.3,44,W,6.6,18.1,29.07,0.0,Fair
2026-04-23,7:00 PM,73.0,53.4,50,WNW,4.9,15.0,29.07,0.0,Fair
2026-04-23,8:00 PM,68.8,55.8,63,WNW,3.3,10.3,29.05,0.0,Fair
2026-04-23,9:00 PM,67.5,54.5,63,WSW,3.6,5.6,29.06,0.0,Fair
2026-04-23,10:00 PM,65.8,54.0,66,SW,6.2,11.0,29.06,0.004,Light Drizzle
2026-04-23,11:00 PM,63.2,54.5,73,WSW,3.4,10.7,29.05,0.0,Fair
2026-04-24,12:00 AM,60.7,54.0,78,SW,2.2,5.6,29.03,0.0,Fair
2026-04-24,1:00 AM,59.2,54.0,83,SW,2.9,4.9,29.03,0.0,Fair
2026-04-24,2:00 AM,58.3,53.9,85,SSW,2.1,5.4,29.03,0.0,Fair
2026-04-24,3:00 AM,58.3,54.4,87,SW,3.2,8.3,29.03,0.0,Partly Cloudy
2026-04-24,4:00 AM,57.8,54.2,88,ENE,5.1,8.9,29.04,0.0,Fair
2026-04-24,5:00 AM,56.8,54.1,91,S,5.2,9.4,29.02,0.0,Fair
2026-04-24,6:00 AM,55.8,53.2,91,SSW,5.1,9.6,29.01,0.0,Fair
2026-04-24,7:00 AM,55.9,52.0,87,SW,6.0,10.3,29.02,0.0,Fair
2026-04-24,8:00 AM,61.2,50.8,69,WSW,5.8,10.5,29.02,0.0,Cloudy
2026-04-24,9:00 AM,66.6,51.8,59,WSW,3.9,10.5,29.03,0.0,Cloudy
2026-04-24,10:00 AM,72.4,51.9,48,WSW,4.3,11.6,29.02,0.0,Cloudy
2026-04-24,11:00 AM,76.4,48.5,37,W,7.7,18.8,29.0,0.0,Fair
2026-04-24,12:00 PM,76.5,48.8,38,W,8.7,20.6,29.0,0.0,Fair
2026-04-24,1:00 PM,78.4,50.1,37,W,8.5,21.5,28.99,0.0,Fair
2026-04-24,2:00 PM,79.0,47.9,34,WSW,8.6,21.0,28.97,0.0,Cloudy
2026-04-24,3:00 PM,79.5,47.5,32,W,8.7,21.0,28.95,0.0,Cloudy
2026-04-24,4:00 PM,80.0,47.3,32,WSW,8.3,20.8,28.93,0.0,Cloudy
2026-04-24,5:00 PM,80.1,47.1,31,WSW,7.9,19.9,28.92,0.0,Cloudy
2026-04-24,6:00 PM,79.3,48.0,33,WSW,5.6,18.3,28.91,0.0,Fair
2026-04-24,7:00 PM,76.7,48.7,37,WSW,5.2,13.2,28.92,0.0,Partly Cloudy
2026-04-24,8:00 PM,73.8,48.1,40,SSW,7.1,11.4,28.91,0.0,Fair
2026-04-24,9:00 PM,69.4,52.2,54,SW,3.2,12.8,28.91,0.0,Fair
2026-04-24,10:00 PM,67.4,51.4,56,E,1.3,5.1,28.93,0.0,Partly Cloudy
2026-04-24,11:00 PM,64.4,52.5,65,E,3.0,4.9,28.92,0.0,Cloudy
2026-04-25,12:00 AM,63.6,53.3,69,SE,1.3,4.5,28.91,0.0,Cloudy
2026-04-25,1:00 AM,62.2,52.2,70,WNW,1.2,2.5,28.91,0.0,Cloudy
2026-04-25,2:00 AM,62.8,54.8,75,NNW,6.8,10.3,28.9,0.0,Cloudy
2026-04-25,3:00 AM,61.2,55.1,81,NNW,4.9,12.3,28.91,0.0,Cloudy
2026-04-25,4:00 AM,60.2,55.9,86,NNW,2.3,8.7,28.9,0.0,Cloudy
2026-04-25,5:00 AM,59.5,55.6,87,ENE,2.6,4.9,28.9,0.0,Cloudy
2026-04-25,6:00 AM,58.7,56.5,92,W,0.9,3.8,28.9,0.063,Light Rain
2026-04-25,7:00 AM,58.2,57.5,97,SW,4.1,11.0,28.93,0.028,Drizzle
2026-04-25,8:00 AM,58.6,57.9,98,SSE,2.5,11.4,28.95,0.083,Light Rain
2026-04-25,9:00 AM,59.9,59.8,100,SSW,3.5,11.2,28.95,0.039,Drizzle
2026-04-25,10:00 AM,60.2,59.2,97,WSW,6.2,13.2,28.95,0.016,Light Drizzle
2026-04-25,11:00 AM,61.9,60.4,95,WSW,5.1,15.4,28.95,0.004,Light Drizzle
2026-04-25,12:00 PM,64.0,59.5,85,WNW,7.4,17.7,28.96,0.008,Light Drizzle
2026-04-25,1:00 PM,64.2,56.8,77,NW,10.3,23.0,28.96,0.008,Light Drizzle
2026-04-25,2:00 PM,63.8,55.7,75,NW,11.2,23.9,28.97,0.004,Light Drizzle
2026-04-25,3:00 PM,62.2,53.9,74,NW,11.1,25.3,28.99,0.0,Cloudy
2026-04-25,4:00 PM,60.1,51.4,73,NNW,11.5,26.4,29.01,0.0,Cloudy
2026-04-25,5:00 PM,58.9,49.6,71,NNW,10.1,25.3,29.02,0.0,Cloudy
2026-04-25,6:00 PM,57.9,48.7,71,NNW,9.3,22.4,29.03,0.0,Cloudy
2026-04-25,7:00 PM,56.6,47.7,72,NNW,8.7,20.6,29.05,0.0,Cloudy
2026-04-25,8:00 PM,54.7,47.8,77,NNW,9.3,19.0,29.07,0.0,Cloudy
2026-04-25,9:00 PM,52.5,46.0,79,N,10.3,22.4,29.1,0.0,Cloudy
2026-04-25,10:00 PM,50.9,44.0,77,N,10.3,22.4,29.13,0.0,Cloudy
2026-04-25,11:00 PM,49.7,42.3,75,N,8.5,21.9,29.14,0.0,Cloudy
2026-04-26,12:00 AM,47.8,40.3,75,N,8.1,18.3,29.15,0.0,Cloudy
2026-04-26,1:00 AM,46.6,39.7,77,N,7.5,17.4,29.15,0.0,Cloudy
2026-04-26,2:00 AM,45.7,40.8,83,NNE,7.2,16.3,29.15,0.0,Cloudy
2026-04-26,3:00 AM,45.6,41.1,84,NNE,7.0,15.9,29.15,0.0,Cloudy
2026-04-26,4:00 AM,46.0,41.5,84,NNE,6.5,15.0,29.16,0.0,Cloudy
2026-04-26,5:00 AM,46.3,42.0,85,NNE,6.1,14.1,29.18,0.0,Cloudy
2026-04-26,6:00 AM,46.7,42.3,85,NNE,5.4,13.2,29.18,0.0,Cloudy
2026-04-26,7:00 AM,47.0,42.4,84,NNE,5.4,11.9,29.21,0.0,Cloudy
2026-04-26,8:00 AM,47.3,42.3,83,NNE,5.4,12.5,29.24,0.0,Cloudy
2026-04-26,9:00 AM,48.6,42.5,80,NE,5.9,13.6,29.26,0.0,Cloudy
2026-04-26,10:00 AM,51.2,43.2,74,NE,7.0,16.6,29.27,0.0,Cloudy
2026-04-26,11:00 AM,53.3,44.1,71,NE,7.3,17.7,29.27,0.0,Cloudy
2026-04-26,12:00 PM,56.1,45.1,66,ENE,7.2,18.1,29.26,0.0,Cloudy
2026-04-26,1:00 PM,58.8,45.2,61,ENE,6.8,17.9,29.26,0.0,Cloudy
2026-04-26,2:00 PM,58.6,45.4,61,ENE,6.1,17.7,29.26,0.0,Cloudy
2026-04-26,3:00 PM,60.2,45.8,59,NE,6.9,17.4,29.26,0.0,Cloudy
2026-04-26,4:00 PM,61.5,46.0,57,ENE,6.5,18.1,29.25,0.0,Partly Cloudy
2026-04-26,5:00 PM,62.1,45.5,55,ENE,6.6,17.0,29.24,0.0,Fair
2026-04-26,6:00 PM,61.5,45.5,56,ENE,6.9,16.6,29.25,0.0,Fair
2026-04-26,7:00 PM,59.3,45.2,60,ENE,7.0,16.6,29.26,0.0,Fair
2026-04-26,8:00 PM,57.0,44.3,62,ENE,5.7,15.2,29.26,0.0,Fair
2026-04-26,9:00 PM,54.1,44.1,69,ENE,6.4,11.6,29.28,0.0,Fair
2026-04-26,10:00 PM,52.3,44.0,73,E,7.6,13.6,29.29,0.0,Fair
2026-04-26,11:00 PM,51.4,43.4,74,E,7.9,15.4,29.29,0.0,Fair
2026-04-27,12:00 AM,50.2,43.3,77,E,6.3,15.4,29.31,0.0,Fair
2026-04-27,1:00 AM,48.7,43.2,81,E,6.3,11.6,29.31,0.0,Fair
2026-04-27,2:00 AM,46.9,41.9,83,ESE,7.3,12.5,29.31,0.0,Fair
2026-04-27,3:00 AM,45.3,41.0,85,ESE,6.6,13.4,29.29,0.0,Fair
2026-04-27,4:00 AM,44.4,40.6,86,ESE,5.9,12.3,29.28,0.0,Fair
2026-04-27,5:00 AM,43.9,40.4,87,E,5.9,10.5,29.29,0.0,Fair
2026-04-27,6:00 AM,43.3,40.1,88,E,5.7,11.0,29.3,0.0,Fair
2026-04-27,7:00 AM,43.4,40.1,88,E,5.4,10.3,29.32,0.0,Fair
2026-04-27,8:00 AM,46.6,41.5,82,ESE,4.8,11.0,29.34,0.0,Fair
2026-04-27,9:00 AM,51.9,41.7,68,ESE,5.2,13.2,29.34,0.0,Cloudy
2026-04-27,10:00 AM,57.3,42.5,58,SE,6.1,15.9,29.32,0.0,Cloudy
2026-04-27,11:00 AM,62.5,44.8,52,SE,5.9,16.3,29.31,0.0,Cloudy
2026-04-27,12:00 PM,66.5,46.9,49,SE,6.2,16.8,29.3,0.0,Cloudy
2026-04-27,1:00 PM,69.8,46.4,43,SE,7.1,18.3,29.28,0.0,Cloudy
2026-04-27,2:00 PM,72.4,43.0,35,SE,6.5,19.0,29.26,0.0,Cloudy
2026-04-27,3:00 PM,74.8,41.1,30,SE,7.1,17.9,29.24,0.0,Cloudy
2026-04-27,4:00 PM,75.9,39.7,27,SE,8.2,19.5,29.21,0.0,Cloudy
2026-04-27,5:00 PM,76.1,39.1,26,SSE,8.4,19.7,29.19,0.0,Cloudy
2026-04-27,6:00 PM,75.1,40.0,28,SSE,7.5,18.8,29.19,0.0,Cloudy
2026-04-27,7:00 PM,72.1,42.7,35,SSE,6.3,16.3,29.18,0.0,Cloudy
2026-04-27,8:00 PM,68.5,42.1,38,ESE,6.0,13.0,29.17,0.0,Cloudy
2026-04-27,9:00 PM,66.9,41.1,39,ESE,10.7,21.3,29.16,0.0,Cloudy
2026-04-27,10:00 PM,65.0,41.5,42,SE,11.8,23.9,29.15,0.0,Cloudy
2026-04-27,11:00 PM,64.1,41.5,44,SSE,12.8,26.4,29.14,0.0,Cloudy
2026-04-28,12:00 AM,63.1,41.5,45,SSE,12.0,26.4,29.13,0.0,Cloudy
2026-04-28,1:00 AM,61.7,42.0,48,S,11.6,24.8,29.14,0.004,Light Drizzle
2026-04-28,2:00 AM,62.1,42.9,49,S,14.1,26.8,29.11,0.031,Drizzle
2026-04-28,3:00 AM,57.6,46.4,66,SSE,13.6,30.0,29.1,0.012,Light Drizzle
2026-04-28,4:00 AM,56.4,47.4,72,S,10.3,27.7,29.1,0.008,Light Drizzle
2026-04-28,5:00 AM,53.1,51.2,93,S,11.8,28.0,29.1,0.071,Light Rain
2026-04-28,6:00 AM,53.2,50.9,92,S,14.1,27.5,29.07,0.094,Light Rain
2026-04-28,7:00 AM,53.6,50.8,90,S,13.2,28.4,29.08,0.0,Cloudy
2026-04-28,8:00 AM,53.3,51.5,94,S,11.4,26.2,29.09,0.0,Cloudy
2026-04-28,9:00 AM,55.4,52.1,89,SSW,11.2,23.3,29.09,0.0,Cloudy
2026-04-28,10:00 AM,57.9,52.5,82,SSW,11.2,22.6,29.08,0.0,Cloudy
2026-04-28,11:00 AM,59.8,53.6,80,SW,13.5,28.0,29.1,0.0,Cloudy
2026-04-28,12:00 PM,60.8,54.8,81,SW,11.7,28.0,29.1,0.0,Cloudy
2026-04-28,1:00 PM,63.0,56.3,79,SW,11.4,24.8,29.1,0.0,Cloudy
2026-04-28,2:00 PM,65.9,56.2,71,WSW,8.9,25.7,29.1,0.008,Light Drizzle
2026-04-28,3:00 PM,69.6,54.9,59,WSW,10.3,23.5,29.1,0.0,Partly Cloudy
2026-04-28,4:00 PM,71.8,55.0,56,WSW,11.0,24.4,29.09,0.004,Light Drizzle
2026-04-28,5:00 PM,73.2,53.9,51,WSW,9.4,24.2,29.07,0.0,Fair
2026-04-28,6:00 PM,73.4,52.7,48,WSW,9.7,21.5,29.06,0.0,Fair
2026-04-28,7:00 PM,71.9,52.6,51,WSW,8.2,23.3,29.07,0.0,Fair
2026-04-28,8:00 PM,68.7,54.1,60,WSW,5.3,17.2,29.05,0.0,Partly Cloudy
2026-04-28,9:00 PM,65.5,54.2,67,SW,5.3,9.4,29.07,0.0,Cloudy
2026-04-28,10:00 PM,63.2,55.0,75,WSW,3.7,9.4,29.08,0.0,Cloudy
2026-04-28,11:00 PM,61.8,55.0,78,WNW,4.6,7.6,29.08,0.0,Cloudy
2026-04-29,12:00 AM,59.8,55.0,84,NNW,3.2,8.1,29.08,0.0,Cloudy
2026-04-29,1:00 AM,58.3,54.7,88,N,2.5,5.1,29.06,0.0,Cloudy
2026-04-29,2:00 AM,57.5,54.3,89,N,2.6,3.6,29.06,0.0,Cloudy
2026-04-29,3:00 AM,57.4,54.5,90,NNE,3.9,6.9,29.03,0.0,Cloudy
2026-04-29,4:00 AM,56.7,54.5,92,NE,4.0,6.5,29.03,0.0,Cloudy
2026-04-29,5:00 AM,56.0,54.1,93,NE,4.4,8.1,29.02,0.0,Cloudy
2026-04-29,6:00 AM,55.3,53.7,94,ENE,4.1,7.8,29.0,0.0,Cloudy
2026-04-29,7:00 AM,55.5,53.8,94,NNE,4.5,7.4,28.99,0.008,Light Drizzle
2026-04-29,8:00 AM,55.1,54.2,97,E,4.2,9.6,29.0,0.059,Light Rain
2026-04-29,9:00 AM,55.7,55.3,99,E,5.1,9.2,28.98,0.126,Rain
2026-04-29,10:00 AM,59.7,57.7,93,S,5.8,11.6,28.97,0.008,Light Drizzle
2026-04-29,11:00 AM,61.3,56.8,85,S,11.3,23.7,28.95,0.012,Light Drizzle
2026-04-29,12:00 PM,64.9,57.7,78,SSW,10.0,25.7,28.94,0.008,Light Drizzle
2026-04-29,1:00 PM,67.8,57.2,69,SW,10.4,24.6,28.91,0.02,Drizzle
2026-04-29,2:00 PM,59.3,58.1,96,W,9.3,24.2,28.91,0.094,Light Rain
2026-04-29,3:00 PM,61.1,58.1,90,WNW,7.6,20.1,28.9,0.016,Light Drizzle
2026-04-29,4:00 PM,59.7,56.1,88,WNW,7.9,18.8,28.89,0.016,Light Drizzle
2026-04-29,5:00 PM,58.8,55.4,88,WNW,7.0,18.6,28.89,0.008,Light Drizzle
2026-04-29,6:00 PM,59.0,54.6,85,WNW,8.1,19.5,28.91,0.004,Light Drizzle
2026-04-29,7:00 PM,57.8,53.4,85,NW,8.4,19.2,28.92,0.004,Light Drizzle
2026-04-29,8:00 PM,54.4,52.0,91,WNW,7.5,18.6,28.96,0.004,Light Drizzle
2026-04-29,9:00 PM,51.9,50.1,94,WNW,7.1,14.5,28.98,0.0,Partly Cloudy
2026-04-29,10:00 PM,51.4,49.7,94,NNW,5.7,13.6,29.0,0.004,Light Drizzle
2026-04-29,11:00 PM,51.4,49.4,93,NW,3.3,11.0,29.01,0.0,Cloudy
2026-04-30,12:00 AM,49.0,48.1,97,WNW,2.3,6.5,29.0,0.0,Cloudy
2026-04-30,1:00 AM,47.6,47.0,98,WNW,2.8,5.1,29.0,0.0,Cloudy
2026-04-30,2:00 AM,47.8,46.8,96,W,4.8,6.5,29.0,0.0,Cloudy
2026-04-30,3:00 AM,46.9,46.4,98,W,6.3,12.3,29.0,0.0,Partly Cloudy
2026-04-30,4:00 AM,46.7,45.6,96,W,7.0,13.4,29.0,0.0,Fair
2026-04-30,5:00 AM,45.9,45.0,97,W,8.0,15.9,29.0,0.0,Cloudy
2026-04-30,6:00 AM,46.6,44.7,93,W,9.1,18.3,29.0,0.0,Cloudy
2026-04-30,7:00 AM,46.6,44.2,91,WNW,8.0,18.3,29.01,0.004,Light Drizzle
2026-04-30,8:00 AM,45.5,42.6,90,W,10.7,18.1,29.03,0.004,Light Drizzle
2026-04-30,9:00 AM,45.5,41.1,84,NW,10.9,23.7,29.04,0.043,Drizzle
2026-04-30,10:00 AM,45.7,39.7,79,NW,10.2,23.0,29.06,0.031,Drizzle
2026-04-30,11:00 AM,47.2,40.5,77,NW,9.7,21.7,29.09,0.004,Light Drizzle
2026-04-30,12:00 PM,48.9,38.1,66,NW,10.4,23.7,29.1,0.0,Cloudy
2026-04-30,1:00 PM,48.7,37.2,65,NW,9.4,23.7,29.1,0.0,Partly Cloudy
2026-04-30,2:00 PM,49.8,34.3,55,NW,8.6,22.6,29.1,0.004,Light Drizzle
2026-04-30,3:00 PM,52.2,35.3,53,NW,9.2,22.6,29.1,0.008,Light Drizzle
2026-04-30,4:00 PM,52.1,35.6,53,NW,9.7,22.6,29.1,0.008,Light Drizzle
2026-04-30,5:00 PM,52.2,35.3,53,WNW,10.2,23.3,29.1,0.0,Partly Cloudy
2026-04-30,6:00 PM,51.2,35.2,54,WNW,9.6,23.3,29.1,0.0,Partly Cloudy
2026-04-30,7:00 PM,49.9,35.1,57,WNW,9.6,22.1,29.11,0.0,Fair
2026-04-30,8:00 PM,48.7,36.0,61,WNW,6.1,20.4,29.12,0.0,Fair
2026-04-30,9:00 PM,45.9,36.8,70,WNW,3.7,11.6,29.13,0.0,Fair
2026-04-30,10:00 PM,44.5,37.5,76,WSW,2.4,6.7,29.14,0.0,Fair
2026-04-30,11:00 PM,43.3,37.7,81,SW,2.4,4.3,29.14,0.0,Fair
2026-05-01,12:00 AM,42.8,37.9,83,SW,3.0,5.1,29.13,0.0,Fair
2026-05-01,1:00 AM,42.4,37.8,83,SSW,3.8,6.7,29.13,0.0,Fair
2026-05-01,2:00 AM,40.9,37.9,89,SSW,4.3,7.4,29.12,0.0,Fair
2026-05-01,3:00 AM,40.4,37.7,90,SSW,4.9,8.7,29.1,0.0,Fair
2026-05-01,4:00 AM,39.7,37.4,92,SSW,5.3,9.2,29.1,0.0,Fair
2026-05-01,5:00 AM,39.1,37.1,93,SSW,6.1,11.0,29.1,0.0,Fair
2026-05-01,6:00 AM,38.7,37.2,95,SSW,7.0,13.0,29.09,0.0,Fair
2026-05-01,7:00 AM,39.2,37.4,93,S,6.9,13.2,29.09,0.0,Fair
2026-05-01,8:00 AM,42.2,38.7,87,SSW,5.4,14.1,29.09,0.0,Cloudy
2026-05-01,9:00 AM,46.1,39.1,76,SSW,6.5,15.4,29.09,0.0,Cloudy
2026-05-01,10:00 AM,49.9,38.3,64,SSW,7.2,17.2,29.08,0.0,Cloudy
2026-05-01,11:00 AM,51.7,37.6,58,SSW,7.5,17.4,29.06,0.0,Cloudy
2026-05-01,12:00 PM,54.2,36.0,50,SW,11.1,24.4,29.05,0.0,Cloudy
2026-05-01,1:00 PM,50.3,38.8,64,WSW,8.7,24.8,29.06,0.008,Light Drizzle
2026-05-01,2:00 PM,50.8,39.3,65,SW,12.2,19.9,29.05,0.091,Light Rain
2026-05-01,3:00 PM,48.8,41.5,76,SW,8.6,25.3,29.05,0.02,Drizzle
2026-05-01,4:00 PM,48.8,42.1,77,WSW,8.7,19.5,29.04,0.024,Drizzle
2026-05-01,5:00 PM,48.2,42.6,81,WSW,5.9,19.7,29.03,0.004,Light Drizzle
2026-05-01,6:00 PM,51.0,43.6,76,W,8.3,19.2,29.03,0.012,Light Drizzle
2026-05-01,7:00 PM,46.4,43.3,89,NW,9.7,21.7,29.05,0.035,Drizzle
2026-05-01,8:00 PM,43.9,40.6,88,NW,9.7,21.7,29.09,0.0,Partly Cloudy
2026-05-01,9:00 PM,42.5,39.7,89,NNW,6.7,19.9,29.13,0.008,Light Drizzle
2026-05-01,10:00 PM,41.5,38.7,89,NNW,5.5,13.0,29.15,0.0,Fair
2026-05-01,11:00 PM,39.6,37.6,93,WNW,3.6,10.3,29.16,0.0,Fair
2026-05-02,12:00 AM,38.1,36.2,93,WNW,3.8,7.6,29.17,0.0,Fair
2026-05-02,1:00 AM,36.9,35.5,95,WNW,3.4,7.2,29.16,0.0,Fair
2026-05-02,2:00 AM,37.7,36.4,95,WSW,5.2,6.7,29.16,0.0,Fair
2026-05-02,3:00 AM,36.4,35.5,97,W,3.6,9.2,29.15,0.0,Fair
2026-05-02,4:00 AM,35.2,34.3,96,W,3.1,6.9,29.14,0.0,Fair
2026-05-02,5:00 AM,35.3,34.6,97,SW,3.2,6.0,29.15,0.0,Fair
2026-05-02,6:00 AM,35.7,33.4,91,SW,3.8,7.4,29.16,0.051,Light Snow
2026-05-02,7:00 AM,36.1,34.4,94,SW,3.5,7.6,29.17,0.024,Light Snow
2026-05-02,8:00 AM,38.8,36.5,92,SW,3.7,13.6,29.17,0.0,Partly Cloudy
2026-05-02,9:00 AM,41.7,38.4,88,W,5.5,17.0,29.17,0.0,Cloudy
2026-05-02,10:00 AM,44.5,37.5,76,WNW,6.8,17.2,29.16,0.004,Light Drizzle
2026-05-02,11:00 AM,45.7,33.2,61,WNW,8.3,20.6,29.16,0.004,Light Drizzle
2026-05-02,12:00 PM,48.3,30.0,49,WNW,7.8,20.6,29.16,0.0,Partly Cloudy
2026-05-02,1:00 PM,48.6,28.5,46,WNW,8.3,20.1,29.15,0.0,Cloudy
2026-05-02,2:00 PM,46.0,30.0,53,WNW,9.7,20.4,29.17,0.0,Cloudy
2026-05-02,3:00 PM,44.5,32.9,64,NNW,8.4,22.8,29.17,0.004,Light Drizzle
2026-05-02,4:00 PM,46.4,31.3,55,NNW,7.8,20.8,29.15,0.008,Light Drizzle
2026-05-02,5:00 PM,46.3,31.4,56,NNW,7.9,19.7,29.15,0.0,Partly Cloudy
2026-05-02,6:00 PM,45.2,30.9,57,NNW,7.8,19.0,29.15,0.004,Light Drizzle
2026-05-02,7:00 PM,43.4,31.7,63,NNW,7.5,18.1,29.16,0.004,Light Drizzle
2026-05-02,8:00 PM,42.3,31.1,64,NNW,4.8,16.6,29.18,0.0,Fair
2026-05-02,9:00 PM,40.4,31.6,71,WNW,5.9,10.5,29.19,0.0,Cloudy
2026-05-02,10:00 PM,39.0,31.8,75,WNW,6.7,14.1,29.21,0.0,Partly Cloudy
2026-05-02,11:00 PM,37.9,32.5,81,WNW,4.5,13.0,29.2,0.0,Fair
2026-05-03,12:00 AM,36.6,32.5,85,W,4.2,8.1,29.19,0.0,Fair
2026-05-03,1:00 AM,35.8,32.2,87,W,4.3,7.6,29.18,0.0,Fair
2026-05-03,2:00 AM,34.7,32.5,91,W,4.5,7.8,29.18,0.0,Fair
2026-05-03,3:00 AM,34.5,32.0,90,WSW,5.3,9.4,29.18,0.0,Fair
2026-05-03,4:00 AM,34.2,31.6,90,WSW,6.5,11.6,29.18,0.0,Fair
2026-05-03,5:00 AM,33.9,31.4,90,WSW,6.8,12.8,29.19,0.0,Fair
2026-05-03,6:00 AM,33.6,31.2,91,WSW,7.0,13.2,29.18,0.0,Fair
2026-05-03,7:00 AM,34.2,31.2,89,WSW,6.9,13.0,29.2,0.0,Fair
2026-05-03,8:00 AM,38.2,32.6,80,SW,5.6,13.2,29.22,0.0,Fair
2026-05-03,9:00 AM,43.0,33.1,68,WSW,6.8,16.3,29.24,0.0,Fair
2026-05-03,10:00 AM,47.6,31.6,54,WSW,8.4,20.1,29.23,0.0,Fair
2026-05-03,11:00 AM,50.7,27.5,40,WSW,9.4,22.6,29.23,0.0,Fair
2026-05-03,12:00 PM,53.3,28.2,38,WSW,9.9,23.9,29.21,0.0,Fair
2026-05-03,1:00 PM,56.3,28.9,35,W,11.3,26.2,29.2,0.0,Cloudy
2026-05-03,2:00 PM,57.2,28.5,33,W,10.2,26.6,29.17,0.0,Cloudy
2026-05-03,3:00 PM,57.7,28.9,33,WSW,11.0,24.6,29.15,0.0,Cloudy
2026-05-03,4:00 PM,58.0,29.8,34,WSW,11.8,26.2,29.13,0.0,Cloudy
2026-05-03,5:00 PM,57.4,30.7,36,WSW,11.5,26.2,29.11,0.0,Cloudy
2026-05-03,6:00 PM,56.7,31.0,38,WSW,10.8,26.8,29.11,0.0,Cloudy
2026-05-03,7:00 PM,55.9,32.8,42,WSW,9.1,22.1,29.11,0.0,Cloudy
2026-05-03,8:00 PM,53.8,33.9,47,SW,7.4,19.0,29.09,0.0,Cloudy
2026-05-03,9:00 PM,50.8,34.1,53,SSW,6.5,13.6,29.08,0.0,Cloudy
2026-05-03,10:00 PM,49.1,34.5,57,SW,7.7,14.5,29.1,0.0,Fair
2026-05-03,11:00 PM,46.9,34.9,63,WSW,6.4,14.5,29.1,0.0,Fair
2026-05-04,12:00 AM,45.4,35.2,67,SW,5.3,11.9,29.09,0.0,Cloudy
2026-05-04,1:00 AM,46.6,36.1,67,SSW,5.5,10.7,29.09,0.0,Cloudy
2026-05-04,2:00 AM,48.8,36.6,63,SSW,7.8,13.0,29.07,0.0,Cloudy
2026-05-04,3:00 AM,50.1,35.6,57,SSW,8.6,17.7,29.06,0.0,Cloudy
2026-05-04,4:00 AM,50.1,36.1,58,SSW,8.3,17.4,29.05,0.0,Partly Cloudy
2026-05-04,5:00 AM,48.5,36.8,64,SSW,8.5,16.8,29.03,0.0,Cloudy
2026-05-04,6:00 AM,48.6,37.8,66,SSW,9.3,18.8,29.02,0.0,Partly Cloudy
2026-05-04,7:00 AM,48.1,38.5,69,SSW,9.6,19.2,29.03,0.0,Fair
2026-05-04,8:00 AM,52.8,39.3,60,SSW,9.3,20.4,29.02,0.0,Fair
2026-05-04,9:00 AM,56.3,40.8,56,SSW,10.2,21.7,29.03,0.0,Fair
2026-05-04,10:00 AM,59.3,42.0,53,SW,11.7,25.9,29.02,0.0,Fair
2026-05-04,11:00 AM,62.0,43.9,51,SW,11.0,26.4,29.0,0.0,Fair
2026-05-04,12:00 PM,64.8,46.0,50,SSW,11.0,25.3,28.99,0.0,Cloudy
2026-05-04,1:00 PM,66.7,47.7,50,SSW,12.2,28.4,28.98,0.0,Fair
2026-05-04,2:00 PM,69.2,46.0,44,SSW,12.0,33.1,28.95,0.0,Fair
2026-05-04,3:00 PM,70.2,48.2,46,SW,13.6,30.9,28.93,0.008,Light Drizzle
2026-05-04,4:00 PM,70.6,49.7,48,SW,14.0,31.8,28.92,0.008,Light Drizzle
2026-05-04,5:00 PM,68.1,50.4,53,SW,14.2,35.6,28.91,0.004,Light Drizzle
2026-05-04,6:00 PM,66.2,51.3,59,SW,13.7,31.8,28.93,0.0,Partly Cloudy
2026-05-04,7:00 PM,65.6,52.0,61,SW,9.9,28.2,28.91,0.0,Cloudy
2026-05-04,8:00 PM,63.0,52.7,69,S,9.3,23.3,28.91,0.0,Cloudy
2026-05-04,9:00 PM,61.6,50.2,66,SSW,11.0,21.3,28.9,0.0,Cloudy
2026-05-04,10:00 PM,62.2,48.3,60,SW,12.7,25.7,28.93,0.0,Partly Cloudy
2026-05-04,11:00 PM,59.1,49.6,71,S,9.7,25.7,28.92,0.0,Fair
2026-05-05,12:00 AM,58.2,49.8,74,SSW,10.0,19.7,28.91,0.0,Cloudy
2026-05-05,1:00 AM,57.5,49.7,75,SSW,8.6,22.6,28.92,0.0,Cloudy
2026-05-05,2:00 AM,59.3,52.1,77,SSW,9.2,21.5,28.91,0.0,Partly Cloudy
2026-05-05,3:00 AM,60.4,50.5,70,SW,10.7,21.0,28.89,0.0,Fair
2026-05-05,4:00 AM,60.3,49.2,67,SSW,11.3,22.6,28.9,0.0,Fair
2026-05-05,5:00 AM,60.2,48.3,65,SSW,13.6,27.3,28.9,0.0,Cloudy
2026-05-05,6:00 AM,56.8,51.2,81,SW,10.7,32.2,28.95,0.031,Drizzle
2026-05-05,7:00 AM,56.8,51.8,83,SSW,9.5,21.3,28.95,0.004,Light Drizzle
2026-05-05,8:00 AM,60.4,53.2,77,SSW,9.4,19.9,28.95,0.0,Cloudy
2026-05-05,9:00 AM,64.4,53.2,67,SSW,10.4,21.9,28.95,0.0,Cloudy
2026-05-05,10:00 AM,66.2,52.0,60,SSW,12.4,25.9,28.96,0.0,Cloudy
2026-05-05,11:00 AM,67.1,50.4,55,SW,16.0,34.2,28.96,0.0,Cloudy
2026-05-05,12:00 PM,70.6,51.0,50,SW,16.8,37.1,28.96,0.0,Cloudy
2026-05-05,1:00 PM,72.6,49.6,44,WSW,19.1,42.3,28.95,0.0,Cloudy
2026-05-05,2:00 PM,72.0,48.3,43,WSW,17.0,41.2,28.95,0.0,Cloudy
2026-05-05,3:00 PM,73.1,50.0,44,SW,14.0,36.5,28.95,0.0,Cloudy
2026-05-05,4:00 PM,73.5,49.6,43,SW,16.8,35.8,28.93,0.0,Cloudy
2026-05-05,5:00 PM,72.0,49.4,45,SW,16.0,36.5,28.93,0.0,Cloudy
2026-05-05,6:00 PM,71.0,49.1,46,SW,14.8,34.4,28.93,0.0,Cloudy
2026-05-05,7:00 PM,69.5,49.4,49,SW,11.7,30.2,28.93,0.0,Cloudy
2026-05-05,8:00 PM,68.9,48.7,48,SSW,11.3,24.6,28.92,0.0,Cloudy
2026-05-05,9:00 PM,67.3,47.8,50,WSW,10.5,23.3,28.92,0.0,Cloudy
2026-05-05,10:00 PM,63.2,51.5,66,WNW,5.7,21.5,28.93,0.0,Cloudy
2026-05-05,11:00 PM,61.2,53.3,75,W,5.4,11.2,28.94,0.0,Cloudy
2026-05-06,12:00 AM,60.2,54.0,80,SW,5.4,11.4,28.94,0.008,Light Drizzle
2026-05-06,1:00 AM,59.3,54.7,85,SW,8.2,14.8,28.93,0.051,Light Rain
2026-05-06,2:00 AM,57.4,54.9,91,SSW,7.6,15.2,28.9,0.028,Drizzle
2026-05-06,3:00 AM,56.2,55.4,97,SSW,6.9,14.8,28.88,0.043,Drizzle
2026-05-06,4:00 AM,56.1,55.2,97,SSW,7.1,14.1,28.87,0.079,Light Rain
2026-05-06,5:00 AM,56.0,55.2,97,SSW,8.6,16.1,28.87,0.055,Light Rain
2026-05-06,6:00 AM,56.4,55.5,97,SW,10.6,23.7,28.86,0.024,Drizzle
2026-05-06,7:00 AM,51.9,51.4,98,NNW,9.0,21.0,28.89,0.083,Light Rain
2026-05-06,8:00 AM,50.2,49.7,98,NNW,6.7,19.5,28.92,0.008,Light Drizzle
2026-05-06,9:00 AM,50.8,49.2,94,NNW,7.9,17.9,28.93,0.024,Drizzle
2026-05-06,10:00 AM,52.4,48.5,86,NNW,9.7,22.4,28.95,0.0,Cloudy
2026-05-06,11:00 AM,52.3,47.6,84,NNW,8.0,21.7,28.97,0.0,Cloudy
2026-05-06,12:00 PM,55.5,47.6,75,NW,8.5,20.8,29.0,0.0,Cloudy
2026-05-06,1:00 PM,56.8,46.9,70,NW,8.5,20.1,29.0,0.0,Cloudy
2026-05-06,2:00 PM,55.8,44.6,66,NW,9.5,20.6,29.02,0.0,Cloudy
2026-05-06,3:00 PM,55.8,44.4,66,NW,9.0,21.5,29.03,0.0,Cloudy
2026-05-06,4:00 PM,55.0,42.6,63,NW,8.0,21.0,29.03,0.0,Cloudy
2026-05-06,5:00 PM,56.1,41.2,57,NW,7.2,18.1,29.03,0.0,Cloudy
2026-05-06,6:00 PM,56.3,40.3,55,NW,7.0,16.8,29.04,0.0,Cloudy
2026-05-06,7:00 PM,55.0,38.9,55,NW,6.6,16.8,29.05,0.0,Cloudy
2026-05-06,8:00 PM,54.0,40.3,60,NNW,5.1,14.8,29.07,0.0,Cloudy
2026-05-06,9:00 PM,52.5,41.3,65,NNW,3.0,9.6,29.06,0.0,Cloudy
2026-05-06,10:00 PM,51.1,39.5,64,N,5.7,11.0,29.08,0.0,Cloudy
2026-05-06,11:00 PM,49.6,36.8,61,N,4.9,11.6,29.1,0.0,Cloudy
2026-05-07,12:00 AM,48.0,38.0,68,NNW,3.1,10.1,29.11,0.0,Cloudy
2026-05-07,1:00 AM,47.7,40.5,76,NNE,1.5,5.4,29.1,0.0,Fair
2026-05-07,2:00 AM,45.6,38.6,76,SSE,0.5,2.7,29.09,0.0,Fair
2026-05-07,3:00 AM,44.0,39.2,83,SW,0.9,2.0,29.08,0.0,Fair
2026-05-07,4:00 AM,42.5,39.3,88,SW,2.2,3.6,29.08,0.0,Fair
2026-05-07,5:00 AM,42.0,39.2,90,SW,2.8,4.7,29.08,0.0,Fair
2026-05-07,6:00 AM,41.8,38.8,89,SW,3.6,6.0,29.08,0.0,Fair
2026-05-07,7:00 AM,42.3,38.8,88,SW,5.1,8.7,29.08,0.0,Fair
2026-05-07,8:00 AM,45.3,40.3,82,SSW,3.2,8.9,29.1,0.0,Fair
2026-05-07,9:00 AM,50.2,39.7,67,SW,3.8,10.7,29.11,0.0,Fair
2026-05-07,10:00 AM,54.0,36.5,52,WSW,7.2,17.4,29.1,0.0,Fair
2026-05-07,11:00 AM,56.0,35.0,45,WSW,8.5,20.8,29.08,0.0,Partly Cloudy
2026-05-07,12:00 PM,57.4,34.1,41,WSW,9.0,21.9,29.06,0.0,Fair
2026-05-07,1:00 PM,58.7,32.4,37,W,10.7,25.3,29.05,0.0,Partly Cloudy
2026-05-07,2:00 PM,59.1,31.6,35,W,10.1,26.2,29.03,0.0,Partly Cloudy
2026-05-07,3:00 PM,59.5,31.8,35,W,11.1,25.7,29.03,0.0,Partly Cloudy
2026-05-07,4:00 PM,59.7,31.4,34,W,11.7,26.2,29.01,0.0,Cloudy
2026-05-07,5:00 PM,57.9,31.8,37,WNW,11.2,26.4,29.01,0.0,Cloudy
2026-05-07,6:00 PM,56.9,31.2,37,WNW,11.3,26.2,29.02,0.0,Partly Cloudy
2026-05-07,7:00 PM,55.1,33.4,44,WNW,11.3,28.2,29.04,0.0,Fair
2026-05-07,8:00 PM,53.2,33.9,48,WNW,8.8,23.9,29.05,0.0,Fair
2026-05-07,9:00 PM,49.2,33.9,55,NW,5.9,17.4,29.07,0.0,Fair
2026-05-07,10:00 PM,46.9,35.8,65,WNW,3.3,11.2,29.08,0.0,Fair
2026-05-07,11:00 PM,45.4,36.4,71,WNW,3.3,6.3,29.09,0.0,Fair
2026-05-08,12:00 AM,44.2,36.1,73,WSW,3.3,6.3,29.1,0.0,Fair
2026-05-08,1:00 AM,43.3,35.8,75,SW,3.7,6.5,29.1,0.0,Fair
2026-05-08,2:00 AM,42.8,36.0,77,SW,5.1,8.5,29.09,0.0,Fair
2026-05-08,3:00 AM,42.5,35.5,76,SW,6.3,11.0,29.08,0.0,Fair
2026-05-08,4:00 AM,42.3,35.2,76,SSW,6.2,12.3,29.08,0.0,Cloudy
2026-05-08,5:00 AM,44.6,35.0,69,SW,6.7,13.4,29.09,0.0,Fair
2026-05-08,6:00 AM,43.7,34.5,70,SW,7.4,14.3,29.08,0.0,Fair
2026-05-08,7:00 AM,43.3,34.9,72,SW,8.2,15.9,29.09,0.0,Fair
2026-05-08,8:00 AM,45.5,41.9,87,S,1.5,16.6,29.11,0.0,Fair
2026-05-08,9:00 AM,50.1,39.4,67,SW,4.8,12.3,29.12,0.0,Fair
2026-05-08,10:00 AM,54.5,39.7,57,WSW,8.2,19.2,29.11,0.0,Fair
2026-05-08,11:00 AM,57.8,41.0,53,WSW,9.9,23.0,29.1,0.0,Cloudy
2026-05-08,12:00 PM,59.2,41.4,52,W,13.3,28.9,29.09,0.0,Cloudy
2026-05-08,1:00 PM,59.6,41.4,51,W,11.9,31.8,29.08,0.004,Light Drizzle
2026-05-08,2:00 PM,59.8,40.6,49,WSW,13.0,27.3,29.07,0.0,Cloudy
2026-05-08,3:00 PM,57.8,41.5,55,WSW,10.4,31.3,29.07,0.004,Light Drizzle
2026-05-08,4:00 PM,60.9,41.4,49,WSW,10.2,25.1,29.04,0.0,Partly Cloudy
2026-05-08,5:00 PM,62.2,41.1,46,WSW,9.6,22.6,29.01,0.0,Cloudy
2026-05-08,6:00 PM,59.7,43.8,56,W,4.3,21.0,29.0,0.0,Cloudy
2026-05-08,7:00 PM,60.1,44.0,55,WSW,4.8,10.7,28.99,0.0,Cloudy
2026-05-08,8:00 PM,57.3,47.8,71,NW,2.9,9.8,28.99,0.0,Cloudy
2026-05-08,9:00 PM,56.6,47.1,71,WNW,1.9,5.8,29.0,0.0,Cloudy
2026-05-08,10:00 PM,55.4,46.9,73,SSW,1.4,4.0,29.02,0.008,Light Drizzle
2026-05-08,11:00 PM,53.8,46.0,75,S,2.9,5.4,29.02,0.012,Light Drizzle
2026-05-09,12:00 AM,53.1,46.9,79,S,2.0,5.1,29.0,0.0,Cloudy
2026-05-09,1:00 AM,52.6,47.3,82,SE,2.9,5.1,28.99,0.0,Cloudy
2026-05-09,2:00 AM,52.0,48.3,87,ESE,1.6,5.8,28.97,0.0,Cloudy
2026-05-09,3:00 AM,51.9,48.3,87,S,1.9,3.4,28.96,0.004,Light Drizzle
2026-05-09,4:00 AM,52.2,48.2,86,SW,5.5,9.2,28.97,0.016,Light Drizzle
2026-05-09,5:00 AM,50.7,49.8,97,S,5.2,9.6,28.96,0.051,Light Rain
2026-05-09,6:00 AM,50.7,50.0,97,S,7.0,13.4,28.95,0.039,Drizzle
2026-05-09,7:00 AM,50.6,50.0,98,S,7.1,13.4,28.95,0.039,Drizzle
2026-05-09,8:00 AM,51.1,50.5,98,SSW,9.1,16.1,28.97,0.031,Drizzle
2026-05-09,9:00 AM,52.3,51.6,98,SSW,9.7,19.2,28.97,0.024,Drizzle
2026-05-09,10:00 AM,53.0,52.3,97,SSW,9.3,19.5,28.96,0.024,Drizzle
2026-05-09,11:00 AM,53.3,52.3,96,SSW,8.6,18.6,28.95,0.016,Light Drizzle
2026-05-09,12:00 PM,56.8,53.2,88,SSW,10.6,23.0,28.96,0.004,Light Drizzle
2026-05-09,1:00 PM,61.4,50.4,67,SSW,11.5,28.0,28.96,0.0,Fair
2026-05-09,2:00 PM,61.0,49.7,66,SSW,10.0,28.2,28.96,0.0,Fair
2026-05-09,3:00 PM,64.0,49.7,60,SW,11.6,28.0,28.95,0.004,Light Drizzle
2026-05-09,4:00 PM,65.7,51.0,59,SW,11.4,28.2,28.93,0.008,Light Drizzle
2026-05-09,5:00 PM,66.5,50.4,56,SW,11.2,25.7,28.91,0.0,Fair
2026-05-09,6:00 PM,66.2,49.7,55,SW,11.5,24.8,28.9,0.0,Partly Cloudy
2026-05-09,7:00 PM,65.0,49.7,58,SW,9.9,24.4,28.91,0.0,Fair
2026-05-09,8:00 PM,63.2,50.0,62,SSW,9.7,20.6,28.91,0.0,Fair
2026-05-09,9:00 PM,60.8,49.4,66,SSW,8.3,18.8,28.91,0.0,Partly Cloudy
2026-05-09,10:00 PM,56.8,51.3,82,WNW,10.3,23.3,29.0,0.035,Drizzle
2026-05-09,11:00 PM,55.7,53.4,92,SSW,7.2,20.8,28.98,0.035,Drizzle
2026-05-10,12:00 AM,54.2,52.8,95,NW,7.8,14.5,29.01,0.051,Light Rain
2026-05-10,1:00 AM,54.6,52.3,92,SW,10.2,19.9,28.98,0.004,Light Drizzle
2026-05-10,2:00 AM,53.7,52.6,96,SSW,8.2,19.2,28.97,0.0,Fair
2026-05-10,3:00 AM,53.2,51.4,94,WNW,4.0,15.0,29.0,0.024,Drizzle
2026-05-10,4:00 AM,52.3,51.2,96,S,6.7,12.1,28.98,0.0,Cloudy
2026-05-10,5:00 AM,52.3,50.7,95,SW,5.9,11.9,28.99,0.0,Cloudy
2026-05-10,6:00 AM,51.8,50.5,95,WSW,5.9,11.4,29.02,0.0,Cloudy
2026-05-10,7:00 AM,51.8,50.9,97,W,5.2,10.5,29.05,0.0,Cloudy
2026-05-10,8:00 AM,54.6,52.5,93,NW,5.1,9.4,29.09,0.0,Cloudy
2026-05-10,9:00 AM,55.6,52.8,90,NNW,5.8,13.4,29.12,0.0,Cloudy
2026-05-10,10:00 AM,54.9,51.4,88,N,5.9,14.3,29.14,0.004,Light Drizzle
2026-05-10,11:00 AM,56.5,48.8,75,N,5.8,15.0,29.16,0.0,Cloudy
2026-05-10,12:00 PM,56.2,46.0,68,N,5.7,15.0,29.17,0.0,Cloudy
2026-05-10,1:00 PM,59.5,43.7,56,N,5.2,15.0,29.19,0.0,Cloudy
2026-05-10,2:00 PM,58.8,41.9,53,N,7.0,18.1,29.18,0.0,Fair
2026-05-10,3:00 PM,61.8,39.6,44,NNW,6.5,19.0,29.19,0.0,Fair
2026-05-10,4:00 PM,62.5,40.0,44,NNW,5.9,17.4,29.19,0.0,Fair
2026-05-10,5:00 PM,62.3,40.2,44,NNW,7.6,18.3,29.18,0.0,Fair
2026-05-10,6:00 PM,61.9,38.8,43,NNW,7.1,18.3,29.19,0.0,Fair
2026-05-10,7:00 PM,58.7,38.3,47,NNW,9.3,19.5,29.21,0.0,Partly Cloudy
2026-05-10,8:00 PM,56.6,35.7,45,N,9.9,19.9,29.23,0.0,Fair
2026-05-10,9:00 PM,52.5,32.3,46,N,8.7,19.9,29.26,0.0,Fair
2026-05-10,10:00 PM,50.1,33.2,52,NNE,6.8,17.4,29.28,0.0,Cloudy
2026-05-10,11:00 PM,48.1,34.1,58,NNE,6.4,13.2,29.29,0.0,Cloudy
2026-05-11,12:00 AM,46.8,34.0,61,NE,5.4,12.1,29.29,0.0,Partly Cloudy
2026-05-11,1:00 AM,45.5,34.2,64,E,3.8,9.8,29.3,0.0,Cloudy
2026-05-11,2:00 AM,46.2,34.9,64,E,3.6,7.2,29.3,0.0,Cloudy
2026-05-11,3:00 AM,45.6,34.7,66,ESE,3.6,6.5,29.29,0.0,Cloudy
2026-05-11,4:00 AM,44.6,36.1,72,SE,2.7,6.3,29.29,0.0,Fair
2026-05-11,5:00 AM,43.8,35.5,72,SSE,1.7,4.3,29.29,0.0,Partly Cloudy
2026-05-11,6:00 AM,43.6,35.6,73,SSW,0.9,2.7,29.29,0.0,Cloudy
2026-05-11,7:00 AM,44.8,37.3,75,SW,1.2,2.0,29.3,0.0,Fair
2026-05-11,8:00 AM,46.8,37.2,69,W,1.9,6.5,29.34,0.0,Fair
2026-05-11,9:00 AM,52.3,37.9,58,W,2.5,8.5,29.34,0.0,Fair
2026-05-11,10:00 AM,57.0,34.1,42,WNW,3.6,11.2,29.35,0.0,Fair
2026-05-11,11:00 AM,59.3,30.3,33,NNW,5.8,15.7,29.34,0.0,Fair
2026-05-11,12:00 PM,61.4,30.8,31,NNW,8.3,18.8,29.34,0.0,Partly Cloudy
2026-05-11,1:00 PM,61.3,31.6,33,NNW,9.1,21.9,29.33,0.0,Cloudy
2026-05-11,2:00 PM,60.9,31.2,32,NW,9.5,21.7,29.31,0.0,Cloudy
2026-05-11,3:00 PM,61.4,32.2,33,NW,9.3,21.3,29.31,0.0,Cloudy
2026-05-11,4:00 PM,61.3,33.4,35,NW,9.8,22.6,29.3,0.0,Partly Cloudy
2026-05-11,5:00 PM,59.7,34.1,38,NW,8.9,22.6,29.31,0.0,Fair
2026-05-11,6:00 PM,59.5,35.0,40,NW,6.3,19.7,29.31,0.0,Fair
2026-05-11,7:00 PM,58.1,37.1,45,NNW,5.4,14.3,29.3,0.0,Fair
2026-05-11,8:00 PM,55.9,39.6,54,NNE,5.4,11.4,29.3,0.0,Fair
2026-05-11,9:00 PM,52.5,39.3,61,NE,4.1,9.4,29.3,0.0,Fair
2026-05-11,10:00 PM,51.5,38.6,61,NNE,6.2,10.5,29.32,0.0,Fair
2026-05-11,11:00 PM,48.8,37.9,66,NE,6.5,13.0,29.34,0.0,Partly Cloudy
2026-05-12,12:00 AM,47.5,37.2,67,NE,6.2,12.1,29.35,0.0,Cloudy
2026-05-12,1:00 AM,46.9,36.6,67,NE,5.7,11.6,29.35,0.0,Cloudy
2026-05-12,2:00 AM,45.3,34.3,65,NE,7.4,12.5,29.35,0.0,Fair
2026-05-12,3:00 AM,44.1,31.8,62,ENE,5.1,14.1,29.35,0.0,Partly Cloudy
2026-05-12,4:00 AM,42.4,32.3,67,ENE,4.5,9.4,29.36,0.0,Fair
2026-05-12,5:00 AM,41.0,32.3,71,ENE,4.7,8.3,29.36,0.0,Fair
2026-05-12,6:00 AM,40.4,32.4,73,ENE,5.6,9.8,29.35,0.0,Fair
2026-05-12,7:00 AM,41.8,33.9,73,ENE,6.0,11.0,29.35,0.0,Fair
2026-05-12,8:00 AM,46.5,36.1,67,ENE,4.3,11.2,29.36,0.0,Fair
2026-05-12,9:00 AM,51.4,36.3,56,ENE,4.4,11.4,29.36,0.0,Fair
2026-05-12,10:00 AM,55.8,35.6,47,ENE,4.9,13.4,29.35,0.0,Fair
2026-05-12,11:00 AM,58.9,36.7,43,ENE,4.1,13.4,29.34,0.0,Fair
2026-05-12,12:00 PM,61.4,38.7,43,E,3.4,13.0,29.32,0.0,Fair
2026-05-12,1:00 PM,63.5,40.2,42,ESE,1.4,12.1,29.29,0.0,Fair
2026-05-12,2:00 PM,66.6,37.5,34,SW,0.7,9.2,29.28,0.0,Fair
2026-05-12,3:00 PM,66.9,39.0,36,SW,2.1,9.8,29.26,0.0,Fair
2026-05-12,4:00 PM,67.4,39.5,36,SW,3.9,12.3,29.24,0.0,Partly Cloudy
2026-05-12,5:00 PM,67.2,39.8,37,SW,4.6,12.8,29.22,0.0,Partly Cloudy
2026-05-12,6:00 PM,66.4,39.7,38,SSW,5.3,12.8,29.2,0.0,Cloudy
2026-05-12,7:00 PM,64.3,48.6,57,SW,3.0,12.5,29.2,0.0,Cloudy
2026-05-12,8:00 PM,62.3,45.2,54,W,3.1,4.9,29.19,0.0,Cloudy
2026-05-12,9:00 PM,60.5,42.0,50,ESE,0.9,4.7,29.17,0.0,Cloudy
2026-05-12,10:00 PM,58.0,42.7,57,ESE,3.4,5.6,29.16,0.0,Cloudy
2026-05-12,11:00 PM,56.3,42.8,60,SSE,4.1,6.9,29.14,0.0,Cloudy
2026-05-13,12:00 AM,55.8,41.5,59,S,5.6,9.6,29.12,0.0,Cloudy
2026-05-13,1:00 AM,55.9,40.0,55,S,7.3,13.6,29.1,0.0,Cloudy
2026-05-13,2:00 AM,54.6,41.1,60,SSW,8.2,13.9,29.08,0.0,Partly Cloudy
2026-05-13,3:00 AM,55.1,39.7,56,SSW,8.2,19.0,29.06,0.0,Cloudy
2026-05-13,4:00 AM,54.7,39.6,57,SSW,11.5,22.6,29.06,0.0,Cloudy
2026-05-13,5:00 AM,54.6,41.4,61,SSW,9.1,22.6,29.03,0.004,Light Drizzle
2026-05-13,6:00 AM,55.1,42.4,62,SSW,9.0,18.1,29.02,0.0,Cloudy
2026-05-13,7:00 AM,53.2,47.2,80,SSW,10.1,19.5,29.02,0.035,Drizzle
2026-05-13,8:00 AM,54.3,49.4,83,SSW,9.4,22.8,29.02,0.079,Light Rain
2026-05-13,9:00 AM,55.9,53.5,92,SSW,11.3,22.4,29.0,0.067,Light Rain
2026-05-13,10:00 AM,59.8,53.4,79,SSW,13.3,28.0,28.98,0.0,Fair
2026-05-13,11:00 AM,64.0,52.3,66,SW,17.1,36.0,28.97,0.0,Partly Cloudy
2026-05-13,12:00 PM,65.3,52.9,64,SW,15.7,38.3,28.95,0.0,Cloudy
2026-05-13,1:00 PM,63.5,54.1,72,WSW,11.7,36.5,28.95,0.012,Light Drizzle
2026-05-13,2:00 PM,58.1,55.0,90,SW,11.6,27.7,28.96,0.059,Light Rain
2026-05-13,3:00 PM,59.4,55.1,86,SW,6.7,26.6,28.95,0.02,Drizzle
2026-05-13,4:00 PM,64.4,52.9,66,W,8.8,21.7,28.92,0.016,Light Drizzle
2026-05-13,5:00 PM,63.9,42.3,45,WNW,14.9,31.5,28.92,0.008,Light Drizzle
2026-05-13,6:00 PM,60.7,44.6,55,NW,14.7,32.2,28.95,0.008,Light Drizzle
2026-05-13,7:00 PM,56.6,46.1,68,NNW,12.7,31.3,28.97,0.0,Partly Cloudy
2026-05-13,8:00 PM,54.0,46.1,75,NW,10.7,29.1,29.02,0.0,Fair
2026-05-13,9:00 PM,51.6,42.7,72,NW,9.2,22.1,29.04,0.0,Cloudy
2026-05-13,10:00 PM,51.4,41.5,69,NW,8.8,18.6,29.06,0.0,Cloudy
2026-05-13,11:00 PM,49.8,41.7,74,NW,7.7,18.8,29.07,0.0,Cloudy
2026-05-14,12:00 AM,48.7,40.8,74,NW,8.0,17.0,29.07,0.0,Cloudy
2026-05-14,1:00 AM,47.9,39.7,73,NW,7.2,17.4,29.07,0.0,Cloudy
2026-05-14,2:00 AM,46.9,41.1,80,NW,6.9,15.4,29.06,0.0,Cloudy
2026-05-14,3:00 AM,46.8,40.6,79,NW,5.9,14.1,29.05,0.004,Light Drizzle
2026-05-14,4:00 AM,46.1,40.6,81,NW,7.0,14.1,29.05,0.004,Light Drizzle
2026-05-14,5:00 AM,45.1,40.2,83,NW,7.7,17.4,29.06,0.008,Light Drizzle
2026-05-14,6:00 AM,44.4,40.1,85,WNW,7.1,16.1,29.07,0.0,Cloudy
2026-05-14,7:00 AM,44.3,40.1,85,WNW,7.4,15.4,29.08,0.0,Partly Cloudy
2026-05-14,8:00 AM,46.5,40.5,79,WNW,9.7,21.3,29.1,0.0,Cloudy
2026-05-14,9:00 AM,47.0,39.7,76,WNW,10.9,23.5,29.11,0.004,Light Drizzle
2026-05-14,10:00 AM,47.4,39.0,73,NW,11.2,24.4,29.12,0.0,Cloudy
2026-05-14,11:00 AM,47.8,39.7,73,NW,12.2,25.9,29.12,0.008,Light Drizzle
2026-05-14,12:00 PM,48.7,39.7,71,NW,11.6,26.2,29.12,0.004,Light Drizzle
2026-05-14,1:00 PM,49.0,41.8,76,NW,12.1,25.3,29.11,0.012,Light Drizzle
2026-05-14,2:00 PM,50.6,40.5,68,NW,10.8,28.2,29.12,0.0,Cloudy
2026-05-14,3:00 PM,53.3,38.4,57,NNW,14.5,30.6,29.11,0.0,Cloudy
2026-05-14,4:00 PM,55.1,36.2,49,NNW,15.2,32.0,29.1,0.0,Cloudy
2026-05-14,5:00 PM,55.7,35.1,46,NW,13.3,35.1,29.11,0.0,Cloudy
2026-05-14,6:00 PM,55.5,35.6,47,NW,11.8,31.1,29.11,0.0,Cloudy
2026-05-14,7:00 PM,55.0,35.0,47,NW,11.7,28.6,29.12,0.0,Fair
2026-05-14,8:00 PM,53.6,33.5,46,NW,10.5,24.2,29.13,0.0,Fair
2026-05-14,9:00 PM,50.7,33.4,51,NW,7.4,20.6,29.14,0.0,Fair
2026-05-14,10:00 PM,47.4,34.3,60,NW,6.1,14.5,29.15,0.0,Fair
2026-05-14,11:00 PM,45.4,34.2,65,WNW,6.4,11.9,29.16,0.0,Fair
2026-05-15,12:00 AM,44.2,33.8,67,NW,5.9,11.9,29.16,0.0,Fair
2026-05-15,1:00 AM,43.6,33.4,67,NW,6.2,11.4,29.16,0.0,Fair
2026-05-15,2:00 AM,42.7,34.2,72,NW,6.0,11.4,29.16,0.0,Fair
2026-05-15,3:00 AM,41.6,33.6,73,NW,6.0,11.0,29.15,0.0,Fair
2026-05-15,4:00 AM,41.0,33.5,75,NW,6.2,11.2,29.16,0.0,Fair
2026-05-15,5:00 AM,41.1,33.4,74,NW,6.6,12.3,29.18,0.0,Partly Cloudy
2026-05-15,6:00 AM,41.1,33.7,75,NNW,6.1,12.5,29.19,0.0,Partly Cloudy
2026-05-15,7:00 AM,42.4,35.7,77,NNW,5.2,11.2,29.21,0.0,Fair
2026-05-15,8:00 AM,46.9,38.9,74,N,2.8,9.6,29.23,0.0,Partly Cloudy
2026-05-15,9:00 AM,51.1,40.4,67,NNW,1.5,7.6,29.25,0.0,Partly Cloudy
2026-05-15,10:00 AM,55.1,41.2,59,NNW,2.4,9.4,29.25,0.0,Cloudy
2026-05-15,11:00 AM,58.1,42.5,56,NW,2.2,10.1,29.26,0.0,Partly Cloudy
2026-05-15,12:00 PM,60.7,43.0,52,W,2.9,11.4,29.26,0.0,Cloudy
2026-05-15,1:00 PM,62.9,43.0,48,W,2.1,11.4,29.24,0.0,Cloudy
2026-05-15,2:00 PM,65.9,41.4,41,WSW,3.0,11.0,29.22,0.0,Cloudy
2026-05-15,3:00 PM,65.7,42.4,43,WSW,4.0,12.5,29.22,0.0,Cloudy
2026-05-15,4:00 PM,66.2,42.5,42,SW,4.6,13.4,29.2,0.0,Cloudy
2026-05-15,5:00 PM,66.1,42.6,42,SW,4.5,13.6,29.2,0.0,Partly Cloudy
2026-05-15,6:00 PM,65.3,42.7,44,SW,5.6,13.0,29.19,0.0,Cloudy
2026-05-15,7:00 PM,63.1,47.1,56,SSW,5.0,13.2,29.19,0.0,Fair
2026-05-15,8:00 PM,61.1,45.9,57,SSW,4.0,9.4,29.2,0.0,Cloudy
2026-05-15,9:00 PM,60.0,44.3,56,S,5.9,10.7,29.19,0.0,Fair
2026-05-15,10:00 PM,56.8,42.6,59,S,5.9,11.0,29.2,0.0,Fair
2026-05-15,11:00 PM,54.1,41.8,63,S,5.4,10.5,29.2,0.0,Fair
2026-05-16,12:00 AM,53.2,40.5,62,SSW,6.9,12.3,29.2,0.0,Fair
2026-05-16,1:00 AM,51.6,41.4,68,S,6.0,12.5,29.19,0.0,Fair
2026-05-16,2:00 AM,49.8,43.4,79,S,5.7,10.7,29.19,0.0,Fair
2026-05-16,3:00 AM,49.3,44.1,82,S,5.6,10.5,29.19,0.0,Fair
2026-05-16,4:00 AM,49.2,44.2,83,S,6.0,10.7,29.19,0.0,Fair
2026-05-16,5:00 AM,48.7,44.4,85,S,5.6,10.5,29.2,0.0,Fair
2026-05-16,6:00 AM,48.6,44.5,86,S,6.4,11.2,29.21,0.0,Fair
2026-05-16,7:00 AM,50.9,45.1,80,S,7.5,13.9,29.2,0.0,Fair
2026-05-16,8:00 AM,56.2,47.5,72,S,6.5,14.3,29.2,0.0,Fair
2026-05-16,9:00 AM,61.3,48.9,64,S,7.1,15.7,29.2,0.0,Partly Cloudy
2026-05-16,10:00 AM,65.4,50.5,58,S,8.6,19.7,29.18,0.0,Cloudy
2026-05-16,11:00 AM,69.3,51.4,53,SSW,9.4,21.7,29.18,0.0,Cloudy
2026-05-16,12:00 PM,71.5,54.0,54,SW,9.4,23.5,29.18,0.004,Light Drizzle
2026-05-16,1:00 PM,72.2,56.7,58,SSW,12.0,33.8,29.16,0.016,Light Drizzle
2026-05-16,2:00 PM,65.9,61.5,86,SW,11.3,26.8,29.19,0.028,Drizzle
2026-05-16,3:00 PM,61.2,60.0,96,SSW,9.1,22.8,29.16,0.047,Drizzle
2026-05-16,4:00 PM,64.9,62.1,90,SSW,9.1,19.7,29.15,0.02,Drizzle
2026-05-16,5:00 PM,67.9,61.0,79,SW,12.4,24.4,29.14,0.0,Partly Cloudy
2026-05-16,6:00 PM,69.0,60.7,75,SW,8.9,28.0,29.15,0.0,Partly Cloudy
2026-05-16,7:00 PM,69.5,60.9,74,SW,8.6,20.6,29.12,0.0,Partly Cloudy
2026-05-16,8:00 PM,66.9,61.9,84,SSW,7.6,19.2,29.14,0.0,Fair
2026-05-16,9:00 PM,64.9,61.1,87,SSW,8.1,15.0,29.14,0.0,Partly Cloudy
2026-05-16,10:00 PM,64.0,60.4,88,SSW,10.0,20.1,29.18,0.0,Partly Cloudy
2026-05-16,11:00 PM,63.3,60.4,90,SW,8.7,19.7,29.2,0.0,Fair
2026-05-17,12:00 AM,62.0,60.3,94,SW,7.4,16.6,29.18,0.0,Fair
2026-05-17,1:00 AM,61.4,60.2,96,SW,6.6,14.5,29.18,0.0,Partly Cloudy
2026-05-17,2:00 AM,60.6,59.5,96,SW,5.1,12.1,29.19,0.0,Fair
2026-05-17,3:00 AM,59.7,58.6,96,SSW,5.5,9.6,29.19,0.0,Cloudy
2026-05-17,4:00 AM,59.4,58.5,97,SSW,4.8,9.8,29.19,0.0,Fair
2026-05-17,5:00 AM,58.3,57.5,97,SSW,5.5,9.4,29.2,0.0,Fair
2026-05-17,6:00 AM,57.9,57.2,97,SSW,4.9,9.6,29.2,0.0,Fair
2026-05-17,7:00 AM,59.1,58.4,97,SSW,5.4,9.4,29.22,0.0,Partly Cloudy
2026-05-17,8:00 AM,63.4,60.9,91,SSW,7.1,10.3,29.27,0.0,Fair
2026-05-17,9:00 AM,68.1,62.9,83,SSW,5.3,14.1,29.29,0.0,Fair
2026-05-17,10:00 AM,71.2,63.1,76,SW,7.8,22.6,29.3,0.004,Light Drizzle
2026-05-17,11:00 AM,74.6,65.3,73,SW,6.4,18.1,29.29,0.004,Light Drizzle
2026-05-17,12:00 PM,77.2,65.8,68,SW,9.1,25.1,29.3,0.004,Light Drizzle
2026-05-17,1:00 PM,78.8,63.3,59,SW,8.4,26.4,29.28,0.004,Light Drizzle
2026-05-17,2:00 PM,80.2,62.9,56,SSW,7.3,25.5,29.27,0.0,Fair
2026-05-17,3:00 PM,79.2,63.5,59,SW,8.0,22.8,29.28,0.012,Light Drizzle
2026-05-17,4:00 PM,78.3,63.8,61,SSW,7.3,19.2,29.26,0.008,Light Drizzle
2026-05-17,5:00 PM,80.4,63.2,56,SSW,7.6,17.2,29.25,0.0,Cloudy
2026-05-17,6:00 PM,80.2,63.5,57,SSW,7.5,17.4,29.23,0.0,Partly Cloudy
2026-05-17,7:00 PM,78.4,67.9,70,SSW,3.9,15.7,29.23,0.0,Fair
2026-05-17,8:00 PM,74.9,63.1,67,S,5.4,7.6,29.22,0.0,Fair
2026-05-17,9:00 PM,72.0,60.3,67,S,5.6,9.6,29.22,0.0,Fair
2026-05-17,10:00 PM,69.7,59.9,71,SSE,4.4,9.6,29.23,0.0,Fair
2026-05-17,11:00 PM,67.6,60.4,77,SE,5.9,10.3,29.23,0.0,Partly Cloudy
2026-05-18,12:00 AM,67.2,60.7,80,SSW,6.4,11.2,29.25,0.0,Cloudy
2026-05-18,1:00 AM,66.5,60.0,80,SSW,6.6,11.9,29.25,0.0,Partly Cloudy
2026-05-18,2:00 AM,64.8,59.9,84,S,5.7,11.9,29.24,0.0,Partly Cloudy
2026-05-18,3:00 AM,63.7,58.6,84,S,6.3,11.0,29.25,0.0,Fair
2026-05-18,4:00 AM,63.2,58.1,83,SSW,6.3,11.6,29.26,0.0,Fair
2026-05-18,5:00 AM,62.2,58.2,87,S,6.0,11.4,29.27,0.0,Fair
2026-05-18,6:00 AM,61.8,59.1,91,S,6.4,11.4,29.28,0.0,Fair
2026-05-18,7:00 AM,63.9,60.1,88,S,7.0,12.8,29.3,0.0,Fair
2026-05-18,8:00 AM,68.5,61.4,78,S,6.9,13.6,29.32,0.0,Fair
2026-05-18,9:00 AM,72.8,62.5,70,S,5.8,13.6,29.33,0.0,Fair
2026-05-18,10:00 AM,77.3,63.7,63,SSW,7.5,17.7,29.34,0.0,Fair
2026-05-18,11:00 AM,81.2,64.1,56,SW,9.1,21.5,29.34,0.0,Fair
2026-05-18,12:00 PM,84.1,62.6,48,SW,10.4,23.9,29.33,0.0,Fair
2026-05-18,1:00 PM,85.1,62.1,46,SW,11.2,27.3,29.31,0.004,Light Drizzle
2026-05-18,2:00 PM,85.6,61.4,44,SSW,9.6,28.6,29.29,0.004,Light Drizzle
2026-05-18,3:00 PM,85.3,60.9,44,SSW,12.5,28.2,29.26,0.004,Light Drizzle
2026-05-18,4:00 PM,84.1,63.4,50,SSW,12.3,30.6,29.25,0.02,Drizzle
2026-05-18,5:00 PM,86.3,61.4,43,SSW,11.9,27.5,29.23,0.0,Fair
2026-05-18,6:00 PM,86.0,62.3,45,SSW,9.6,27.3,29.23,0.0,Fair
2026-05-18,7:00 PM,80.0,65.1,61,SSW,7.2,21.7,29.24,0.031,Drizzle
2026-05-18,8:00 PM,79.1,62.6,57,SSW,6.8,16.8,29.22,0.004,Light Drizzle
2026-05-18,9:00 PM,75.7,61.6,62,SW,6.2,12.1,29.24,0.0,Cloudy
2026-05-18,10:00 PM,74.3,61.7,65,SSW,6.3,11.4,29.25,0.0,Cloudy
2026-05-18,11:00 PM,72.7,61.2,67,SSW,6.7,11.9,29.25,0.0,Fair
2026-05-19,12:00 AM,71.9,61.1,69,SSW,6.8,13.0,29.26,0.0,Fair
2026-05-19,1:00 AM,71.6,61.0,69,SW,7.2,13.2,29.26,0.0,Cloudy
2026-05-19,2:00 AM,70.2,62.9,78,SW,6.4,13.2,29.24,0.0,Partly Cloudy
2026-05-19,3:00 AM,70.3,63.4,79,SSW,7.3,13.4,29.24,0.0,Cloudy
2026-05-19,4:00 AM,71.2,64.0,78,SSW,8.1,15.9,29.26,0.0,Cloudy
2026-05-19,5:00 AM,71.0,64.3,79,SSW,7.8,15.9,29.26,0.0,Cloudy
2026-05-19,6:00 AM,70.3,64.2,81,SSW,7.8,15.2,29.27,0.0,Cloudy
2026-05-19,7:00 AM,71.0,64.5,80,SW,7.7,15.9,29.28,0.0,Fair
2026-05-19,8:00 AM,72.5,65.0,77,SSW,9.0,15.7,29.29,0.0,Partly Cloudy
2026-05-19,9:00 AM,73.2,66.2,79,W,7.5,20.8,29.32,0.028,Drizzle
2026-05-19,10:00 AM,73.4,66.2,78,SSW,4.6,20.1,29.31,0.004,Light Drizzle
2026-05-19,11:00 AM,77.3,66.0,68,SSW,9.3,20.1,29.3,0.0,Cloudy
2026-05-19,12:00 PM,79.6,65.0,61,SW,10.7,25.5,29.31,0.0,Fair
2026-05-19,1:00 PM,82.7,65.6,56,SW,10.1,28.0,29.28,0.0,Fair
2026-05-19,2:00 PM,82.4,65.4,56,SW,7.9,28.0,29.28,0.0,Fair
2026-05-19,3:00 PM,85.2,64.0,49,SSW,10.3,24.4,29.25,0.0,Partly Cloudy
2026-05-19,4:00 PM,82.0,65.1,57,S,11.0,26.6,29.23,0.012,Light Drizzle
2026-05-19,5:00 PM,82.5,65.0,56,SSW,10.6,24.8,29.22,0.0,Fair
2026-05-19,6:00 PM,77.2,69.6,78,SW,9.2,25.7,29.23,0.051,Light Rain
2026-05-19,7:00 PM,74.9,69.8,84,SSW,7.9,18.3,29.21,0.02,Drizzle
2026-05-19,8:00 PM,77.1,64.5,65,SSW,11.7,21.0,29.19,0.0,Partly Cloudy
2026-05-19,9:00 PM,75.4,63.4,66,SSW,10.6,22.8,29.2,0.0,Fair
2026-05-19,10:00 PM,74.6,63.6,69,SW,9.5,21.3,29.23,0.0,Fair
2026-05-19,11:00 PM,73.0,63.9,73,WSW,8.1,18.6,29.25,0.0,Fair
2026-05-20,12:00 AM,71.9,63.9,76,WSW,10.2,20.6,29.27,0.008,Light Drizzle
2026-05-20,1:00 AM,68.6,65.0,88,SW,5.0,20.6,29.24,0.02,Drizzle
2026-05-20,2:00 AM,64.8,63.4,95,SW,3.7,13.9,29.23,0.0,Cloudy
2026-05-20,3:00 AM,65.0,64.0,97,SSW,6.2,12.5,29.23,0.0,Fair
2026-05-20,4:00 AM,64.6,63.7,97,SW,6.7,12.5,29.21,0.0,Fair
2026-05-20,5:00 AM,64.7,63.6,96,SW,7.0,14.1,29.22,0.0,Fair
2026-05-20,6:00 AM,64.0,63.3,98,SW,5.1,13.0,29.22,0.0,Fair
2026-05-20,7:00 AM,64.7,63.9,97,SSW,5.0,9.4,29.24,0.0,Partly Cloudy
2026-05-20,8:00 AM,65.8,65.4,98,SSW,1.4,10.3,29.26,0.0,Cloudy
2026-05-20,9:00 AM,67.4,66.6,97,WSW,3.6,14.1,29.26,0.094,Light Rain
2026-05-20,10:00 AM,69.1,67.2,94,W,7.0,16.1,29.27,0.031,Drizzle
2026-05-20,11:00 AM,70.7,67.4,89,WSW,4.5,16.1,29.26,0.031,Drizzle
2026-05-20,12:00 PM,73.1,67.8,83,NW,4.8,15.2,29.26,0.016,Light Drizzle
2026-05-20,1:00 PM,68.5,65.7,91,N,9.1,21.9,29.26,0.047,Drizzle
2026-05-20,2:00 PM,67.9,62.4,83,N,8.3,21.9,29.26,0.236,Rain
2026-05-20,3:00 PM,64.9,59.5,83,N,10.3,23.3,29.26,0.012,Light Drizzle
2026-05-20,4:00 PM,62.3,56.8,82,N,9.7,24.2,29.28,0.008,Light Drizzle
2026-05-20,5:00 PM,61.7,55.6,80,N,9.3,21.9,29.28,0.008,Light Drizzle
2026-05-20,6:00 PM,61.7,54.4,77,N,9.2,21.0,29.29,0.0,Cloudy
2026-05-20,7:00 PM,59.5,52.5,78,NNE,8.4,20.6,29.3,0.0,Cloudy
2026-05-20,8:00 PM,55.5,51.8,87,N,9.6,19.7,29.32,0.008,Light Drizzle
2026-05-20,9:00 PM,53.7,50.8,90,N,8.4,19.7,29.34,0.02,Drizzle
2026-05-20,10:00 PM,52.5,50.9,94,NNE,8.2,17.2,29.35,0.028,Drizzle
2026-05-20,11:00 PM,52.1,50.9,96,NNE,6.9,16.3,29.36,0.02,Drizzle
2026-05-21,12:00 AM,51.7,50.8,97,NNE,6.9,14.3,29.36,0.047,Drizzle
2026-05-21,1:00 AM,50.8,50.1,97,N,7.5,15.2,29.36,0.016,Light Drizzle
2026-05-21,2:00 AM,49.7,49.1,98,NNE,8.2,15.2,29.36,0.024,Drizzle
2026-05-21,3:00 AM,49.1,48.5,98,NNE,8.2,16.8,29.36,0.035,Drizzle
2026-05-21,4:00 AM,48.8,48.2,98,NNE,7.5,16.1,29.35,0.035,Drizzle
2026-05-21,5:00 AM,48.8,48.1,97,NNE,7.5,15.2,29.36,0.008,Light Drizzle
2026-05-21,6:00 AM,48.7,47.8,97,NNE,7.7,15.0,29.37,0.004,Light Drizzle
2026-05-21,7:00 AM,48.7,47.7,96,NNE,7.2,15.0,29.37,0.0,Cloudy
2026-05-21,8:00 AM,49.9,48.5,95,NNE,6.8,14.1,29.39,0.0,Cloudy
2026-05-21,9:00 AM,50.7,48.4,92,NNE,7.1,15.0,29.4,0.0,Cloudy
2026-05-21,10:00 AM,51.9,48.8,89,NNE,7.7,16.8,29.39,0.0,Cloudy
2026-05-21,11:00 AM,53.3,49.2,86,NNE,7.7,17.2,29.39,0.0,Cloudy
2026-05-21,12:00 PM,55.6,49.5,80,NNE,7.4,17.7,29.4,0.0,Cloudy
2026-05-21,1:00 PM,58.1,48.8,71,NE,7.2,18.3,29.39,0.0,Cloudy
2026-05-21,2:00 PM,62.1,48.6,61,NE,7.6,19.0,29.38,0.0,Cloudy
2026-05-21,3:00 PM,62.9,48.1,59,NE,7.5,19.5,29.36,0.0,Cloudy
2026-05-21,4:00 PM,64.0,48.2,57,NE,6.9,18.6,29.36,0.0,Cloudy
2026-05-21,5:00 PM,63.9,47.9,56,NE,8.0,18.1,29.34,0.0,Cloudy
2026-05-21,6:00 PM,63.4,48.9,59,ENE,8.1,18.3,29.34,0.0,Cloudy
2026-05-21,7:00 PM,62.6,49.9,63,ENE,7.7,18.1,29.33,0.0,Cloudy
2026-05-21,8:00 PM,61.0,50.2,68,ENE,6.7,16.1,29.35,0.0,Cloudy
2026-05-21,9:00 PM,59.4,49.7,70,NE,6.3,12.5,29.34,0.0,Cloudy
2026-05-21,10:00 PM,58.1,50.1,75,ENE,6.6,12.8,29.37,0.0,Cloudy
2026-05-21,11:00 PM,57.3,49.0,74,ENE,8.1,16.3,29.37,0.0,Cloudy
2026-05-22,12:00 AM,55.9,46.9,72,E,8.1,16.3,29.37,0.0,Fair
2026-05-22,1:00 AM,54.9,45.3,70,E,8.2,16.3,29.36,0.0,Fair
2026-05-22,2:00 AM,54.5,45.9,73,E,8.4,16.8,29.34,0.0,Cloudy
2026-05-22,3:00 AM,54.0,45.9,74,E,7.1,15.9,29.33,0.0,Fair
2026-05-22,4:00 AM,53.2,46.0,76,ENE,7.4,14.5,29.32,0.0,Fair
2026-05-22,5:00 AM,52.6,46.0,78,ENE,7.5,14.8,29.31,0.0,Partly Cloudy
2026-05-22,6:00 AM,52.3,46.1,80,ENE,7.7,15.2,29.32,0.0,Cloudy
2026-05-22,7:00 AM,53.3,47.1,79,ENE,8.0,16.1,29.33,0.0,Cloudy
2026-05-22,8:00 AM,55.2,50.3,83,E,7.6,20.8,29.34,0.0,Cloudy
2026-05-22,9:00 AM,56.2,52.6,88,ENE,8.5,18.8,29.34,0.035,Drizzle
2026-05-22,10:00 AM,59.5,53.9,82,E,8.6,19.2,29.34,0.0,Cloudy
2026-05-22,11:00 AM,61.6,54.6,78,ESE,9.9,21.5,29.34,0.0,Cloudy
2026-05-22,12:00 PM,62.8,54.6,75,ESE,10.1,21.7,29.34,0.0,Cloudy
2026-05-22,1:00 PM,59.7,57.9,94,ESE,9.3,22.4,29.33,0.118,Rain
2026-05-22,2:00 PM,58.6,57.2,95,ESE,9.2,20.4,29.32,0.091,Light Rain
2026-05-22,3:00 PM,57.7,56.8,96,ESE,9.6,19.0,29.32,0.098,Rain
2026-05-22,4:00 PM,57.3,56.4,97,ESE,10.7,21.5,29.31,0.118,Rain
2026-05-22,5:00 PM,56.4,55.6,97,ESE,10.2,21.5,29.31,0.122,Rain
2026-05-22,6:00 PM,55.7,54.9,97,ESE,10.3,21.0,29.3,0.134,Rain
2026-05-22,7:00 PM,55.3,54.6,97,ESE,10.0,20.4,29.29,0.075,Light Rain
2026-05-22,8:00 PM,55.8,54.9,97,ESE,10.2,20.1,29.29,0.051,Light Rain
2026-05-22,9:00 PM,55.5,54.7,97,ESE,9.8,19.9,29.29,0.126,Rain
2026-05-22,10:00 PM,55.2,54.4,97,ESE,10.2,19.9,29.29,0.094,Light Rain
2026-05-22,11:00 PM,54.9,54.1,97,ESE,10.3,20.4,29.29,0.102,Rain
2026-05-23,12:00 AM,54.3,53.6,97,ESE,10.2,20.4,29.28,0.043,Drizzle
2026-05-23,1:00 AM,53.7,53.1,98,ESE,9.6,20.1,29.27,0.02,Drizzle
2026-05-23,2:00 AM,54.2,53.5,97,ESE,11.0,19.5,29.26,0.055,Light Rain
2026-05-23,3:00 AM,53.8,53.1,97,ESE,11.3,22.8,29.24,0.094,Light Rain
2026-05-23,4:00 AM,53.3,52.6,97,ESE,10.9,23.7,29.23,0.091,Light Rain
2026-05-23,5:00 AM,52.8,52.0,97,ESE,11.3,22.1,29.23,0.008,Light Drizzle
2026-05-23,6:00 AM,52.5,51.7,97,ESE,10.9,22.1,29.23,0.0,Cloudy
2026-05-23,7:00 AM,52.7,51.5,96,ESE,11.3,22.1,29.23,0.0,Cloudy
2026-05-23,8:00 AM,54.2,53.5,97,ESE,9.8,23.5,29.26,0.0,Cloudy
2026-05-23,9:00 AM,56.2,55.1,96,SE,10.1,19.7,29.27,0.043,Drizzle
2026-05-23,10:00 AM,57.1,55.9,96,ESE,8.8,21.7,29.26,0.004,Light Drizzle
2026-05-23,11:00 AM,62.4,58.5,87,SE,11.6,26.8,29.26,0.012,Light Drizzle
2026-05-23,12:00 PM,65.1,59.1,81,SE,12.0,26.2,29.24,0.004,Light Drizzle
2026-05-23,1:00 PM,68.2,60.5,77,SE,12.6,29.1,29.23,0.004,Light Drizzle
2026-05-23,2:00 PM,67.2,60.3,78,SSE,12.2,29.1,29.23,0.0,Cloudy
2026-05-23,3:00 PM,70.0,62.2,76,SE,11.4,27.1,29.21,0.004,Light Drizzle
2026-05-23,4:00 PM,71.9,63.0,74,SE,12.3,26.8,29.19,0.0,Cloudy
2026-05-23,5:00 PM,68.8,65.8,90,SE,9.6,30.2,29.19,0.075,Light Rain
2026-05-23,6:00 PM,66.8,66.3,98,ESE,9.3,23.0,29.19,0.039,Drizzle
2026-05-23,7:00 PM,63.8,62.8,97,ESE,9.5,24.8,29.2,0.031,Drizzle
2026-05-23,8:00 PM,61.7,60.8,97,ESE,9.3,24.8,29.22,0.138,Rain
2026-05-23,9:00 PM,60.3,59.5,97,SE,11.1,24.4,29.23,0.055,Light Rain
2026-05-23,10:00 PM,58.8,58.1,97,SE,10.5,26.8,29.24,0.051,Light Rain
2026-05-23,11:00 PM,58.0,57.5,98,SE,10.1,20.4,29.26,0.028,Drizzle
2026-05-24,12:00 AM,58.3,57.7,98,SE,9.2,19.0,29.27,0.079,Light Rain
2026-05-24,1:00 AM,58.3,57.8,98,SE,9.8,18.6,29.26,0.016,Light Drizzle
2026-05-24,2:00 AM,57.3,56.5,97,SSE,11.2,18.8,29.25,0.0,Fair
2026-05-24,3:00 AM,57.7,56.8,97,SSE,9.9,21.5,29.24,0.004,Light Drizzle
2026-05-24,4:00 AM,58.1,57.4,97,SSE,8.5,18.8,29.25,0.004,Light Drizzle
2026-05-24,5:00 AM,58.2,57.6,98,SSE,6.7,15.9,29.25,0.004,Light Drizzle
2026-05-24,6:00 AM,58.4,57.9,98,SSE,6.8,12.5,29.25,0.004,Light Drizzle
2026-05-24,7:00 AM,59.1,58.6,98,SSE,5.8,12.5,29.27,0.012,Light Drizzle
2026-05-24,8:00 AM,60.5,60.2,99,SSE,4.6,12.1,29.29,0.059,Light Rain
2026-05-24,9:00 AM,63.1,62.4,97,SSE,5.5,12.5,29.28,0.059,Light Rain
2026-05-24,10:00 AM,65.8,64.0,94,S,4.6,15.7,29.28,0.087,Light Rain
2026-05-24,11:00 AM,68.0,65.1,91,SSW,5.6,16.1,29.27,0.016,Light Drizzle
2026-05-24,12:00 PM,69.2,65.9,89,SSW,5.4,13.4,29.26,0.004,Light Drizzle
2026-05-24,1:00 PM,71.7,65.8,82,SSW,7.6,19.0,29.25,0.004,Light Drizzle
2026-05-24,2:00 PM,70.1,66.2,88,S,6.6,19.0,29.24,0.004,Light Drizzle
2026-05-24,3:00 PM,72.1,66.8,84,SSW,7.0,18.6,29.23,0.008,Light Drizzle
2026-05-24,4:00 PM,70.0,67.6,92,SSW,7.2,17.4,29.21,0.11,Rain
2026-05-24,5:00 PM,68.1,67.5,98,WSW,4.4,17.0,29.2,0.181,Rain
2026-05-24,6:00 PM,68.5,67.9,98,SSW,2.8,7.4,29.2,0.043,Drizzle
2026-05-24,7:00 PM,67.4,66.9,98,S,5.1,9.4,29.2,0.083,Light Rain
2026-05-24,8:00 PM,66.1,65.3,97,SW,3.9,10.1,29.19,0.098,Rain
2026-05-24,9:00 PM,65.4,64.9,98,SSW,4.6,8.7,29.2,0.102,Rain
2026-05-24,10:00 PM,65.0,64.6,98,SSW,3.9,8.5,29.21,0.035,Drizzle
2026-05-24,11:00 PM,64.6,64.1,98,SSW,4.4,8.1,29.21,0.012,Light Drizzle
2026-05-25,12:00 AM,64.3,64.0,99,SSW,4.0,8.9,29.2,0.0,Cloudy
2026-05-25,1:00 AM,63.4,63.2,99,SSW,3.9,7.6,29.19,0.0,Cloudy
2026-05-25,2:00 AM,64.3,64.0,99,SW,5.3,8.9,29.2,0.0,Cloudy
2026-05-25,3:00 AM,64.0,64.0,100,WSW,5.6,11.0,29.19,0.0,Cloudy
2026-05-25,4:00 AM,63.6,63.6,100,W,4.8,10.1,29.2,0.0,Cloudy
2026-05-25,5:00 AM,63.8,63.8,100,W,4.5,9.2,29.22,0.004,Light Drizzle
2026-05-25,6:00 AM,63.8,63.6,99,WNW,4.2,8.9,29.24,0.02,Drizzle
2026-05-25,7:00 AM,64.0,63.8,99,NW,4.1,8.1,29.25,0.0,Cloudy
2026-05-25,8:00 AM,64.0,63.7,99,NNW,3.7,9.6,29.28,0.0,Cloudy
2026-05-25,9:00 AM,65.4,64.1,96,N,5.9,13.6,29.28,0.004,Light Drizzle
2026-05-25,10:00 AM,66.1,64.1,93,NNW,5.9,13.9,29.3,0.008,Light Drizzle
2026-05-25,11:00 AM,67.9,64.3,88,N,6.6,16.1,29.31,0.008,Light Drizzle
2026-05-25,12:00 PM,67.9,63.2,85,N,7.8,18.1,29.31,0.008,Light Drizzle
2026-05-25,1:00 PM,71.0,62.8,75,NNE,7.8,19.2,29.3,0.008,Light Drizzle
2026-05-25,2:00 PM,74.2,62.0,66,N,6.9,19.2,29.3,0.004,Light Drizzle
2026-05-25,3:00 PM,74.5,60.7,62,N,7.2,17.9,29.28,0.0,Partly Cloudy
2026-05-25,4:00 PM,74.6,59.5,60,N,6.7,18.1,29.27,0.0,Partly Cloudy
2026-05-25,5:00 PM,74.3,59.5,60,NNE,5.9,16.6,29.26,0.0,Fair
2026-05-25,6:00 PM,73.2,60.0,63,NNE,5.9,14.5,29.26,0.0,Cloudy
2026-05-25,7:00 PM,71.3,61.3,71,NNE,5.8,13.4,29.25,0.0,Cloudy
2026-05-25,8:00 PM,69.3,60.4,73,N,4.3,11.4,29.25,0.0,Partly Cloudy
2026-05-25,9:00 PM,66.4,58.6,76,N,3.1,7.2,29.26,0.0,Cloudy
2026-05-25,10:00 PM,64.5,58.5,81,N,4.0,7.2,29.26,0.0,Cloudy
2026-05-25,11:00 PM,62.5,57.5,84,N,3.5,6.5,29.26,0.0,Partly Cloudy
2026-05-26,12:00 AM,60.8,56.8,87,NNE,3.2,5.8,29.25,0.0,Partly Cloudy
2026-05-26,1:00 AM,59.5,56.3,89,N,3.0,5.4,29.25,0.0,Partly Cloudy
2026-05-26,2:00 AM,59.1,56.5,91,NNE,3.3,6.0,29.24,0.0,Cloudy
2026-05-26,3:00 AM,58.3,55.6,91,NNE,3.8,6.9,29.23,0.0,Partly Cloudy
2026-05-26,4:00 AM,57.7,54.9,90,NNE,3.6,6.9,29.22,0.0,Cloudy
2026-05-26,5:00 AM,56.9,54.2,91,NNE,2.6,6.3,29.24,0.0,Cloudy
2026-05-26,6:00 AM,56.4,54.0,92,NNE,3.3,5.8,29.24,0.0,Cloudy
2026-05-26,7:00 AM,58.6,55.4,89,NE,3.1,5.6,29.25,0.0,Fair
2026-05-26,8:00 AM,62.1,57.4,85,NNE,1.8,5.6,29.27,0.0,Cloudy
2026-05-26,9:00 AM,66.3,60.1,80,NNE,1.3,6.7,29.29,0.0,Cloudy
2026-05-26,10:00 AM,70.2,62.8,77,N,0.9,6.7,29.3,0.0,Cloudy
2026-05-26,11:00 AM,74.2,63.1,68,NE,1.3,7.4,29.29,0.0,Cloudy
2026-05-26,12:00 PM,76.5,61.3,59,NNE,1.1,7.6,29.28,0.0,Cloudy
2026-05-26,1:00 PM,77.8,61.7,58,S,0.1,7.4,29.26,0.0,Cloudy
2026-05-26,2:00 PM,79.2,59.9,52,SSW,1.1,8.3,29.24,0.0,Cloudy
2026-05-26,3:00 PM,79.3,61.2,54,SW,2.3,8.7,29.23,0.0,Cloudy
2026-05-26,4:00 PM,78.2,62.1,58,SSW,2.9,8.7,29.21,0.0,Cloudy
2026-05-26,5:00 PM,76.6,64.0,65,SSW,4.2,9.2,29.2,0.0,Cloudy
2026-05-26,6:00 PM,74.3,66.5,77,SW,5.6,11.4,29.19,0.004,Light Drizzle
2026-05-26,7:00 PM,72.5,66.9,83,SW,4.8,11.2,29.18,0.0,Cloudy
2026-05-26,8:00 PM,72.2,68.8,89,SSW,3.0,8.9,29.18,0.0,Cloudy
2026-05-26,9:00 PM,70.5,68.6,94,SSW,6.0,10.7,29.19,0.004,Light Drizzle
2026-05-26,10:00 PM,69.1,67.3,94,WSW,2.6,11.0,29.19,0.02,Drizzle
2026-05-26,11:00 PM,67.6,66.9,98,SSW,5.1,8.5,29.18,0.035,Drizzle
2026-05-27,12:00 AM,66.7,66.3,99,SSW,3.3,8.9,29.18,0.008,Light Drizzle
2026-05-27,1:00 AM,66.4,65.8,98,W,1.6,5.4,29.17,0.0,Cloudy
2026-05-27,2:00 AM,66.6,66.6,100,S,2.7,2.9,29.17,0.0,Cloudy
2026-05-27,3:00 AM,65.5,65.5,100,NW,3.2,6.9,29.15,0.035,Drizzle
2026-05-27,4:00 AM,65.2,65.0,99,S,0.1,8.5,29.15,0.028,Drizzle
2026-05-27,5:00 AM,64.2,64.1,100,SSE,1.7,3.1,29.13,0.012,Light Drizzle
2026-05-27,6:00 AM,63.9,63.9,100,S,3.5,6.3,29.14,0.008,Light Drizzle
2026-05-27,7:00 AM,64.5,64.4,100,SSW,4.2,8.1,29.15,0.012,Light Drizzle
2026-05-27,8:00 AM,65.7,65.6,100,W,3.3,8.3,29.16,0.02,Drizzle
2026-05-27,9:00 AM,67.4,67.0,99,W,3.9,9.6,29.17,0.055,Light Rain
2026-05-27,10:00 AM,67.8,67.0,97,WNW,2.9,9.6,29.18,0.071,Light Rain
2026-05-27,11:00 AM,68.6,67.7,97,NNW,2.9,8.1,29.18,0.012,Light Drizzle
2026-05-27,12:00 PM,69.1,67.9,96,NNE,1.0,8.1,29.17,0.016,Light Drizzle
2026-05-27,1:00 PM,71.4,65.6,82,E,0.8,8.7,29.15,0.004,Light Drizzle
2026-05-27,2:00 PM,75.0,65.0,71,WNW,0.5,7.8,29.15,0.0,Cloudy
2026-05-27,3:00 PM,74.1,65.6,75,NW,2.9,9.4,29.13,0.012,Light Drizzle
2026-05-27,4:00 PM,74.1,64.6,72,NW,3.1,10.1,29.11,0.004,Light Drizzle
2026-05-27,5:00 PM,74.5,64.2,70,NNW,3.8,10.5,29.1,0.0,Fair
2026-05-27,6:00 PM,75.0,64.1,69,NNW,5.1,12.3,29.1,0.0,Partly Cloudy
2026-05-27,7:00 PM,74.0,65.8,76,NW,4.6,12.3,29.09,0.0,Partly Cloudy
2026-05-27,8:00 PM,68.4,66.1,93,SW,5.5,9.8,29.11,0.0,Cloudy
2026-05-27,9:00 PM,68.1,66.2,94,WSW,4.7,10.5,29.11,0.0,Cloudy
2026-05-27,10:00 PM,67.8,65.2,91,NW,6.1,10.5,29.13,0.0,Fair
2026-05-27,11:00 PM,65.6,57.7,76,N,5.9,13.0,29.15,0.0,Fair
2026-05-28,12:00 AM,62.2,53.7,74,NNW,5.1,11.0,29.15,0.0,Fair
2026-05-28,1:00 AM,60.5,51.6,72,N,7.0,12.5,29.15,0.0,Fair
2026-05-28,2:00 AM,60.2,52.9,77,NNE,6.1,13.6,29.16,0.0,Fair
2026-05-28,3:00 AM,58.6,52.3,80,N,3.7,10.7,29.16,0.0,Fair
2026-05-28,4:00 AM,58.0,51.5,79,N,5.5,9.8,29.17,0.0,Partly Cloudy
2026-05-28,5:00 AM,57.6,50.3,77,N,5.9,11.4,29.17,0.0,Fair
2026-05-28,6:00 AM,56.1,49.6,79,N,5.5,11.4,29.19,0.0,Fair
2026-05-28,7:00 AM,56.7,51.0,81,N,5.1,10.3,29.2,0.0,Fair
2026-05-28,8:00 AM,60.9,52.8,75,N,3.7,9.4,29.23,0.0,Fair
2026-05-28,9:00 AM,63.8,52.1,66,N,4.4,11.6,29.24,0.0,Fair
2026-05-28,10:00 AM,66.3,51.7,59,NNW,4.7,13.0,29.25,0.0,Fair
2026-05-28,11:00 AM,68.6,50.4,52,NNW,5.8,15.2,29.26,0.0,Fair
2026-05-28,12:00 PM,70.1,50.2,49,NNW,8.0,19.5,29.26,0.0,Fair
2026-05-28,1:00 PM,71.3,50.1,47,NNW,12.2,28.2,29.26,0.0,Fair
2026-05-28,2:00 PM,73.0,49.5,43,NNW,11.2,28.4,29.26,0.0,Fair
2026-05-28,3:00 PM,72.1,50.1,46,NNW,11.4,25.9,29.25,0.0,Fair
2026-05-28,4:00 PM,71.2,50.4,48,NNW,10.7,25.9,29.25,0.0,Fair
2026-05-28,5:00 PM,70.2,50.4,49,NNW,10.2,24.2,29.25,0.0,Fair
2026-05-28,6:00 PM,68.7,51.4,54,N,9.5,22.8,29.25,0.0,Fair
2026-05-28,7:00 PM,66.6,51.7,59,N,9.6,20.8,29.24,0.0,Fair
2026-05-28,8:00 PM,64.4,52.7,66,N,7.3,19.9,29.24,0.0,Fair
2026-05-28,9:00 PM,61.9,51.8,70,N,6.8,13.2,29.25,0.0,Fair
2026-05-28,10:00 PM,59.8,51.7,75,N,6.1,13.0,29.27,0.0,Fair
2026-05-28,11:00 PM,57.4,51.6,81,N,5.4,11.2,29.29,0.0,Fair
2026-05-29,12:00 AM,56.0,51.1,83,NNE,4.5,9.6,29.28,0.0,Fair
2026-05-29,1:00 AM,54.7,50.6,86,N,3.3,7.8,29.28,0.0,Fair
2026-05-29,2:00 AM,53.3,50.3,89,NNE,3.5,6.3,29.28,0.0,Fair
2026-05-29,3:00 AM,52.2,49.5,90,NNE,3.9,6.9,29.27,0.0,Fair
2026-05-29,4:00 AM,51.4,49.0,92,NNE,3.6,6.9,29.27,0.0,Fair
2026-05-29,5:00 AM,50.5,48.7,93,NNE,3.3,6.5,29.27,0.0,Fair
2026-05-29,6:00 AM,49.8,48.2,94,NNE,2.4,6.0,29.27,0.0,Fair
2026-05-29,7:00 AM,52.0,49.9,93,NE,3.5,6.3,29.27,0.0,Fair
2026-05-29,8:00 AM,56.2,51.6,85,NNE,2.2,7.6,29.28,0.0,Fair
2026-05-29,9:00 AM,60.6,51.7,72,NE,1.5,7.2,29.28,0.0,Fair
2026-05-29,10:00 AM,63.6,49.6,60,ESE,1.4,7.8,29.27,0.0,Fair
2026-05-29,11:00 AM,65.8,50.2,57,S,1.2,8.3,29.26,0.0,Fair
2026-05-29,12:00 PM,67.9,51.2,55,SW,2.5,10.3,29.25,0.0,Fair
2026-05-29,1:00 PM,69.5,51.9,53,WSW,4.2,13.0,29.21,0.0,Fair
2026-05-29,2:00 PM,73.2,51.0,46,WSW,4.7,15.2,29.19,0.0,Fair
2026-05-29,3:00 PM,73.6,52.3,47,WSW,5.5,15.0,29.17,0.0,Fair
2026-05-29,4:00 PM,74.1,52.7,47,W,6.9,16.8,29.14,0.0,Fair
2026-05-29,5:00 PM,74.1,52.1,46,W,7.2,17.2,29.12,0.0,Fair
2026-05-29,6:00 PM,73.3,53.2,49,WNW,6.5,16.8,29.11,0.0,Fair
2026-05-29,7:00 PM,71.2,56.7,60,WNW,5.7,13.6,29.08,0.0,Fair
2026-05-29,8:00 PM,68.6,55.7,63,WNW,5.9,10.7,29.08,0.0,Fair
2026-05-29,9:00 PM,64.9,52.3,64,WNW,5.9,10.7,29.08,0.0,Fair
2026-05-29,10:00 PM,63.2,51.6,66,WNW,6.4,11.4,29.09,0.0,Fair
2026-05-29,11:00 PM,61.6,51.6,70,WNW,5.8,11.6,29.09,0.0,Fair
2026-05-30,12:00 AM,60.0,51.4,73,W,5.4,10.3,29.09,0.0,Fair
2026-05-30,1:00 AM,59.4,50.6,73,W,6.2,11.0,29.08,0.0,Fair
2026-05-30,2:00 AM,59.1,50.5,73,W,6.6,12.1,29.06,0.0,Fair
2026-05-30,3:00 AM,58.9,49.6,71,WNW,7.0,12.5,29.06,0.0,Fair
2026-05-30,4:00 AM,58.8,49.0,70,NNW,7.9,15.4,29.08,0.0,Fair
2026-05-30,5:00 AM,57.4,48.7,73,N,8.6,16.6,29.1,0.0,Fair
2026-05-30,6:00 AM,55.3,46.0,71,NNE,8.5,17.7,29.13,0.0,Fair
2026-05-30,7:00 AM,54.1,43.5,67,NNE,8.8,17.9,29.16,0.0,Fair
2026-05-30,8:00 AM,55.9,41.0,57,NNE,8.8,19.9,29.2,0.0,Fair
2026-05-30,9:00 AM,55.9,40.0,55,NNE,9.2,20.8,29.22,0.0,Fair
2026-05-30,10:00 AM,57.5,41.4,55,NNE,8.7,21.5,29.23,0.0,Fair
2026-05-30,11:00 AM,60.1,43.8,55,NNE,7.3,20.8,29.24,0.0,Fair
2026-05-30,12:00 PM,63.1,45.3,52,NNE,6.9,18.8,29.24,0.0,Fair
2026-05-30,1:00 PM,65.2,45.5,49,NNE,7.8,19.7,29.25,0.0,Fair
2026-05-30,2:00 PM,68.6,44.8,42,NNE,8.3,22.1,29.25,0.0,Fair
2026-05-30,3:00 PM,68.9,46.9,45,NNE,7.1,20.6,29.25,0.0,Fair
2026-05-30,4:00 PM,69.4,46.4,44,NNE,7.6,18.6,29.23,0.0,Fair
2026-05-30,5:00 PM,68.8,46.1,44,NNE,8.9,20.4,29.23,0.0,Fair
2026-05-30,6:00 PM,67.5,47.6,49,NNE,9.1,20.6,29.24,0.0,Fair
2026-05-30,7:00 PM,65.7,49.2,55,NNE,8.4,19.9,29.24,0.0,Fair
2026-05-30,8:00 PM,63.9,49.5,59,NNE,7.8,17.2,29.24,0.0,Fair
2026-05-30,9:00 PM,61.0,47.8,62,NNE,7.5,14.3,29.25,0.0,Fair
2026-05-30,10:00 PM,59.7,46.0,61,NNE,9.1,17.4,29.28,0.0,Fair
2026-05-30,11:00 PM,58.7,44.7,60,NE,9.7,19.7,29.3,0.0,Fair
2026-05-31,12:00 AM,56.8,43.1,60,ENE,8.5,19.5,29.31,0.0,Fair
2026-05-31,1:00 AM,55.4,41.5,60,ENE,8.0,17.0,29.32,0.0,Fair
2026-05-31,2:00 AM,53.1,41.3,64,ENE,7.7,15.9,29.32,0.0,Fair
2026-05-31,3:00 AM,51.3,41.4,69,ENE,6.0,14.3,29.31,0.0,Fair
2026-05-31,4:00 AM,49.4,41.5,74,ENE,5.2,11.2,29.31,0.0,Fair
2026-05-31,5:00 AM,48.2,41.5,78,ENE,5.1,9.4,29.3,0.0,Fair
2026-05-31,6:00 AM,47.3,41.5,80,E,4.7,9.2,29.3,0.0,Fair
2026-05-31,7:00 AM,49.5,43.4,80,ENE,4.7,8.3,29.3,0.0,Fair
2026-05-31,8:00 AM,54.0,44.8,71,ENE,3.3,8.7,29.31,0.0,Fair
2026-05-31,9:00 AM,58.1,46.0,64,ENE,3.5,10.5,29.31,0.0,Fair
2026-05-31,10:00 AM,61.9,46.8,58,E,3.6,11.4,29.31,0.0,Fair
2026-05-31,11:00 AM,64.9,46.7,52,E,3.4,11.9,29.3,0.0,Fair
2026-05-31,12:00 PM,67.1,45.9,46,ESE,2.3,11.6,29.28,0.0,Fair
2026-05-31,1:00 PM,68.9,45.8,43,SE,1.4,10.1,29.26,0.0,Fair
2026-05-31,2:00 PM,71.8,42.8,35,E,1.2,8.9,29.23,0.0,Fair
2026-05-31,3:00 PM,71.9,45.1,38,S,0.8,8.5,29.21,0.0,Fair
2026-05-31,4:00 PM,72.1,46.1,39,WSW,2.5,9.6,29.18,0.0,Fair
2026-05-31,5:00 PM,72.0,47.4,42,WSW,2.7,10.1,29.16,0.0,Fair
2026-05-31,6:00 PM,71.4,48.8,45,WSW,1.5,9.2,29.14,0.0,Fair
2026-05-31,7:00 PM,69.6,57.5,65,SE,1.4,6.0,29.12,0.0,Cloudy
2026-05-31,8:00 PM,67.0,60.8,80,SE,1.4,5.1,29.12,0.0,Cloudy
2026-05-31,9:00 PM,63.2,58.1,83,NNE,1.6,2.0,29.12,0.0,Cloudy
2026-05-31,10:00 PM,61.3,53.4,75,N,6.3,10.7,29.13,0.0,Cloudy
2026-05-31,11:00 PM,60.6,47.0,61,NNE,8.0,15.2,29.15,0.0,Cloudy
2026-06-01,12:00 AM,58.2,47.7,68,NNE,6.8,15.2,29.15,0.0,Partly Cloudy
2026-06-01,1:00 AM,55.7,46.9,72,NNE,4.7,12.8,29.14,0.0,Partly Cloudy
2026-06-01,2:00 AM,53.4,46.5,77,NNE,3.3,8.3,29.15,0.0,Partly Cloudy
2026-06-01,3:00 AM,52.7,46.0,78,NNE,2.2,5.1,29.14,0.0,Cloudy
2026-06-01,4:00 AM,51.5,46.3,82,NNE,2.6,4.7,29.14,0.0,Cloudy
2026-06-01,5:00 AM,50.5,46.0,85,NNE,2.6,4.7,29.13,0.0,Partly Cloudy
2026-06-01,6:00 AM,49.5,45.8,87,NNE,3.7,6.3,29.14,0.0,Fair
2026-06-01,7:00 AM,51.8,46.9,83,NNE,4.3,8.1,29.16,0.0,Cloudy
2026-06-01,8:00 AM,56.4,48.6,75,N,3.6,8.1,29.18,0.0,Cloudy
2026-06-01,9:00 AM,61.0,50.2,68,N,2.6,8.7,29.2,0.0,Partly Cloudy
2026-06-01,10:00 AM,65.5,48.4,54,NNE,3.3,10.5,29.21,0.0,Cloudy
2026-06-01,11:00 AM,67.9,45.5,45,NE,3.2,11.2,29.21,0.0,Cloudy
2026-06-01,12:00 PM,69.7,45.2,41,NE,3.4,11.6,29.2,0.0,Cloudy
2026-06-01,1:00 PM,71.3,46.2,41,NNE,2.4,11.4,29.2,0.0,Cloudy
2026-06-01,2:00 PM,74.1,45.1,35,NNE,3.2,12.3,29.2,0.0,Cloudy
2026-06-01,3:00 PM,74.2,45.7,36,NNE,4.7,13.6,29.21,0.0,Cloudy
2026-06-01,4:00 PM,74.0,43.3,33,NE,4.5,13.4,29.21,0.0,Cloudy
2026-06-01,5:00 PM,72.7,46.0,39,ENE,5.3,12.1,29.2,0.0,Cloudy
2026-06-01,6:00 PM,71.5,49.3,45,NE,5.9,12.1,29.2,0.0,Cloudy
2026-06-01,7:00 PM,69.4,50.9,52,NE,6.2,14.5,29.2,0.0,Cloudy
2026-06-01,8:00 PM,67.8,53.1,59,N,4.0,12.1,29.21,0.0,Cloudy
2026-06-01,9:00 PM,63.9,50.1,61,N,5.4,9.8,29.22,0.0,Fair
2026-06-01,10:00 PM,61.4,47.7,61,N,7.3,13.4,29.25,0.0,Fair
2026-06-01,11:00 PM,59.5,45.4,60,N,7.6,14.5,29.26,0.0,Fair
2026-06-02,12:00 AM,57.7,45.3,63,N,7.2,14.5,29.26,0.0,Fair
2026-06-02,1:00 AM,56.5,46.2,68,NNE,6.6,13.6,29.26,0.0,Fair
2026-06-02,2:00 AM,54.6,46.8,75,NNE,6.3,12.3,29.26,0.0,Fair
2026-06-02,3:00 AM,53.1,46.7,79,NNE,5.5,11.4,29.26,0.0,Fair
2026-06-02,4:00 AM,52.2,46.2,80,NNE,5.2,9.6,29.26,0.0,Fair
2026-06-02,5:00 AM,51.6,45.1,78,NNE,5.2,9.6,29.27,0.0,Fair
2026-06-02,6:00 AM,51.2,44.2,77,NNE,5.1,9.2,29.28,0.0,Fair
2026-06-02,7:00 AM,53.6,45.1,73,NE,6.6,12.3,29.31,0.0,Fair
2026-06-02,8:00 AM,58.2,48.2,69,NE,6.1,12.5,29.35,0.0,Fair
2026-06-02,9:00 AM,61.9,49.6,64,ENE,7.7,17.4,29.36,0.0,Fair
2026-06-02,10:00 AM,64.6,50.4,60,ENE,7.6,19.2,29.39,0.0,Fair
2026-06-02,11:00 AM,67.4,51.5,57,ENE,6.1,18.3,29.39,0.0,Fair
2026-06-02,12:00 PM,70.0,51.4,52,ENE,6.4,18.8,29.4,0.0,Fair
2026-06-02,1:00 PM,71.2,48.8,45,NE,8.3,20.8,29.39,0.0,Fair
2026-06-02,2:00 PM,73.9,43.9,34,NE,8.7,22.1,29.4,0.0,Fair
2026-06-02,3:00 PM,73.2,43.5,34,NE,9.4,22.6,29.4,0.0,Fair
2026-06-02,4:00 PM,73.2,43.9,35,NE,7.9,22.4,29.4,0.0,Fair
2026-06-02,5:00 PM,73.2,43.8,35,NE,7.5,19.0,29.4,0.0,Fair
2026-06-02,6:00 PM,72.4,44.0,36,NE,7.8,17.9,29.4,0.0,Fair
2026-06-02,7:00 PM,70.5,47.9,45,NE,6.5,17.2,29.39,0.0,Fair
2026-06-02,8:00 PM,68.3,52.6,57,NNE,3.6,12.5,29.4,0.0,Cloudy
2026-06-02,9:00 PM,64.0,48.7,58,N,6.7,11.0,29.41,0.0,Cloudy
2026-06-02,10:00 PM,63.7,43.9,48,N,7.3,15.4,29.43,0.0,Cloudy
2026-06-02,11:00 PM,60.8,42.9,52,N,6.5,14.1,29.44,0.0,Partly Cloudy
2026-06-03,12:00 AM,58.7,42.8,55,NNE,6.2,12.3,29.44,0.0,Fair
2026-06-03,1:00 AM,56.9,43.3,60,N,5.4,11.2,29.44,0.0,Fair
2026-06-03,2:00 AM,53.9,44.9,72,NNE,3.8,9.6,29.44,0.0,Fair
2026-06-03,3:00 AM,52.5,44.9,75,ENE,2.9,6.7,29.43,0.0,Partly Cloudy
2026-06-03,4:00 AM,52.1,45.1,77,NE,2.2,5.4,29.43,0.0,Fair
2026-06-03,5:00 AM,51.3,45.9,82,N,2.5,4.0,29.44,0.0,Fair
2026-06-03,6:00 AM,50.5,46.2,85,N,3.4,6.0,29.45,0.0,Fair
2026-06-03,7:00 AM,53.2,47.8,82,NNE,4.2,7.2,29.48,0.0,Fair
2026-06-03,8:00 AM,57.4,49.6,75,N,3.0,7.6,29.51,0.0,Fair
2026-06-03,9:00 AM,62.8,50.9,65,N,2.6,8.9,29.53,0.0,Fair
2026-06-03,10:00 AM,68.0,49.6,52,NNE,2.4,9.4,29.53,0.0,Fair
2026-06-03,11:00 AM,71.4,45.8,40,NNE,2.2,10.1,29.52,0.0,Fair
2026-06-03,12:00 PM,73.7,42.8,33,N,3.1,11.2,29.52,0.0,Fair
2026-06-03,1:00 PM,75.2,41.7,30,N,3.6,12.5,29.5,0.0,Fair
2026-06-03,2:00 PM,77.4,40.7,27,NNE,2.8,12.5,29.49,0.0,Partly Cloudy
2026-06-03,3:00 PM,77.3,41.8,28,NNE,1.5,10.7,29.47,0.0,Partly Cloudy
2026-06-03,4:00 PM,77.6,42.5,29,E,0.4,9.2,29.45,0.0,Fair
2026-06-03,5:00 PM,77.6,43.0,29,S,0.4,7.2,29.43,0.0,Fair
2026-06-03,6:00 PM,77.1,43.9,31,S,0.7,6.5,29.42,0.0,Fair
2026-06-03,7:00 PM,74.9,52.6,46,SSE,2.1,5.6,29.4,0.0,Fair
2026-06-03,8:00 PM,71.2,55.4,58,SSW,3.2,5.6,29.4,0.0,Fair
2026-06-03,9:00 PM,67.1,49.8,54,SW,5.4,8.9,29.39,0.0,Fair
2026-06-03,10:00 PM,65.0,48.6,55,WNW,2.7,8.7,29.39,0.0,Fair
2026-06-03,11:00 PM,63.1,50.4,63,NW,2.6,4.7,29.39,0.0,Fair
2026-06-04,12:00 AM,62.4,51.3,67,NNW,0.9,4.5,29.38,0.0,Fair
2026-06-04,1:00 AM,59.6,51.5,75,ESE,2.2,3.1,29.38,0.0,Fair
2026-06-04,2:00 AM,57.2,51.3,81,NW,0.2,4.3,29.38,0.0,Fair
2026-06-04,3:00 AM,55.7,50.7,83,SW,1.6,2.7,29.37,0.0,Fair
2026-06-04,4:00 AM,54.1,50.5,88,SSW,2.7,4.5,29.37,0.0,Fair
2026-06-04,5:00 AM,53.4,50.1,88,SSW,2.9,4.9,29.38,0.0,Fair
2026-06-04,6:00 AM,53.2,49.2,86,SSW,3.1,5.4,29.39,0.0,Fair
2026-06-04,7:00 AM,56.4,50.2,80,SW,4.0,6.5,29.4,0.0,Fair
2026-06-04,8:00 AM,60.8,51.6,72,SSE,1.2,7.6,29.42,0.0,Fair
2026-06-04,9:00 AM,65.8,53.6,65,S,1.5,7.4,29.42,0.0,Fair
2026-06-04,10:00 AM,71.2,55.0,57,SSW,1.8,8.7,29.42,0.0,Fair
2026-06-04,11:00 AM,75.7,53.0,45,SSW,2.4,10.3,29.41,0.0,Fair
2026-06-04,12:00 PM,78.4,48.6,35,SSW,2.9,11.4,29.4,0.0,Fair
2026-06-04,1:00 PM,79.8,48.5,33,SSW,4.2,13.9,29.38,0.0,Cloudy
2026-06-04,2:00 PM,81.6,48.5,32,S,4.4,15.4,29.37,0.0,Partly Cloudy
2026-06-04,3:00 PM,81.2,48.7,32,S,5.6,16.3,29.35,0.0,Partly Cloudy
2026-06-04,4:00 PM,81.3,48.5,32,S,6.2,17.0,29.33,0.0,Partly Cloudy
2026-06-04,5:00 PM,81.1,47.8,31,S,5.8,17.0,29.31,0.0,Cloudy
2026-06-04,6:00 PM,80.5,47.6,32,S,4.9,15.4,29.28,0.0,Partly Cloudy
2026-06-04,7:00 PM,78.3,53.8,43,SE,4.6,12.5,29.26,0.0,Fair
2026-06-04,8:00 PM,74.1,55.9,53,SSE,5.1,9.6,29.26,0.0,Fair
2026-06-04,9:00 PM,70.3,52.9,54,S,5.0,10.1,29.24,0.0,Cloudy
2026-06-04,10:00 PM,68.5,52.9,58,S,3.3,8.1,29.24,0.0,Cloudy
2026-06-04,11:00 PM,66.5,53.6,63,S,4.1,6.5,29.25,0.0,Fair
2026-06-05,12:00 AM,65.1,51.3,61,SW,5.1,8.9,29.26,0.0,Partly Cloudy
2026-06-05,1:00 AM,63.1,50.8,64,SW,3.4,8.7,29.26,0.0,Partly Cloudy
2026-06-05,2:00 AM,59.2,51.7,76,SSW,3.7,5.8,29.26,0.0,Fair
2026-06-05,3:00 AM,58.3,51.5,78,SSW,4.8,8.1,29.25,0.0,Cloudy
2026-06-05,4:00 AM,58.1,51.5,79,SSW,4.5,8.5,29.25,0.0,Cloudy
2026-06-05,5:00 AM,57.7,52.1,81,SSW,4.6,7.6,29.24,0.0,Fair
2026-06-05,6:00 AM,57.1,52.6,85,SSW,5.3,8.9,29.25,0.0,Cloudy
2026-06-05,7:00 AM,60.1,53.4,79,SSW,6.4,11.6,29.26,0.0,Cloudy
2026-06-05,8:00 AM,63.4,55.6,76,S,4.7,11.9,29.27,0.0,Cloudy
2026-06-05,9:00 AM,68.4,57.6,68,SSW,4.0,11.4,29.28,0.0,Cloudy
2026-06-05,10:00 AM,74.2,59.1,59,SSW,5.1,14.1,29.28,0.0,Cloudy
2026-06-05,11:00 AM,78.4,58.6,51,SW,7.2,18.8,29.26,0.0,Fair
2026-06-05,12:00 PM,81.2,56.5,43,SW,9.0,22.4,29.26,0.0,Fair
2026-06-05,1:00 PM,82.5,55.3,39,SW,9.1,22.6,29.24,0.0,Fair
2026-06-05,2:00 PM,83.2,55.7,39,SW,9.4,23.5,29.23,0.0,Cloudy
2026-06-05,3:00 PM,83.4,55.3,38,SW,10.3,24.6,29.22,0.0,Cloudy
2026-06-05,4:00 PM,83.9,54.4,36,SW,10.2,25.3,29.19,0.0,Fair
2026-06-05,5:00 PM,85.1,53.5,34,SW,10.5,24.4,29.17,0.0,Fair
2026-06-05,6:00 PM,84.7,53.5,34,SW,9.8,23.9,29.14,0.0,Fair
2026-06-05,7:00 PM,82.7,56.2,40,SW,7.8,21.9,29.12,0.0,Fair
2026-06-05,8:00 PM,77.5,59.1,53,SW,6.5,15.7,29.14,0.0,Fair
2026-06-05,9:00 PM,74.5,57.8,56,SSW,7.5,13.2,29.14,0.0,Fair
2026-06-05,10:00 PM,73.6,56.2,55,SW,8.6,15.9,29.14,0.0,Fair
2026-06-05,11:00 PM,73.0,55.2,54,SW,8.7,17.0,29.14,0.0,Fair
2026-06-06,12:00 AM,71.7,55.6,57,SW,8.1,16.6,29.13,0.0,Cloudy
2026-06-06,1:00 AM,70.3,55.9,60,SW,7.6,15.4,29.13,0.0,Partly Cloudy
2026-06-06,2:00 AM,68.2,57.7,69,SW,7.6,14.3,29.13,0.0,Partly Cloudy
2026-06-06,3:00 AM,68.6,57.8,68,SW,8.0,15.2,29.12,0.0,Cloudy
2026-06-06,4:00 AM,69.3,57.7,67,SW,8.3,15.9,29.12,0.0,Cloudy
2026-06-06,5:00 AM,69.5,57.5,66,SW,8.8,17.4,29.11,0.0,Cloudy
2026-06-06,6:00 AM,68.3,57.4,68,SW,8.9,17.4,29.12,0.0,Cloudy
2026-06-06,7:00 AM,68.5,58.1,69,SW,9.7,19.2,29.13,0.0,Cloudy
2026-06-06,8:00 AM,67.4,63.6,88,SW,10.4,21.0,29.13,0.0,Cloudy
2026-06-06,9:00 AM,69.1,64.2,85,SW,12.4,25.5,29.12,0.02,Drizzle
2026-06-06,10:00 AM,72.9,64.9,76,SW,9.9,25.5,29.13,0.008,Light Drizzle
2026-06-06,11:00 AM,76.3,64.0,66,WSW,12.1,27.3,29.13,0.0,Partly Cloudy
2026-06-06,12:00 PM,77.9,64.0,62,SW,13.2,30.2,29.12,0.0,Partly Cloudy
2026-06-06,1:00 PM,81.5,64.2,56,SW,13.2,30.4,29.11,0.0,Cloudy
2026-06-06,2:00 PM,70.9,65.5,83,W,11.1,34.7,29.14,0.024,Drizzle
2026-06-06,3:00 PM,70.3,67.7,92,SW,8.2,22.4,29.08,0.047,Drizzle
2026-06-06,4:00 PM,75.0,67.4,77,WSW,9.8,22.1,29.09,0.004,Light Drizzle
2026-06-06,5:00 PM,76.3,64.2,66,WSW,12.1,26.8,29.08,0.0,Partly Cloudy
2026-06-06,6:00 PM,75.0,63.3,67,WSW,8.7,27.7,29.08,0.004,Light Drizzle
2026-06-06,7:00 PM,70.6,62.5,76,WSW,12.8,29.8,29.09,0.012,Light Drizzle
2026-06-06,8:00 PM,68.0,66.9,96,W,8.6,25.3,29.05,0.008,Light Drizzle
2026-06-06,9:00 PM,65.2,64.6,98,NW,9.5,22.6,29.12,0.169,Rain
2026-06-06,10:00 PM,65.5,64.9,98,SW,3.9,17.9,29.1,0.031,Drizzle
2026-06-06,11:00 PM,65.0,64.6,98,WSW,5.1,8.9,29.1,0.004,Light Drizzle
2026-06-07,12:00 AM,65.6,65.1,98,WSW,5.5,12.5,29.09,0.0,Fair
2026-06-07,1:00 AM,65.1,64.9,99,SW,4.1,9.8,29.1,0.0,Partly Cloudy
2026-06-07,2:00 AM,66.9,66.7,99,W,6.0,7.8,29.09,0.0,Fair
2026-06-07,3:00 AM,66.6,66.3,99,W,5.2,11.0,29.08,0.0,Fair
2026-06-07,4:00 AM,66.4,66.2,99,WSW,4.2,9.4,29.08,0.0,Cloudy
2026-06-07,5:00 AM,66.7,66.6,99,W,3.8,8.3,29.09,0.0,Cloudy
2026-06-07,6:00 AM,67.0,66.8,99,W,3.8,7.6,29.1,0.0,Cloudy
2026-06-07,7:00 AM,67.2,67.1,100,NW,4.8,10.7,29.11,0.0,Cloudy
2026-06-07,8:00 AM,67.4,66.7,98,NW,3.1,10.5,29.13,0.0,Cloudy
2026-06-07,9:00 AM,70.3,67.5,91,NNW,3.5,10.3,29.15,0.0,Cloudy
2026-06-07,10:00 AM,73.0,67.1,82,NNW,3.9,11.4,29.16,0.004,Light Drizzle
2026-06-07,11:00 AM,75.7,66.1,72,NNW,3.9,12.1,29.16,0.004,Light Drizzle
2026-06-07,12:00 PM,78.4,64.5,63,NW,4.8,13.6,29.15,0.0,Fair
2026-06-07,1:00 PM,80.8,62.7,54,NNW,6.0,15.7,29.15,0.0,Fair
2026-06-07,2:00 PM,82.0,61.3,50,NNW,4.7,16.1,29.15,0.0,Fair
2026-06-07,3:00 PM,83.0,59.6,45,NNW,4.4,13.2,29.14,0.0,Fair
2026-06-07,4:00 PM,83.2,58.7,44,NNW,5.1,13.4,29.13,0.0,Fair
2026-06-07,5:00 PM,82.9,58.6,44,N,5.2,13.4,29.13,0.0,Fair
2026-06-07,6:00 PM,82.0,58.9,46,N,5.0,13.0,29.13,0.0,Fair
2026-06-07,7:00 PM,79.7,61.9,55,NNE,5.2,11.4,29.13,0.0,Fair
2026-06-07,8:00 PM,76.6,63.0,63,NNE,5.5,11.6,29.15,0.0,Fair
2026-06-07,9:00 PM,72.3,59.7,65,NNE,7.0,12.8,29.17,0.0,Fair
2026-06-07,10:00 PM,69.9,58.5,67,NNE,7.3,13.4,29.2,0.0,Fair
2026-06-07,11:00 PM,67.6,58.9,74,NNE,6.2,13.6,29.22,0.0,Fair
2026-06-08,12:00 AM,65.1,58.8,80,NE,5.7,11.2,29.22,0.0,Fair
2026-06-08,1:00 AM,63.6,58.8,84,NE,5.5,10.1,29.23,0.0,Cloudy
2026-06-08,2:00 AM,62.3,58.6,87,ENE,5.2,9.6,29.23,0.0,Cloudy
2026-06-08,3:00 AM,61.9,58.4,88,ENE,4.5,9.4,29.24,0.0,Partly Cloudy
2026-06-08,4:00 AM,61.3,57.8,89,ENE,3.3,7.8,29.25,0.0,Partly Cloudy
2026-06-08,5:00 AM,60.5,57.6,90,ENE,4.5,8.1,29.25,0.0,Fair
2026-06-08,6:00 AM,59.6,57.0,91,E,3.9,7.8,29.25,0.0,Fair
2026-06-08,7:00 AM,61.9,58.5,89,ENE,4.4,7.6,29.27,0.0,Fair
2026-06-08,8:00 AM,65.8,60.3,82,ENE,2.7,9.2,29.31,0.0,Fair
2026-06-08,9:00 AM,70.8,61.9,73,E,3.7,10.5,29.32,0.0,Fair
2026-06-08,10:00 AM,75.5,63.3,66,ESE,4.5,12.3,29.32,0.0,Fair
2026-06-08,11:00 AM,79.3,64.6,61,SE,5.4,14.5,29.31,0.0,Partly Cloudy
2026-06-08,12:00 PM,82.0,63.1,53,SE,5.4,15.2,29.32,0.0,Cloudy
2026-06-08,1:00 PM,83.8,61.8,48,SE,5.2,15.0,29.32,0.0,Cloudy
2026-06-08,2:00 PM,84.8,57.8,40,SE,5.2,16.3,29.31,0.0,Cloudy
2026-06-08,3:00 PM,85.5,57.4,39,SE,4.7,14.8,29.31,0.0,Cloudy
2026-06-08,4:00 PM,85.6,58.4,40,SE,4.7,13.4,29.29,0.0,Cloudy
2026-06-08,5:00 PM,85.3,59.7,42,SE,5.6,13.2,29.28,0.0,Cloudy
2026-06-08,6:00 PM,84.6,61.3,46,SE,5.6,13.4,29.27,0.0,Cloudy
2026-06-08,7:00 PM,82.2,64.9,56,SSE,6.2,12.8,29.27,0.0,Cloudy
2026-06-08,8:00 PM,78.7,66.5,66,SE,6.0,12.5,29.28,0.0,Cloudy
2026-06-08,9:00 PM,75.9,65.5,70,SSE,5.4,10.7,29.28,0.0,Cloudy
2026-06-08,10:00 PM,73.8,65.8,76,SE,4.1,9.4,29.28,0.0,Cloudy
2026-06-08,11:00 PM,72.4,65.7,79,SE,3.6,7.2,29.3,0.0,Cloudy
2026-06-09,12:00 AM,71.4,65.4,81,SE,4.1,6.5,29.29,0.0,Cloudy
2026-06-09,1:00 AM,71.2,63.9,78,ESE,6.9,12.5,29.3,0.0,Cloudy
2026-06-09,2:00 AM,70.6,62.8,76,SE,7.5,13.4,29.3,0.0,Cloudy
2026-06-09,3:00 AM,70.7,63.8,79,SSE,6.4,13.4,29.3,0.0,Cloudy
2026-06-09,4:00 AM,70.8,65.4,83,SSE,6.9,12.8,29.28,0.004,Light Drizzle
2026-06-09,5:00 AM,71.2,65.6,83,S,8.0,15.2,29.29,0.0,Cloudy
2026-06-09,6:00 AM,71.4,65.0,80,S,8.0,16.8,29.3,0.0,Cloudy
2026-06-09,7:00 AM,72.0,65.1,79,SSW,8.6,17.2,29.31,0.0,Cloudy
2026-06-09,8:00 AM,71.8,68.5,90,SSW,7.1,19.0,29.32,0.0,Cloudy
2026-06-09,9:00 AM,71.6,69.9,94,SSW,9.4,18.3,29.31,0.039,Drizzle
2026-06-09,10:00 AM,75.7,70.3,83,SSW,10.7,22.1,29.31,0.004,Light Drizzle
2026-06-09,11:00 AM,78.5,68.7,72,SSW,10.4,24.6,29.29,0.0,Cloudy
2026-06-09,12:00 PM,79.1,67.7,68,SSW,10.1,24.4,29.27,0.0,Cloudy
2026-06-09,1:00 PM,80.8,68.4,66,SSW,10.2,23.3,29.26,0.0,Cloudy
2026-06-09,2:00 PM,80.7,67.9,65,S,9.3,24.8,29.27,0.0,Cloudy
2026-06-09,3:00 PM,81.6,66.9,61,S,9.8,23.7,29.23,0.0,Cloudy
2026-06-09,4:00 PM,82.9,66.5,58,S,9.5,24.4,29.2,0.0,Cloudy
2026-06-09,5:00 PM,82.6,66.1,58,S,9.9,24.8,29.18,0.0,Cloudy
2026-06-09,6:00 PM,75.7,68.0,77,SSW,14.8,30.9,29.18,0.031,Drizzle
2026-06-09,7:00 PM,72.5,69.8,91,S,10.5,31.5,29.16,0.035,Drizzle
2026-06-09,8:00 PM,74.7,70.8,88,S,9.0,20.8,29.16,0.008,Light Drizzle
2026-06-09,9:00 PM,72.4,69.9,92,S,8.3,19.5,29.15,0.012,Light Drizzle
2026-06-09,10:00 PM,71.4,70.1,96,S,8.6,16.8,29.13,0.0,Cloudy
2026-06-09,11:00 PM,71.8,70.4,96,SSW,9.2,18.8,29.14,0.0,Cloudy
2026-06-10,12:00 AM,71.9,70.4,95,SSW,9.7,19.5,29.14,0.004,Light Drizzle
2026-06-10,1:00 AM,72.0,70.5,95,SSW,8.8,19.0,29.13,0.0,Cloudy
2026-06-10,2:00 AM,69.4,69.1,99,SW,4.0,17.7,29.11,0.004,Light Drizzle
2026-06-10,3:00 AM,69.9,69.6,99,SSW,6.7,12.5,29.1,0.0,Partly Cloudy
2026-06-10,4:00 AM,70.0,69.8,99,SSW,8.6,16.3,29.09,0.004,Light Drizzle
2026-06-10,5:00 AM,70.4,69.9,98,SW,8.6,17.9,29.08,0.0,Cloudy
2026-06-10,6:00 AM,69.6,69.3,99,SSW,8.5,17.0,29.08,0.0,Cloudy
2026-06-10,7:00 AM,69.7,69.3,98,SSW,8.4,16.3,29.08,0.0,Cloudy
2026-06-10,8:00 AM,71.2,70.7,98,SW,6.4,17.2,29.09,0.004,Light Drizzle
2026-06-10,9:00 AM,73.5,72.9,98,WSW,6.3,15.2,29.08,0.031,Drizzle
2026-06-10,10:00 AM,74.7,72.9,94,WSW,6.7,16.6,29.08,0.008,Light Drizzle
2026-06-10,11:00 AM,77.4,72.1,84,SW,7.1,18.3,29.08,0.004,Light Drizzle
2026-06-10,12:00 PM,78.0,71.2,80,SW,7.5,18.8,29.08,0.0,Cloudy
2026-06-10,1:00 PM,80.2,70.8,73,SW,7.7,20.8,29.06,0.004,Light Drizzle
2026-06-10,2:00 PM,81.9,71.0,70,SW,8.4,21.7,29.05,0.008,Light Drizzle
2026-06-10,3:00 PM,80.2,71.2,74,SW,9.1,19.7,29.03,0.008,Light Drizzle
2026-06-10,4:00 PM,84.9,71.1,63,SW,9.6,23.3,29.02,0.004,Light Drizzle
2026-06-10,5:00 PM,85.7,70.9,61,WSW,8.7,23.5,29.0,0.008,Light Drizzle
2026-06-10,6:00 PM,82.4,72.3,72,WSW,7.2,26.8,28.99,0.028,Drizzle
2026-06-10,7:00 PM,78.4,74.8,88,W,6.9,18.6,29.01,0.051,Light Rain
2026-06-10,8:00 PM,73.9,73.9,100,NNW,1.5,11.0,29.04,0.047,Drizzle
2026-06-10,9:00 PM,74.2,74.1,100,NNW,1.5,5.8,29.03,0.094,Light Rain
2026-06-10,10:00 PM,71.8,71.1,98,WSW,9.8,26.2,29.05,0.028,Drizzle
2026-06-10,11:00 PM,70.5,70.0,98,WSW,5.0,17.7,29.07,0.012,Light Drizzle
2026-06-11,12:00 AM,70.0,69.7,99,SE,7.2,13.2,29.05,0.024,Drizzle
2026-06-11,1:00 AM,69.6,69.4,99,S,8.3,15.9,29.06,0.0,Partly Cloudy
2026-06-11,2:00 AM,70.5,70.1,98,SSW,6.3,17.9,29.04,0.0,Fair
2026-06-11,3:00 AM,71.0,70.6,99,SSW,8.6,15.9,29.03,0.0,Fair
2026-06-11,4:00 AM,70.8,70.5,99,SW,8.3,16.6,29.03,0.0,Fair
2026-06-11,5:00 AM,70.9,70.6,99,SW,7.4,16.1,29.03,0.0,Partly Cloudy
2026-06-11,6:00 AM,67.9,67.7,99,WSW,8.2,23.3,29.09,0.059,Light Rain
2026-06-11,7:00 AM,67.6,67.3,99,SSW,9.0,21.0,29.07,0.091,Light Rain
2026-06-11,8:00 AM,75.3,74.1,96,WSW,7.8,17.2,29.06,0.028,Drizzle
2026-06-11,9:00 AM,78.2,74.9,90,SSW,6.2,14.5,29.04,0.0,Fair
2026-06-11,10:00 AM,81.0,74.0,80,SSW,10.1,23.9,29.05,0.0,Cloudy
2026-06-11,11:00 AM,84.0,71.1,65,SW,13.0,29.5,29.04,0.004,Light Drizzle
2026-06-11,12:00 PM,83.4,68.0,60,SW,11.3,32.7,29.03,0.02,Drizzle
2026-06-11,1:00 PM,87.7,69.4,55,SW,11.5,29.8,29.01,0.0,Partly Cloudy
2026-06-11,2:00 PM,85.7,68.2,56,WSW,14.0,34.9,29.01,0.055,Light Rain
2026-06-11,3:00 PM,81.8,69.6,67,WSW,13.4,34.4,29.03,0.039,Drizzle
2026-06-11,4:00 PM,79.4,70.4,74,WSW,13.3,30.9,29.04,0.051,Light Rain
2026-06-11,5:00 PM,81.9,68.8,65,W,12.5,29.3,29.02,0.012,Light Drizzle
2026-06-11,6:00 PM,82.5,68.5,63,W,11.4,29.3,29.03,0.004,Light Drizzle
2026-06-11,7:00 PM,82.6,67.7,61,W,9.4,26.2,29.03,0.004,Light Drizzle
2026-06-11,8:00 PM,77.3,70.3,79,SSW,8.5,19.9,29.03,0.0,Cloudy
2026-06-11,9:00 PM,75.2,70.5,85,SSW,7.1,16.1,29.02,0.0,Cloudy
2026-06-11,10:00 PM,73.9,70.3,89,SSW,7.0,13.9,29.02,0.0,Cloudy
2026-06-11,11:00 PM,73.1,70.1,90,SSW,7.2,13.9,29.03,0.0,Fair
2026-06-12,12:00 AM,72.7,70.4,93,SSW,7.4,13.9,29.03,0.0,Fair
2026-06-12,1:00 AM,72.8,70.9,94,SW,7.4,14.5,29.03,0.0,Fair
2026-06-12,2:00 AM,72.8,72.1,98,SW,8.7,14.1,29.04,0.0,Cloudy
2026-06-12,3:00 AM,72.5,71.4,96,WSW,8.6,20.1,29.03,0.012,Light Drizzle
2026-06-12,4:00 AM,71.3,70.4,97,SW,7.6,17.9,29.0,0.035,Drizzle
2026-06-12,5:00 AM,70.3,69.7,98,SSW,9.9,19.7,29.0,0.0,Partly Cloudy
2026-06-12,6:00 AM,70.3,69.4,97,SW,9.6,19.5,28.99,0.0,Fair
2026-06-12,7:00 AM,70.4,68.8,95,SW,9.8,18.8,29.01,0.0,Fair
2026-06-12,8:00 AM,75.1,68.7,81,WSW,7.9,21.0,29.02,0.0,Fair
2026-06-12,9:00 AM,77.5,67.7,72,WSW,10.7,23.5,29.02,0.0,Cloudy
2026-06-12,10:00 AM,76.8,67.5,73,WSW,12.4,27.7,29.05,0.0,Cloudy
2026-06-12,11:00 AM,77.2,67.1,71,W,10.5,27.5,29.06,0.004,Light Drizzle
2026-06-12,12:00 PM,79.5,66.0,63,W,10.6,24.6,29.05,0.0,Cloudy
2026-06-12,1:00 PM,79.6,65.2,61,WNW,11.4,25.5,29.05,0.0,Cloudy
2026-06-12,2:00 PM,79.1,64.9,62,WNW,8.2,25.5,29.08,0.0,Cloudy
2026-06-12,3:00 PM,79.6,64.9,61,W,8.6,21.0,29.06,0.004,Light Drizzle
2026-06-12,4:00 PM,79.7,64.6,60,W,9.0,21.0,29.05,0.008,Light Drizzle
2026-06-12,5:00 PM,81.4,63.1,54,WNW,8.9,21.3,29.05,0.0,Partly Cloudy
2026-06-12,6:00 PM,80.6,61.9,53,NW,7.9,20.8,29.04,0.0,Cloudy
2026-06-12,7:00 PM,79.5,61.1,53,NW,7.1,19.0,29.05,0.0,Cloudy
2026-06-12,8:00 PM,76.5,60.5,58,WNW,7.1,14.5,29.07,0.0,Fair
2026-06-12,9:00 PM,73.3,60.1,63,W,4.3,13.2,29.08,0.0,Fair
2026-06-12,10:00 PM,71.4,60.2,68,WSW,3.5,7.4,29.11,0.0,Fair
2026-06-12,11:00 PM,70.2,59.6,69,WSW,4.6,7.8,29.12,0.0,Fair
2026-06-13,12:00 AM,68.6,59.4,72,WNW,4.9,8.5,29.13,0.0,Fair
2026-06-13,1:00 AM,66.9,60.0,78,NW,4.7,8.5,29.14,0.0,Fair
2026-06-13,2:00 AM,64.3,61.3,90,NNW,3.9,8.3,29.14,0.0,Fair
2026-06-13,3:00 AM,63.2,60.9,92,NW,3.7,7.2,29.14,0.0,Fair
2026-06-13,4:00 AM,62.3,60.0,92,NW,2.9,6.5,29.14,0.0,Fair
2026-06-13,5:00 AM,61.7,58.7,90,NW,3.4,6.3,29.15,0.0,Fair
2026-06-13,6:00 AM,61.4,57.7,88,NW,1.4,6.3,29.15,0.0,Fair
2026-06-13,7:00 AM,64.0,58.3,82,WNW,1.7,2.9,29.17,0.0,Fair
2026-06-13,8:00 AM,67.1,60.3,79,WNW,0.9,4.7,29.19,0.0,Fair
2026-06-13,9:00 AM,71.4,59.5,66,W,0.7,6.3,29.21,0.0,Fair
2026-06-13,10:00 AM,75.2,55.9,51,NNW,1.2,7.6,29.2,0.0,Fair
2026-06-13,11:00 AM,78.0,54.2,44,NW,2.4,10.1,29.2,0.0,Fair
2026-06-13,12:00 PM,81.1,53.0,38,W,3.4,12.1,29.19,0.0,Fair
2026-06-13,1:00 PM,82.4,52.5,36,SW,2.6,12.1,29.16,0.0,Fair
2026-06-13,2:00 PM,84.1,51.7,33,SW,3.9,14.5,29.17,0.0,Partly Cloudy
2026-06-13,3:00 PM,85.0,51.2,31,SW,5.5,15.7,29.15,0.0,Cloudy
2026-06-13,4:00 PM,85.4,51.2,31,SW,8.3,19.9,29.13,0.0,Partly Cloudy
2026-06-13,5:00 PM,83.9,54.0,36,SW,9.5,23.0,29.14,0.0,Partly Cloudy
2026-06-13,6:00 PM,83.2,53.5,36,SW,7.1,22.1,29.13,0.0,Partly Cloudy
2026-06-13,7:00 PM,81.7,55.8,41,SW,7.3,16.6,29.11,0.0,Partly Cloudy
2026-06-13,8:00 PM,76.6,59.4,55,SSW,8.1,15.4,29.12,0.0,Cloudy
2026-06-13,9:00 PM,73.8,60.0,62,SSW,7.3,15.7,29.1,0.0,Cloudy
2026-06-13,10:00 PM,72.1,59.8,65,SSW,7.9,15.2,29.11,0.0,Partly Cloudy
2026-06-13,11:00 PM,70.6,59.3,67,SSW,8.0,15.2,29.12,0.0,Cloudy
2026-06-14,12:00 AM,70.4,58.6,66,SSW,8.0,15.7,29.11,0.0,Cloudy
2026-06-14,1:00 AM,69.4,58.8,69,SSW,7.2,15.4,29.09,0.0,Cloudy
2026-06-14,2:00 AM,68.5,60.4,75,SSW,7.3,14.5,29.09,0.0,Cloudy
2026-06-14,3:00 AM,68.4,61.5,79,SSW,7.5,14.8,29.06,0.0,Partly Cloudy
2026-06-14,4:00 AM,67.8,61.7,81,SSW,7.5,15.4,29.05,0.0,Fair
2026-06-14,5:00 AM,66.8,61.6,83,SSW,7.2,14.3,29.03,0.0,Cloudy
2026-06-14,6:00 AM,67.0,61.8,83,SSW,6.4,13.6,29.03,0.0,Partly Cloudy
2026-06-14,7:00 AM,67.9,62.5,83,SSW,6.7,13.9,29.03,0.0,Cloudy
2026-06-14,8:00 AM,69.3,62.7,80,S,5.4,13.6,29.04,0.0,Cloudy
2026-06-14,9:00 AM,72.3,63.2,73,SSW,4.4,12.8,29.03,0.0,Cloudy
2026-06-14,10:00 AM,73.2,65.6,77,S,2.9,11.2,29.0,0.02,Drizzle
2026-06-14,11:00 AM,78.8,65.0,63,SSW,9.5,28.4,28.98,0.004,Light Drizzle
2026-06-14,12:00 PM,81.8,64.6,56,SW,12.6,33.3,28.96,0.0,Cloudy
2026-06-14,1:00 PM,82.9,65.0,55,SW,14.1,36.2,28.92,0.004,Light Drizzle
2026-06-14,2:00 PM,82.1,65.9,58,WSW,13.9,38.3,28.93,0.0,Cloudy
2026-06-14,3:00 PM,75.9,67.4,75,SSW,12.0,35.3,28.91,0.039,Drizzle
2026-06-14,4:00 PM,75.3,67.0,75,SW,9.2,27.5,28.88,0.008,Light Drizzle
2026-06-14,5:00 PM,77.6,68.0,72,SW,6.9,22.8,28.86,0.008,Light Drizzle
2026-06-14,6:00 PM,69.3,68.4,97,SW,8.6,24.6,28.86,0.118,Rain
2026-06-14,7:00 PM,68.7,66.8,94,W,12.5,25.5,28.87,0.091,Light Rain
2026-06-14,8:00 PM,64.4,63.1,95,NW,9.5,28.0,28.92,0.043,Drizzle
2026-06-14,9:00 PM,63.1,62.2,97,NNW,10.3,22.4,28.96,0.055,Light Rain
2026-06-14,10:00 PM,61.2,60.3,97,NW,8.1,20.6,28.99,0.0,Fair
2026-06-14,11:00 PM,59.9,59.1,97,WNW,6.6,15.9,29.01,0.0,Fair
2026-06-15,12:00 AM,59.3,58.5,97,WNW,6.4,12.8,29.01,0.0,Fair
2026-06-15,1:00 AM,58.5,57.7,97,WNW,5.9,12.3,29.01,0.0,Fair
2026-06-15,2:00 AM,58.4,58.0,99,WNW,4.9,11.2,29.03,0.0,Fair
2026-06-15,3:00 AM,58.0,57.7,99,WNW,4.5,8.9,29.03,0.0,Fair
2026-06-15,4:00 AM,57.8,56.8,96,WNW,4.7,8.9,29.03,0.004,Light Drizzle
2026-06-15,5:00 AM,57.5,57.0,98,WNW,5.1,9.8,29.04,0.0,Fair
2026-06-15,6:00 AM,56.7,56.4,99,NW,3.9,9.8,29.05,0.0,Fair
2026-06-15,7:00 AM,57.6,56.8,97,NW,5.0,10.3,29.06,0.0,Fair
2026-06-15,8:00 AM,58.9,56.1,90,NW,5.2,14.8,29.08,0.0,Partly Cloudy
2026-06-15,9:00 AM,59.9,56.8,89,NW,6.6,16.3,29.07,0.008,Light Drizzle
2026-06-15,10:00 AM,61.4,55.9,82,NW,8.4,19.2,29.07,0.008,Light Drizzle
2026-06-15,11:00 AM,64.0,53.7,69,NW,9.7,22.8,29.08,0.004,Light Drizzle
2026-06-15,12:00 PM,64.4,52.0,64,NW,9.5,22.8,29.08,0.0,Cloudy
2026-06-15,1:00 PM,64.9,50.2,59,WNW,8.8,22.4,29.08,0.0,Cloudy
2026-06-15,2:00 PM,66.4,49.6,55,WNW,7.5,20.8,29.1,0.0,Cloudy
2026-06-15,3:00 PM,67.2,48.4,51,WNW,7.0,17.9,29.09,0.0,Cloudy
2026-06-15,4:00 PM,68.3,47.4,47,WNW,8.8,20.4,29.09,0.0,Partly Cloudy
2026-06-15,5:00 PM,67.6,45.2,44,NW,9.1,22.4,29.09,0.0,Fair
2026-06-15,6:00 PM,66.8,44.9,45,NW,8.1,22.1,29.09,0.0,Fair
2026-06-15,7:00 PM,65.4,47.1,52,NNW,6.6,19.2,29.08,0.0,Fair
2026-06-15,8:00 PM,63.0,50.5,64,NNW,5.2,13.4,29.09,0.0,Fair
2026-06-15,9:00 PM,59.6,48.8,67,NNW,4.6,9.4,29.09,0.0,Fair
2026-06-15,10:00 PM,58.1,48.4,70,NNW,4.0,8.3,29.1,0.0,Fair
2026-06-15,11:00 PM,57.3,48.7,73,NW,2.8,7.2,29.11,0.0,Fair
2026-06-16,12:00 AM,56.8,49.0,75,SW,1.6,4.5,29.11,0.0,Fair
2026-06-16,1:00 AM,55.1,49.9,83,SSW,2.6,4.5,29.09,0.0,Fair
2026-06-16,2:00 AM,53.2,49.9,89,SSW,3.5,7.8,29.09,0.0,Fair
2026-06-16,3:00 AM,52.8,49.3,88,SSW,5.0,8.9,29.08,0.0,Fair
2026-06-16,4:00 AM,52.3,48.9,88,SSW,4.6,8.9,29.07,0.0,Fair
2026-06-16,5:00 AM,51.7,48.7,90,SSW,4.1,8.3,29.07,0.0,Fair
2026-06-16,6:00 AM,51.2,48.8,92,SSW,5.0,8.9,29.07,0.0,Fair
2026-06-16,7:00 AM,53.4,50.2,89,S,5.8,10.5,29.08,0.0,Fair
2026-06-16,8:00 AM,57.0,51.4,81,S,3.5,11.0,29.09,0.0,Fair
2026-06-16,9:00 AM,62.2,52.4,70,SSW,4.0,11.2,29.08,0.0,Partly Cloudy
2026-06-16,10:00 AM,66.0,49.3,55,SSW,6.3,15.9,29.08,0.0,Cloudy
2026-06-16,11:00 AM,68.4,46.3,45,SSW,6.3,16.1,29.05,0.0,Cloudy
2026-06-16,12:00 PM,70.1,46.0,42,S,6.8,17.4,29.05,0.0,Fair
2026-06-16,1:00 PM,71.7,44.9,38,SSW,7.1,18.1,29.03,0.0,Cloudy
2026-06-16,2:00 PM,72.9,43.8,35,SSW,6.1,18.8,29.01,0.0,Fair
2026-06-16,3:00 PM,74.8,43.6,33,SSW,7.2,17.7,28.98,0.0,Cloudy
2026-06-16,4:00 PM,73.0,45.3,37,SW,10.3,23.0,28.96,0.0,Partly Cloudy
2026-06-16,5:00 PM,70.4,48.9,46,SSW,9.5,23.0,28.96,0.008,Light Drizzle
2026-06-16,6:00 PM,71.6,48.7,44,SSW,9.1,21.7,28.94,0.0,Fair
2026-06-16,7:00 PM,70.6,50.3,49,SSW,8.3,19.9,28.92,0.0,Fair
2026-06-16,8:00 PM,63.8,61.9,94,ENE,0.3,17.7,28.93,0.0,Cloudy
2026-06-16,9:00 PM,62.2,62.2,100,NE,2.2,5.6,28.92,0.0,Cloudy
2026-06-16,10:00 PM,60.5,60.1,98,E,1.8,4.0,28.92,0.0,Fair
2026-06-16,11:00 PM,60.0,57.9,93,SE,3.0,5.1,28.92,0.0,Fair
2026-06-17,12:00 AM,59.2,55.9,89,S,5.3,8.9,28.91,0.0,Cloudy
2026-06-17,1:00 AM,58.5,56.0,92,SW,10.7,20.8,28.94,0.016,Light Drizzle
2026-06-17,2:00 AM,57.5,57.0,98,S,6.2,19.9,28.92,0.02,Drizzle
2026-06-17,3:00 AM,57.4,56.7,97,S,7.7,14.3,28.91,0.0,Cloudy
2026-06-17,4:00 AM,56.8,55.9,97,SSW,6.4,14.3,28.9,0.004,Light Drizzle
2026-06-17,5:00 AM,57.0,56.2,97,SSW,7.0,12.8,28.9,0.0,Partly Cloudy
2026-06-17,6:00 AM,56.8,56.1,98,SSW,6.7,13.2,28.91,0.0,Fair
2026-06-17,7:00 AM,58.4,57.4,97,SSW,7.6,14.1,28.91,0.0,Fair
2026-06-17,8:00 AM,61.4,59.9,95,S,6.2,15.0,28.93,0.0,Fair
2026-06-17,9:00 AM,64.8,61.3,88,SW,7.4,16.6,28.94,0.0,Partly Cloudy
2026-06-17,10:00 AM,67.6,60.0,77,SW,8.1,19.2,28.92,0.008,Light Drizzle
2026-06-17,11:00 AM,70.3,57.3,64,WSW,10.6,23.7,28.93,0.012,Light Drizzle
2026-06-17,12:00 PM,73.5,53.9,50,WSW,10.9,24.8,28.93,0.0,Fair
2026-06-17,1:00 PM,75.9,51.5,43,WSW,11.1,26.8,28.94,0.0,Partly Cloudy
2026-06-17,2:00 PM,76.6,50.9,41,SW,9.5,25.3,28.92,0.0,Cloudy
2026-06-17,3:00 PM,77.4,48.8,37,WSW,12.1,26.4,28.92,0.0,Cloudy
2026-06-17,4:00 PM,77.5,48.2,36,WSW,12.4,30.2,28.92,0.0,Cloudy
2026-06-17,5:00 PM,77.6,51.1,40,SW,9.8,29.1,28.9,0.0,Cloudy
2026-06-17,6:00 PM,77.5,53.6,44,SSW,9.6,19.5,28.88,0.0,Cloudy
2026-06-17,7:00 PM,73.8,57.3,56,S,9.8,23.9,28.87,0.0,Cloudy
2026-06-17,8:00 PM,71.7,59.8,66,S,8.5,19.7,28.86,0.0,Cloudy
2026-06-17,9:00 PM,71.0,60.2,69,S,7.9,17.2,28.85,0.0,Cloudy
2026-06-17,10:00 PM,70.9,61.0,71,S,10.4,21.3,28.83,0.004,Light Drizzle
2026-06-17,11:00 PM,72.0,61.2,69,SSW,13.2,26.6,28.84,0.0,Cloudy
2026-06-18,12:00 AM,68.5,63.0,83,SSW,16.6,33.8,28.81,0.043,Drizzle
2026-06-18,1:00 AM,67.1,63.3,88,S,15.2,33.1,28.75,0.028,Drizzle
2026-06-18,2:00 AM,67.6,65.3,93,SSW,15.1,33.3,28.75,0.0,Cloudy
2026-06-18,3:00 AM,68.1,65.1,90,SSW,15.1,31.8,28.72,0.008,Light Drizzle
2026-06-18,4:00 AM,67.8,65.2,91,SSW,16.9,32.0,28.69,0.024,Drizzle
2026-06-18,5:00 AM,66.5,65.5,97,SSW,16.2,38.0,28.7,0.031,Drizzle
2026-06-18,6:00 AM,66.8,66.3,98,SSW,12.9,32.2,28.69,0.047,Drizzle
2026-06-18,7:00 AM,67.1,66.4,98,SW,12.7,26.8,28.69,0.02,Drizzle
2026-06-18,8:00 AM,67.7,67.0,98,SW,15.6,25.9,28.73,0.012,Light Drizzle
2026-06-18,9:00 AM,70.6,68.8,94,WSW,16.4,32.9,28.75,0.008,Light Drizzle
2026-06-18,10:00 AM,72.8,67.0,82,WSW,15.8,34.9,28.77,0.004,Light Drizzle
2026-06-18,11:00 AM,74.5,62.2,65,WSW,17.7,37.4,28.79,0.0,Fair
2026-06-18,12:00 PM,76.5,59.3,55,WSW,18.2,39.4,28.81,0.0,Fair
2026-06-18,1:00 PM,77.7,58.2,51,WSW,19.3,42.1,28.83,0.0,Fair
2026-06-18,2:00 PM,77.9,56.4,48,WSW,18.7,43.0,28.84,0.0,Partly Cloudy
2026-06-18,3:00 PM,77.4,58.5,52,WSW,18.5,44.7,28.85,0.0,Fair
2026-06-18,4:00 PM,77.5,59.1,53,WSW,17.4,39.4,28.85,0.0,Partly Cloudy
2026-06-18,5:00 PM,77.7,60.2,55,W,14.3,36.9,28.85,0.0,Fair
2026-06-18,6:00 PM,76.5,59.9,57,W,14.3,31.1,28.87,0.0,Fair
2026-06-18,7:00 PM,74.6,59.8,60,W,12.4,29.5,28.88,0.0,Fair
2026-06-18,8:00 PM,72.5,58.8,62,W,10.8,25.5,28.9,0.0,Partly Cloudy
2026-06-18,9:00 PM,70.6,58.1,65,WNW,8.2,21.0,28.92,0.0,Fair
2026-06-18,10:00 PM,68.1,57.8,70,WNW,6.7,16.6,28.95,0.0,Cloudy
2026-06-18,11:00 PM,66.7,57.2,72,NW,7.1,14.5,28.97,0.0,Cloudy
2026-06-19,12:00 AM,64.8,55.9,73,NW,6.3,14.3,28.99,0.0,Cloudy
2026-06-19,1:00 AM,62.0,55.9,81,NNW,4.3,12.8,29.0,0.0,Partly Cloudy
2026-06-19,2:00 AM,62.0,55.9,81,NW,4.2,8.1,29.0,0.0,Partly Cloudy
2026-06-19,3:00 AM,60.5,55.0,82,NW,4.9,8.9,29.0,0.0,Cloudy
2026-06-19,4:00 AM,58.9,54.1,84,NW,4.6,9.4,28.99,0.0,Cloudy
2026-06-19,5:00 AM,57.6,53.6,87,NW,4.0,8.3,29.0,0.0,Partly Cloudy
2026-06-19,6:00 AM,56.7,53.2,88,WNW,5.1,8.7,29.01,0.0,Fair
2026-06-19,7:00 AM,58.5,54.3,86,WNW,5.3,10.1,29.03,0.0,Fair
2026-06-19,8:00 AM,61.5,55.6,81,W,3.4,10.1,29.06,0.0,Fair
2026-06-19,9:00 AM,64.5,55.8,73,W,4.3,11.6,29.08,0.0,Fair
2026-06-19,10:00 AM,66.7,54.1,64,WNW,6.1,15.4,29.07,0.004,Light Drizzle
2026-06-19,11:00 AM,68.7,53.0,57,WNW,7.6,18.8,29.06,0.0,Fair
2026-06-19,12:00 PM,70.9,52.1,51,WNW,9.0,21.3,29.06,0.0,Fair
2026-06-19,1:00 PM,72.5,50.3,46,WNW,10.8,24.4,29.05,0.0,Fair
2026-06-19,2:00 PM,73.4,49.6,43,WNW,10.9,27.5,29.07,0.004,Light Drizzle
2026-06-19,3:00 PM,72.9,50.0,45,WNW,12.0,26.2,29.06,0.004,Light Drizzle
2026-06-19,4:00 PM,74.1,49.8,42,WNW,11.7,27.1,29.05,0.0,Fair
2026-06-19,5:00 PM,74.4,49.4,41,WNW,12.2,26.2,29.05,0.0,Fair
2026-06-19,6:00 PM,73.0,50.5,45,WNW,12.7,26.2,29.06,0.0,Fair
2026-06-19,7:00 PM,71.1,52.5,52,WNW,8.8,26.4,29.06,0.0,Fair
2026-06-19,8:00 PM,69.3,53.8,58,WNW,7.9,17.7,29.07,0.0,Fair
2026-06-19,9:00 PM,65.8,52.4,62,WNW,5.2,14.3,29.07,0.0,Fair
2026-06-19,10:00 PM,63.6,51.7,65,WNW,4.4,9.4,29.08,0.0,Fair
2026-06-19,11:00 PM,62.3,52.1,69,W,4.6,8.7,29.1,0.0,Partly Cloudy
2026-06-20,12:00 AM,61.4,52.9,73,W,3.6,8.3,29.1,0.0,Cloudy
2026-06-20,1:00 AM,61.6,53.1,74,W,5.3,8.9,29.11,0.0,Cloudy
2026-06-20,2:00 AM,61.3,53.5,76,WNW,5.5,11.4,29.11,0.0,Partly Cloudy
2026-06-20,3:00 AM,60.4,52.8,76,WNW,6.1,11.2,29.11,0.0,Fair
2026-06-20,4:00 AM,58.0,52.2,81,W,6.2,11.2,29.11,0.0,Partly Cloudy
2026-06-20,5:00 AM,57.2,52.0,83,W,6.2,11.2,29.11,0.0,Partly Cloudy
2026-06-20,6:00 AM,56.2,51.6,85,W,6.4,11.6,29.11,0.0,Fair
2026-06-20,7:00 AM,58.0,52.4,82,WNW,5.6,11.4,29.12,0.0,Fair
2026-06-20,8:00 AM,60.9,54.5,79,W,3.3,10.5,29.12,0.0,Fair
2026-06-20,9:00 AM,65.1,55.7,71,W,2.9,9.2,29.13,0.0,Fair
2026-06-20,10:00 AM,68.8,53.8,59,W,3.9,11.6,29.13,0.0,Cloudy
2026-06-20,11:00 AM,69.8,53.4,56,WSW,5.2,12.5,29.13,0.0,Fair
2026-06-20,12:00 PM,71.3,53.2,53,WSW,8.1,18.1,29.13,0.0,Fair
2026-06-20,1:00 PM,73.1,54.1,51,WSW,10.0,26.6,29.11,0.0,Fair
2026-06-20,2:00 PM,72.6,55.6,55,WSW,10.8,28.6,29.11,0.004,Light Drizzle
2026-06-20,3:00 PM,72.8,56.5,57,WSW,11.4,28.0,29.1,0.004,Light Drizzle
2026-06-20,4:00 PM,74.1,56.3,54,WSW,10.8,28.4,29.08,0.004,Light Drizzle
2026-06-20,5:00 PM,74.3,56.4,54,W,9.2,27.3,29.05,0.0,Fair
2026-06-20,6:00 PM,74.0,56.1,54,WSW,11.8,23.7,29.05,0.0,Fair
2026-06-20,7:00 PM,70.1,58.5,67,WSW,8.8,25.9,29.04,0.004,Light Drizzle
2026-06-20,8:00 PM,69.4,62.9,80,WSW,8.3,18.3,29.05,0.0,Fair
2026-06-20,9:00 PM,66.5,60.7,82,SW,6.6,15.9,29.05,0.0,Fair
2026-06-20,10:00 PM,65.0,59.6,83,SW,7.4,13.9,29.06,0.0,Fair
2026-06-20,11:00 PM,63.9,59.4,85,W,6.2,14.3,29.07,0.0,Fair
2025-04-01,12:00 AM,40.1,30.6,68,NNW,10.7,23.3,29.1,0.0,Cloudy
2025-04-01,1:00 AM,39.3,30.2,70,NNW,10.0,22.6,29.12,0.0,Cloudy
2025-04-01,2:00 AM,39.0,28.9,67,NNW,10.1,21.7,29.14,0.0,Cloudy
2025-04-01,3:00 AM,38.1,28.3,67,NNW,9.8,21.7,29.17,0.0,Cloudy
2025-04-01,4:00 AM,37.4,28.0,68,NNW,8.7,20.8,29.18,0.0,Cloudy
2025-04-01,5:00 AM,36.9,27.5,69,NNW,8.5,18.8,29.2,0.0,Cloudy
2025-04-01,6:00 AM,36.2,27.1,69,NNW,8.5,18.3,29.21,0.0,Cloudy
2025-04-01,7:00 AM,35.6,26.6,69,NNW,8.1,18.3,29.24,0.0,Cloudy
2025-04-01,8:00 AM,35.3,25.8,68,NNW,6.9,17.4,29.27,0.0,Cloudy
2025-04-01,9:00 AM,35.6,26.6,69,NNW,5.9,14.1,29.29,0.0,Cloudy
2025-04-01,10:00 AM,36.6,26.1,65,NNW,6.1,15.4,29.32,0.0,Cloudy
2025-04-01,11:00 AM,37.6,25.3,61,NNW,6.5,16.6,29.34,0.0,Cloudy
2025-04-01,12:00 PM,40.1,25.2,55,NNW,5.7,17.4,29.35,0.0,Cloudy
2025-04-01,1:00 PM,42.4,25.6,51,N,3.5,15.7,29.35,0.0,Cloudy
2025-04-01,2:00 PM,45.0,26.1,47,NNW,3.4,13.0,29.36,0.0,Cloudy
2025-04-01,3:00 PM,46.7,26.8,46,NNW,4.0,13.6,29.34,0.0,Partly Cloudy
2025-04-01,4:00 PM,47.5,26.6,44,NNE,3.8,14.1,29.31,0.0,Fair
2025-04-01,5:00 PM,47.8,26.0,42,NE,2.9,12.8,29.3,0.0,Fair
2025-04-01,6:00 PM,47.4,25.2,42,NE,2.7,10.5,29.31,0.0,Fair
2025-04-01,7:00 PM,46.1,26.2,45,NE,2.6,8.7,29.32,0.0,Cloudy
2025-04-01,8:00 PM,42.7,29.4,59,NE,3.4,5.8,29.33,0.0,Cloudy
2025-04-01,9:00 PM,42.3,29.6,61,ENE,4.7,7.8,29.35,0.0,Cloudy
2025-04-01,10:00 PM,40.2,28.7,63,ENE,6.5,11.2,29.36,0.0,Partly Cloudy
2025-04-01,11:00 PM,38.4,26.8,63,ENE,6.8,13.4,29.36,0.0,Cloudy
2025-04-02,12:00 AM,37.7,26.8,65,ENE,6.6,13.2,29.36,0.0,Cloudy
2025-04-02,1:00 AM,37.5,27.0,65,E,6.9,13.2,29.36,0.0,Cloudy
2025-04-02,2:00 AM,38.2,26.6,63,E,7.6,15.4,29.34,0.0,Cloudy
2025-04-02,3:00 AM,37.2,26.2,64,E,8.1,15.7,29.33,0.0,Partly Cloudy
2025-04-02,4:00 AM,37.0,26.0,64,ENE,7.8,15.9,29.33,0.0,Cloudy
2025-04-02,5:00 AM,37.1,25.4,62,E,8.4,16.1,29.33,0.0,Fair
2025-04-02,6:00 AM,37.9,25.1,59,ESE,9.3,17.9,29.31,0.0,Cloudy
2025-04-02,7:00 AM,39.2,25.6,58,ESE,10.3,20.1,29.28,0.0,Cloudy
2025-04-02,8:00 AM,42.4,27.4,55,ESE,10.3,20.8,29.28,0.0,Cloudy
2025-04-02,9:00 AM,46.0,31.6,57,ESE,9.1,18.8,29.25,0.0,Cloudy
2025-04-02,10:00 AM,51.0,34.5,53,ESE,10.4,22.4,29.21,0.0,Cloudy
2025-04-02,11:00 AM,56.2,37.8,50,SE,10.7,23.7,29.17,0.0,Cloudy
2025-04-02,12:00 PM,59.1,41.2,51,SE,10.6,23.9,29.14,0.0,Cloudy
2025-04-02,1:00 PM,62.5,44.5,52,SE,10.3,23.5,29.11,0.0,Cloudy
2025-04-02,2:00 PM,58.7,50.2,73,SSE,13.6,32.4,29.14,0.055,Light Rain
2025-04-02,3:00 PM,60.4,50.7,71,SSE,14.6,36.5,29.08,0.0,Cloudy
2025-04-02,4:00 PM,67.7,51.7,56,SSE,12.6,35.1,29.05,0.0,Cloudy
2025-04-02,5:00 PM,68.7,50.5,52,SSE,11.9,28.2,29.03,0.0,Cloudy
2025-04-02,6:00 PM,68.8,51.4,54,SSE,9.3,25.7,29.04,0.0,Cloudy
2025-04-02,7:00 PM,67.5,51.4,56,S,12.2,24.8,29.05,0.0,Cloudy
2025-04-02,8:00 PM,65.5,52.0,62,S,11.3,25.7,29.08,0.0,Cloudy
2025-04-02,9:00 PM,65.2,50.8,60,SSE,12.4,25.5,29.06,0.0,Cloudy
2025-04-02,10:00 PM,65.0,51.9,62,S,16.1,32.9,29.05,0.0,Cloudy
2025-04-02,11:00 PM,64.0,52.6,66,S,15.6,33.3,29.03,0.0,Cloudy
2025-04-03,12:00 AM,63.7,53.8,70,S,15.5,32.7,29.03,0.0,Cloudy
2025-04-03,1:00 AM,64.6,54.4,70,S,15.6,32.7,29.03,0.0,Cloudy
2025-04-03,2:00 AM,65.6,54.0,66,SSW,15.8,32.7,29.05,0.0,Cloudy
2025-04-03,3:00 AM,65.8,54.6,67,SSW,17.4,35.3,29.06,0.004,Light Drizzle
2025-04-03,4:00 AM,63.2,57.4,81,SSW,14.9,37.6,29.09,0.087,Light Rain
2025-04-03,5:00 AM,60.4,59.0,95,SSW,12.5,36.0,29.05,0.083,Light Rain
2025-04-03,6:00 AM,60.4,59.2,96,S,14.1,26.8,29.01,0.134,Rain
2025-04-03,7:00 AM,62.7,59.8,90,SSW,20.9,40.9,29.0,0.039,Drizzle
2025-04-03,8:00 AM,62.3,61.1,96,SW,18.4,44.1,29.06,0.031,Drizzle
2025-04-03,9:00 AM,64.3,59.0,83,SW,16.2,33.6,29.13,0.0,Cloudy
2025-04-03,10:00 AM,65.8,58.6,77,SW,13.9,34.2,29.16,0.0,Cloudy
2025-04-03,11:00 AM,67.5,57.9,71,SW,14.1,30.6,29.16,0.0,Cloudy
2025-04-03,12:00 PM,70.8,58.1,64,SW,18.2,38.5,29.16,0.0,Cloudy
2025-04-03,1:00 PM,70.4,57.3,63,SW,17.3,40.7,29.16,0.0,Cloudy
2025-04-03,2:00 PM,71.7,57.1,60,SW,16.1,36.2,29.16,0.0,Cloudy
2025-04-03,3:00 PM,72.5,57.0,58,SW,15.2,35.8,29.16,0.0,Cloudy
2025-04-03,4:00 PM,71.8,56.7,59,SW,14.2,32.9,29.16,0.0,Cloudy
2025-04-03,5:00 PM,70.2,57.1,63,SW,11.2,30.4,29.15,0.0,Cloudy
2025-04-03,6:00 PM,68.5,58.2,70,SW,8.7,27.7,29.16,0.035,Drizzle
2025-04-03,7:00 PM,65.8,59.0,79,SW,6.5,16.3,29.18,0.047,Drizzle
2025-04-03,8:00 PM,61.8,60.8,97,SW,3.6,14.5,29.18,0.142,Rain
2025-04-03,9:00 PM,59.1,58.0,96,WNW,5.7,17.0,29.23,0.094,Light Rain
2025-04-03,10:00 PM,54.6,53.4,96,NW,7.1,17.0,29.27,0.071,Light Rain
2025-04-03,11:00 PM,53.2,52.3,97,NW,5.9,19.0,29.26,0.15,Rain
2025-04-04,12:00 AM,51.2,50.2,96,NW,7.1,20.6,29.27,0.094,Light Rain
2025-04-04,1:00 AM,50.5,49.3,96,NW,6.4,15.7,29.3,0.169,Rain
2025-04-04,2:00 AM,50.5,49.4,96,WNW,3.1,14.1,29.3,0.173,Rain
2025-04-04,3:00 AM,50.4,49.4,96,NW,2.9,8.5,29.3,0.055,Light Rain
2025-04-04,4:00 AM,50.4,49.5,97,NW,2.3,6.9,29.31,0.15,Rain
2025-04-04,5:00 AM,50.2,49.5,97,NNE,1.8,8.5,29.31,0.071,Light Rain
2025-04-04,6:00 AM,50.0,49.5,98,NNW,4.3,11.0,29.35,0.067,Light Rain
2025-04-04,7:00 AM,49.6,49.2,98,NNE,5.3,9.4,29.36,0.012,Light Drizzle
2025-04-04,8:00 AM,48.2,46.9,95,NNE,7.4,14.1,29.4,0.012,Light Drizzle
2025-04-04,9:00 AM,49.3,46.7,91,N,7.1,15.2,29.43,0.008,Light Drizzle
2025-04-04,10:00 AM,49.0,45.6,88,NNE,6.5,14.5,29.43,0.0,Cloudy
2025-04-04,11:00 AM,50.3,44.4,80,NNE,5.3,14.3,29.44,0.0,Cloudy
2025-04-04,12:00 PM,52.7,44.0,72,NE,4.3,12.3,29.44,0.0,Cloudy
2025-04-04,1:00 PM,56.1,44.2,64,NE,4.6,12.8,29.42,0.0,Cloudy
2025-04-04,2:00 PM,57.0,44.2,62,NE,5.4,13.0,29.42,0.0,Cloudy
2025-04-04,3:00 PM,59.3,44.8,59,ENE,4.8,14.5,29.41,0.0,Cloudy
2025-04-04,4:00 PM,59.5,45.4,60,E,5.2,12.8,29.39,0.0,Cloudy
2025-04-04,5:00 PM,60.1,46.1,60,E,5.4,13.4,29.37,0.0,Cloudy
2025-04-04,6:00 PM,59.2,46.4,63,E,4.9,13.0,29.37,0.012,Light Drizzle
2025-04-04,7:00 PM,57.5,47.8,70,ENE,5.4,10.7,29.37,0.0,Cloudy
2025-04-04,8:00 PM,55.0,47.9,77,E,5.8,10.7,29.35,0.0,Cloudy
2025-04-04,9:00 PM,52.9,50.2,91,ESE,5.6,11.0,29.36,0.0,Cloudy
2025-04-04,10:00 PM,52.4,50.2,92,ESE,4.7,10.7,29.35,0.0,Cloudy
2025-04-04,11:00 PM,52.1,50.5,94,E,6.2,11.0,29.33,0.0,Cloudy
2025-04-05,12:00 AM,52.3,50.5,94,ESE,4.4,11.9,29.33,0.0,Cloudy
2025-04-05,1:00 AM,52.3,50.7,94,E,4.8,8.3,29.3,0.0,Cloudy
2025-04-05,2:00 AM,52.9,51.3,94,ESE,6.2,11.4,29.26,0.0,Cloudy
2025-04-05,3:00 AM,54.8,53.0,94,SE,7.8,14.8,29.23,0.0,Cloudy
2025-04-05,4:00 AM,56.4,54.5,93,SE,9.3,17.4,29.2,0.004,Light Drizzle
2025-04-05,5:00 AM,57.4,56.0,95,SSE,8.1,21.3,29.17,0.012,Light Drizzle
2025-04-05,6:00 AM,58.4,55.9,91,SSE,6.4,20.6,29.16,0.252,Rain
2025-04-05,7:00 AM,58.4,57.4,97,SSW,7.2,18.3,29.16,0.134,Rain
2025-04-05,8:00 AM,59.8,58.0,94,SSW,9.4,24.8,29.15,0.217,Rain
2025-04-05,9:00 AM,59.9,58.6,96,S,9.2,17.4,29.12,0.02,Drizzle
2025-04-05,10:00 AM,64.9,61.1,88,SSW,11.9,26.6,29.12,0.0,Cloudy
2025-04-05,11:00 AM,67.6,60.8,79,SW,15.1,33.6,29.14,0.0,Cloudy
2025-04-05,12:00 PM,69.0,60.4,74,WSW,14.0,31.8,29.14,0.0,Cloudy
2025-04-05,1:00 PM,70.4,59.9,69,SW,11.5,29.3,29.13,0.0,Cloudy
2025-04-05,2:00 PM,68.8,59.5,72,SW,10.4,25.7,29.13,0.004,Light Drizzle
2025-04-05,3:00 PM,66.6,60.7,81,WSW,8.9,22.8,29.14,0.024,Drizzle
2025-04-05,4:00 PM,63.4,62.2,96,SW,6.4,17.2,29.11,0.059,Light Rain
2025-04-05,5:00 PM,63.8,63.0,97,W,5.9,12.5,29.12,0.031,Drizzle
2025-04-05,6:00 PM,62.4,61.9,98,W,5.1,11.9,29.11,0.039,Drizzle
2025-04-05,7:00 PM,61.4,60.8,98,WSW,4.3,9.8,29.11,0.012,Light Drizzle
2025-04-05,8:00 PM,60.0,59.4,98,SW,2.9,8.5,29.09,0.028,Drizzle
2025-04-05,9:00 PM,58.5,58.1,99,NNW,9.5,17.2,29.11,0.024,Drizzle
2025-04-05,10:00 PM,53.3,53.0,99,N,8.4,19.7,29.12,0.016,Light Drizzle
2025-04-05,11:00 PM,51.4,50.9,98,N,8.2,19.0,29.09,0.024,Drizzle
2025-04-06,12:00 AM,50.5,50.1,98,NNE,4.2,16.1,29.1,0.063,Light Rain
2025-04-06,1:00 AM,50.3,49.8,98,NE,6.1,12.1,29.05,0.091,Light Rain
2025-04-06,2:00 AM,48.3,47.8,98,NNW,10.2,20.6,29.07,0.102,Rain
2025-04-06,3:00 AM,45.9,45.5,99,N,8.5,20.8,29.08,0.091,Light Rain
2025-04-06,4:00 AM,45.0,44.9,100,N,10.6,19.7,29.07,0.055,Light Rain
2025-04-06,5:00 AM,44.5,44.3,99,N,10.3,19.7,29.08,0.008,Light Drizzle
2025-04-06,6:00 AM,44.1,42.7,95,N,9.8,19.7,29.1,0.004,Light Drizzle
2025-04-06,7:00 AM,43.3,42.0,95,NNE,9.9,19.5,29.11,0.008,Light Drizzle
2025-04-06,8:00 AM,42.8,40.9,93,NNE,11.0,21.9,29.14,0.008,Light Drizzle
2025-04-06,9:00 AM,42.3,41.6,98,NNW,9.0,21.0,29.17,0.016,Light Drizzle
2025-04-06,10:00 AM,40.8,39.0,93,N,10.0,22.8,29.18,0.02,Drizzle
2025-04-06,11:00 AM,39.7,35.2,84,N,10.8,25.3,29.18,0.008,Light Drizzle
2025-04-06,12:00 PM,38.6,33.3,81,N,9.8,23.3,29.19,0.008,Light Drizzle
2025-04-06,1:00 PM,38.4,31.0,75,NNE,8.9,21.7,29.17,0.004,Light Drizzle
2025-04-06,2:00 PM,39.4,31.6,73,NNE,6.2,19.7,29.18,0.012,Light Drizzle
2025-04-06,3:00 PM,39.2,31.8,75,N,5.7,15.0,29.17,0.008,Light Drizzle
2025-04-06,4:00 PM,39.1,31.7,75,N,7.4,17.0,29.15,0.0,Cloudy
2025-04-06,5:00 PM,39.0,29.8,69,N,7.2,17.9,29.14,0.008,Light Drizzle
2025-04-06,6:00 PM,38.9,28.6,66,N,7.3,16.1,29.15,0.0,Cloudy
2025-04-06,7:00 PM,38.8,27.1,63,NNE,6.3,16.1,29.14,0.0,Cloudy
2025-04-06,8:00 PM,38.4,26.4,62,NNE,6.8,15.0,29.12,0.0,Cloudy
2025-04-06,9:00 PM,38.5,30.0,71,NNE,6.7,13.9,29.13,0.004,Light Drizzle
2025-04-06,10:00 PM,37.4,30.9,77,NNE,5.6,14.1,29.13,0.004,Light Drizzle
2025-04-06,11:00 PM,37.3,30.0,75,N,6.6,13.6,29.12,0.0,Cloudy
2025-04-07,12:00 AM,36.6,31.6,82,N,7.5,15.2,29.11,0.024,Drizzle
2025-04-07,1:00 AM,35.7,32.9,89,N,7.5,14.5,29.1,0.028,Drizzle
2025-04-07,2:00 AM,35.4,31.6,86,NNE,6.7,15.0,29.08,0.0,Cloudy
2025-04-07,3:00 AM,35.2,30.4,82,NNE,6.0,13.6,29.05,0.004,Light Drizzle
2025-04-07,4:00 AM,34.5,33.3,95,NNE,5.7,12.5,29.05,0.035,Light Snow
2025-04-07,5:00 AM,34.3,32.0,91,NE,4.9,12.1,29.03,0.016,Light Snow
2025-04-07,6:00 AM,33.9,32.1,93,NE,4.8,9.8,29.0,0.0,Fair
2025-04-07,7:00 AM,33.1,31.6,94,NNE,3.8,9.2,29.0,0.0,Cloudy
2025-04-07,8:00 AM,34.6,31.4,88,NNE,4.4,10.5,29.0,0.0,Partly Cloudy
2025-04-07,9:00 AM,36.0,31.5,84,NNE,2.9,9.8,29.0,0.0,Cloudy
2025-04-07,10:00 AM,37.8,31.6,78,NNW,3.6,10.5,28.98,0.0,Cloudy
2025-04-07,11:00 AM,41.6,31.6,67,WNW,1.9,10.7,28.97,0.0,Cloudy
2025-04-07,12:00 PM,46.8,32.4,57,W,4.7,14.1,28.95,0.0,Cloudy
2025-04-07,1:00 PM,47.8,32.7,56,W,5.6,16.3,28.94,0.0,Partly Cloudy
2025-04-07,2:00 PM,50.5,32.8,51,W,6.3,17.7,28.9,0.0,Fair
2025-04-07,3:00 PM,52.5,31.7,45,W,7.2,18.8,28.88,0.0,Partly Cloudy
2025-04-07,4:00 PM,53.7,30.2,40,W,7.4,19.0,28.86,0.0,Fair
2025-04-07,5:00 PM,54.1,30.0,39,W,8.2,19.5,28.84,0.0,Fair
2025-04-07,6:00 PM,54.1,28.7,37,W,11.2,22.4,28.86,0.0,Cloudy
2025-04-07,7:00 PM,51.8,30.1,43,W,11.8,25.1,28.86,0.0,Cloudy
2025-04-07,8:00 PM,42.9,33.4,69,NW,17.9,38.7,28.91,0.0,Cloudy
2025-04-07,9:00 PM,38.9,34.1,83,NNW,14.1,35.6,28.95,0.008,Light Drizzle
2025-04-07,10:00 PM,35.8,29.9,79,N,12.3,30.4,28.98,0.0,Cloudy
2025-04-07,11:00 PM,33.4,24.5,70,NNW,10.1,25.9,29.0,0.0,Cloudy
2025-04-08,12:00 AM,32.2,24.4,73,NNW,9.7,21.3,29.01,0.0,Cloudy
2025-04-08,1:00 AM,31.4,21.7,67,NNW,10.3,23.5,29.02,0.0,Fair
2025-04-08,2:00 AM,29.3,21.8,73,NNW,7.3,21.9,29.03,0.0,Cloudy
2025-04-08,3:00 AM,28.9,21.2,72,NNW,8.4,18.3,29.05,0.0,Cloudy
2025-04-08,4:00 AM,28.0,21.2,75,NW,6.0,17.9,29.06,0.0,Cloudy
2025-04-08,5:00 AM,28.9,21.7,74,NW,9.9,20.4,29.06,0.004,Light Snow
2025-04-08,6:00 AM,29.5,17.3,60,NW,11.0,23.0,29.08,0.004,Light Snow
2025-04-08,7:00 AM,27.1,15.0,60,NW,11.8,27.1,29.11,0.0,Cloudy
2025-04-08,8:00 AM,26.3,13.0,57,NW,11.6,25.7,29.15,0.0,Cloudy
2025-04-08,9:00 AM,27.9,14.9,58,NW,12.6,28.0,29.18,0.0,Cloudy
2025-04-08,10:00 AM,28.9,14.9,55,NW,12.4,27.7,29.2,0.0,Cloudy
2025-04-08,11:00 AM,29.8,15.1,54,NW,12.4,27.7,29.22,0.0,Cloudy
2025-04-08,12:00 PM,31.5,14.8,50,NW,12.3,28.0,29.23,0.0,Cloudy
2025-04-08,1:00 PM,33.8,15.3,46,NW,12.6,29.3,29.23,0.0,Partly Cloudy
2025-04-08,2:00 PM,36.0,16.2,44,NW,12.3,29.5,29.23,0.0,Partly Cloudy
2025-04-08,3:00 PM,37.3,15.8,41,NW,12.2,29.1,29.23,0.0,Partly Cloudy
2025-04-08,4:00 PM,38.1,14.8,38,NW,11.6,28.4,29.22,0.0,Partly Cloudy
2025-04-08,5:00 PM,37.9,15.4,39,NW,10.9,27.1,29.23,0.0,Fair
2025-04-08,6:00 PM,37.4,15.1,40,NW,10.9,25.1,29.23,0.0,Fair
2025-04-08,7:00 PM,35.9,16.1,44,NW,9.7,24.2,29.25,0.0,Fair
2025-04-08,8:00 PM,34.3,17.6,50,NW,6.2,22.8,29.26,0.0,Cloudy
2025-04-08,9:00 PM,32.3,19.3,58,NW,4.9,11.9,29.29,0.0,Fair
2025-04-08,10:00 PM,31.2,21.1,66,WNW,3.1,8.9,29.3,0.0,Fair
2025-04-08,11:00 PM,30.1,22.6,73,NW,1.8,5.6,29.31,0.0,Fair
2025-04-09,12:00 AM,30.3,23.5,75,NNE,0.5,3.4,29.32,0.0,Cloudy
2025-04-09,1:00 AM,30.0,24.5,80,S,1.1,2.0,29.33,0.0,Partly Cloudy
2025-04-09,2:00 AM,28.9,24.3,83,SSW,2.7,4.7,29.34,0.0,Fair
2025-04-09,3:00 AM,29.2,23.7,80,SW,5.0,8.7,29.34,0.0,Fair
2025-04-09,4:00 AM,28.4,22.1,77,W,3.2,9.2,29.36,0.0,Fair
2025-04-09,5:00 AM,27.3,22.7,83,NW,2.1,6.0,29.37,0.0,Fair
2025-04-09,6:00 AM,27.1,22.5,83,SW,1.3,3.8,29.38,0.0,Fair
2025-04-09,7:00 AM,27.1,22.4,82,SW,2.0,4.0,29.39,0.0,Fair
2025-04-09,8:00 AM,29.6,23.4,77,SW,2.5,6.5,29.41,0.0,Fair
2025-04-09,9:00 AM,33.2,21.4,62,SW,2.6,8.5,29.42,0.0,Fair
2025-04-09,10:00 AM,37.3,21.8,53,SW,3.2,10.7,29.42,0.0,Fair
2025-04-09,11:00 AM,40.2,19.6,43,WSW,5.2,15.0,29.42,0.0,Fair
2025-04-09,12:00 PM,42.4,20.0,40,WSW,5.4,15.7,29.41,0.0,Cloudy
2025-04-09,1:00 PM,44.3,20.7,39,WSW,4.5,15.7,29.4,0.0,Cloudy
2025-04-09,2:00 PM,45.3,21.6,39,WSW,4.8,14.3,29.38,0.0,Cloudy
2025-04-09,3:00 PM,46.1,22.4,39,WSW,3.9,14.3,29.36,0.0,Cloudy
2025-04-09,4:00 PM,45.4,22.7,40,WSW,4.0,12.3,29.35,0.0,Cloudy
2025-04-09,5:00 PM,45.4,23.5,42,WSW,3.3,10.7,29.34,0.0,Cloudy
2025-04-09,6:00 PM,45.8,24.4,43,WSW,2.8,8.9,29.34,0.0,Cloudy
2025-04-09,7:00 PM,44.1,30.4,58,E,0.3,7.4,29.33,0.0,Cloudy
2025-04-09,8:00 PM,40.8,30.3,66,ESE,2.5,3.8,29.32,0.0,Cloudy
2025-04-09,9:00 PM,44.2,31.0,59,S,0.8,4.0,29.31,0.0,Cloudy
2025-04-09,10:00 PM,43.5,28.8,56,SE,2.2,3.4,29.33,0.004,Light Drizzle
2025-04-09,11:00 PM,41.6,32.9,71,SSE,7.3,13.6,29.33,0.012,Light Drizzle
2025-04-10,12:00 AM,38.9,37.1,93,ESE,5.3,12.8,29.32,0.024,Drizzle
2025-04-10,1:00 AM,38.4,37.2,96,E,5.4,10.3,29.32,0.024,Drizzle
2025-04-10,2:00 AM,37.9,36.9,96,E,5.9,11.2,29.3,0.02,Drizzle
2025-04-10,3:00 AM,37.7,36.8,97,E,5.7,11.2,29.29,0.055,Light Rain
2025-04-10,4:00 AM,37.7,36.9,97,E,6.6,12.5,29.26,0.008,Light Drizzle
2025-04-10,5:00 AM,38.1,36.6,94,E,6.7,13.0,29.23,0.0,Cloudy
2025-04-10,6:00 AM,38.5,36.8,94,E,5.8,12.3,29.23,0.0,Cloudy
2025-04-10,7:00 AM,38.9,36.9,92,E,5.8,11.2,29.22,0.0,Cloudy
2025-04-10,8:00 AM,39.9,37.8,92,ESE,6.1,11.0,29.21,0.004,Light Drizzle
2025-04-10,9:00 AM,43.0,42.4,98,SSE,6.3,11.9,29.21,0.02,Drizzle
2025-04-10,10:00 AM,44.2,43.6,98,SSE,6.4,12.5,29.19,0.024,Drizzle
2025-04-10,11:00 AM,46.1,45.5,98,SSE,6.1,13.4,29.19,0.024,Drizzle
2025-04-10,12:00 PM,46.9,46.0,97,S,8.9,17.7,29.18,0.02,Drizzle
2025-04-10,1:00 PM,48.1,45.7,91,SSW,10.0,19.9,29.17,0.012,Light Drizzle
2025-04-10,2:00 PM,49.0,45.9,89,SSW,9.3,20.4,29.15,0.004,Light Drizzle
2025-04-10,3:00 PM,51.3,44.9,79,SW,10.9,24.2,29.15,0.004,Light Drizzle
2025-04-10,4:00 PM,52.3,45.1,76,SW,7.5,22.6,29.13,0.004,Light Drizzle
2025-04-10,5:00 PM,55.4,46.1,71,SW,7.2,19.7,29.12,0.0,Partly Cloudy
2025-04-10,6:00 PM,55.0,44.8,69,WSW,8.2,19.5,29.1,0.028,Drizzle
2025-04-10,7:00 PM,49.8,46.9,90,WNW,5.6,16.8,29.11,0.098,Rain
2025-04-10,8:00 PM,47.5,46.7,97,WNW,2.8,11.6,29.12,0.043,Drizzle
2025-04-10,9:00 PM,45.9,44.1,93,NW,3.6,5.4,29.18,0.004,Light Drizzle
2025-04-10,10:00 PM,44.7,44.0,97,NNW,7.5,14.1,29.2,0.0,Fair
2025-04-10,11:00 PM,42.9,42.4,98,NNW,5.7,13.9,29.21,0.0,Cloudy
2025-04-11,12:00 AM,41.9,41.3,98,NNW,5.9,11.4,29.21,0.0,Partly Cloudy
2025-04-11,1:00 AM,40.6,40.0,98,NNW,5.9,11.9,29.19,0.0,Cloudy
2025-04-11,2:00 AM,39.7,38.5,95,NNW,7.2,14.3,29.2,0.0,Cloudy
2025-04-11,3:00 AM,38.4,36.8,94,NNW,6.7,15.4,29.19,0.0,Cloudy
2025-04-11,4:00 AM,37.8,36.0,93,NNW,7.0,15.0,29.2,0.0,Cloudy
2025-04-11,5:00 AM,37.2,35.9,95,N,8.1,17.0,29.19,0.0,Cloudy
2025-04-11,6:00 AM,37.2,35.6,94,N,8.7,18.1,29.19,0.0,Cloudy
2025-04-11,7:00 AM,37.0,35.0,92,N,8.1,18.3,29.21,0.0,Cloudy
2025-04-11,8:00 AM,36.9,34.3,90,N,8.2,17.9,29.23,0.0,Cloudy
2025-04-11,9:00 AM,37.9,34.0,85,N,8.7,19.9,29.23,0.0,Cloudy
2025-04-11,10:00 AM,39.0,33.8,81,N,7.5,19.7,29.26,0.0,Cloudy
2025-04-11,11:00 AM,41.1,33.8,75,N,7.9,19.0,29.26,0.0,Cloudy
2025-04-11,12:00 PM,43.8,34.3,69,N,8.8,21.3,29.24,0.0,Cloudy
2025-04-11,1:00 PM,45.9,34.7,65,N,8.3,21.5,29.23,0.0,Cloudy
2025-04-11,2:00 PM,47.7,35.1,61,N,7.4,20.6,29.23,0.0,Cloudy
2025-04-11,3:00 PM,49.0,34.9,58,N,7.8,19.7,29.21,0.0,Cloudy
2025-04-11,4:00 PM,48.5,34.8,59,N,8.3,19.7,29.21,0.0,Cloudy
2025-04-11,5:00 PM,47.8,34.7,60,N,9.3,21.7,29.2,0.0,Cloudy
2025-04-11,6:00 PM,46.9,34.3,61,N,8.7,21.3,29.21,0.0,Cloudy
2025-04-11,7:00 PM,45.4,33.9,64,N,8.8,20.6,29.21,0.0,Cloudy
2025-04-11,8:00 PM,43.8,34.1,68,N,7.8,20.6,29.21,0.0,Cloudy
2025-04-11,9:00 PM,40.9,33.4,75,NNW,7.2,15.4,29.26,0.0,Cloudy
2025-04-11,10:00 PM,40.6,33.2,75,NNW,7.2,15.7,29.27,0.0,Cloudy
2025-04-11,11:00 PM,40.0,32.8,75,NNW,6.8,15.0,29.27,0.0,Cloudy
2025-04-12,12:00 AM,39.6,32.9,77,N,5.7,14.3,29.27,0.0,Cloudy
2025-04-12,1:00 AM,38.8,32.9,79,NNW,5.4,12.1,29.26,0.0,Cloudy
2025-04-12,2:00 AM,38.8,33.0,80,NNW,5.7,11.9,29.25,0.0,Cloudy
2025-04-12,3:00 AM,38.5,33.1,81,NNW,6.3,13.6,29.24,0.0,Cloudy
2025-04-12,4:00 AM,38.1,33.2,82,NNW,6.1,13.6,29.23,0.0,Cloudy
2025-04-12,5:00 AM,38.0,33.3,83,NNW,6.3,13.2,29.23,0.0,Cloudy
2025-04-12,6:00 AM,37.9,33.5,84,NNW,6.1,13.2,29.24,0.0,Cloudy
2025-04-12,7:00 AM,37.9,33.6,84,NNW,6.2,13.2,29.25,0.0,Cloudy
2025-04-12,8:00 AM,38.5,33.6,83,NNW,6.2,13.2,29.27,0.0,Cloudy
2025-04-12,9:00 AM,39.8,34.3,80,NNW,7.1,15.4,29.28,0.0,Cloudy
2025-04-12,10:00 AM,40.6,34.5,79,NNW,7.3,16.6,29.28,0.0,Cloudy
2025-04-12,11:00 AM,42.1,34.8,75,NNW,7.5,17.9,29.29,0.004,Light Drizzle
2025-04-12,12:00 PM,43.8,36.1,74,NNW,7.6,17.7,29.3,0.02,Drizzle
2025-04-12,1:00 PM,44.5,36.1,72,N,7.4,17.9,29.28,0.016,Light Drizzle
2025-04-12,2:00 PM,46.0,34.6,64,N,6.5,17.4,29.27,0.0,Cloudy
2025-04-12,3:00 PM,47.1,33.9,60,NNW,6.3,15.9,29.25,0.0,Cloudy
2025-04-12,4:00 PM,47.4,33.0,57,NNW,6.4,15.2,29.24,0.0,Cloudy
2025-04-12,5:00 PM,47.2,33.6,59,NNW,7.7,16.8,29.23,0.0,Cloudy
2025-04-12,6:00 PM,47.3,34.1,60,NNW,7.2,17.4,29.23,0.0,Partly Cloudy
2025-04-12,7:00 PM,46.9,34.5,62,NNW,6.5,17.7,29.23,0.0,Cloudy
2025-04-12,8:00 PM,45.2,35.1,67,N,5.2,13.9,29.24,0.0,Cloudy
2025-04-12,9:00 PM,43.5,35.7,74,N,4.0,9.2,29.26,0.0,Cloudy
2025-04-12,10:00 PM,42.8,36.5,78,NNW,2.5,7.4,29.27,0.0,Fair
2025-04-12,11:00 PM,40.4,35.5,83,NW,3.7,6.0,29.27,0.0,Fair
2025-04-13,12:00 AM,38.9,35.1,86,NNW,4.1,7.6,29.26,0.0,Fair
2025-04-13,1:00 AM,37.9,34.5,87,NNW,4.5,7.8,29.27,0.0,Fair
2025-04-13,2:00 AM,36.7,33.9,90,NNW,4.3,8.1,29.27,0.0,Fair
2025-04-13,3:00 AM,35.4,33.3,92,NNW,3.0,7.6,29.26,0.0,Fair
2025-04-13,4:00 AM,34.4,32.8,94,NNW,2.7,5.1,29.26,0.0,Fair
2025-04-13,5:00 AM,33.6,32.4,95,NNW,2.6,4.9,29.27,0.0,Fair
2025-04-13,6:00 AM,32.7,31.8,96,NNW,1.8,4.5,29.27,0.0,Cloudy
2025-04-13,7:00 AM,32.5,31.6,97,WNW,1.6,3.6,29.28,0.0,Cloudy
2025-04-13,8:00 AM,36.2,33.7,90,W,3.6,7.6,29.3,0.0,Partly Cloudy
2025-04-13,9:00 AM,41.8,35.1,77,W,2.0,7.2,29.32,0.0,Cloudy
2025-04-13,10:00 AM,47.3,34.3,60,WNW,3.6,11.0,29.32,0.0,Fair
2025-04-13,11:00 AM,50.9,32.5,49,WNW,4.0,12.5,29.31,0.0,Fair
2025-04-13,12:00 PM,53.3,32.7,45,NW,2.6,12.5,29.29,0.0,Fair
2025-04-13,1:00 PM,55.2,33.0,43,W,2.2,10.5,29.26,0.0,Fair
2025-04-13,2:00 PM,56.7,33.5,42,WSW,2.8,11.0,29.24,0.0,Fair
2025-04-13,3:00 PM,57.8,34.3,41,WSW,4.3,13.4,29.22,0.0,Fair
2025-04-13,4:00 PM,58.4,34.8,41,WSW,5.4,14.8,29.2,0.0,Cloudy
2025-04-13,5:00 PM,58.0,35.1,42,WSW,5.4,15.0,29.18,0.0,Fair
2025-04-13,6:00 PM,57.7,35.7,44,WSW,4.9,13.9,29.18,0.0,Fair
2025-04-13,7:00 PM,55.7,38.4,52,SW,3.5,11.9,29.16,0.0,Fair
2025-04-13,8:00 PM,51.5,38.3,60,SSW,4.6,7.8,29.15,0.0,Cloudy
2025-04-13,9:00 PM,50.7,36.6,58,SSW,3.8,6.3,29.12,0.0,Cloudy
2025-04-13,10:00 PM,49.8,38.5,65,S,3.1,7.2,29.11,0.0,Cloudy
2025-04-13,11:00 PM,48.9,39.0,69,SSE,3.6,6.7,29.09,0.0,Cloudy
2025-04-14,12:00 AM,47.7,39.5,73,S,3.3,6.5,29.1,0.0,Cloudy
2025-04-14,1:00 AM,47.5,39.3,73,S,4.3,7.8,29.1,0.0,Cloudy
2025-04-14,2:00 AM,47.5,38.1,70,SSE,5.7,10.3,29.07,0.0,Cloudy
2025-04-14,3:00 AM,48.1,37.0,65,SE,5.9,11.0,29.04,0.0,Cloudy
2025-04-14,4:00 AM,47.5,36.5,66,SE,6.1,11.6,29.02,0.0,Cloudy
2025-04-14,5:00 AM,48.1,36.8,65,SE,5.8,11.9,29.0,0.0,Cloudy
2025-04-14,6:00 AM,47.4,36.5,66,SSE,5.9,11.4,28.98,0.0,Cloudy
2025-04-14,7:00 AM,47.7,36.4,65,S,6.3,11.6,28.97,0.0,Cloudy
2025-04-14,8:00 AM,50.2,38.0,63,SSW,7.6,14.8,28.98,0.0,Cloudy
2025-04-14,9:00 AM,56.0,41.1,57,SSW,7.4,15.2,28.95,0.0,Cloudy
2025-04-14,10:00 AM,60.0,42.7,53,SSW,7.8,17.0,28.94,0.0,Cloudy
2025-04-14,11:00 AM,64.7,45.4,50,SSW,8.8,19.9,28.92,0.0,Cloudy
2025-04-14,12:00 PM,67.0,47.8,50,SW,10.2,23.0,28.92,0.0,Cloudy
2025-04-14,1:00 PM,68.7,49.6,51,SW,11.8,25.9,28.91,0.0,Cloudy
2025-04-14,2:00 PM,70.3,51.5,51,SW,12.6,27.7,28.9,0.0,Cloudy
2025-04-14,3:00 PM,70.8,53.0,53,SW,12.1,28.0,28.88,0.0,Cloudy
2025-04-14,4:00 PM,70.5,54.1,56,SW,10.5,26.6,28.85,0.0,Cloudy
2025-04-14,5:00 PM,72.6,55.3,55,WSW,12.1,26.2,28.85,0.0,Cloudy
2025-04-14,6:00 PM,70.3,54.6,58,WSW,11.2,26.4,28.85,0.0,Cloudy
2025-04-14,7:00 PM,65.9,55.3,69,WSW,9.8,23.3,28.85,0.0,Cloudy
2025-04-14,8:00 PM,63.1,55.7,77,SW,10.6,21.5,28.86,0.008,Light Drizzle
2025-04-14,9:00 PM,64.0,51.6,64,SW,9.7,19.0,28.86,0.004,Light Drizzle
2025-04-14,10:00 PM,62.1,53.8,74,WSW,12.0,23.9,28.87,0.0,Cloudy
2025-04-14,11:00 PM,59.5,52.0,76,WSW,9.9,24.4,28.87,0.0,Cloudy
2025-04-15,12:00 AM,57.7,47.9,70,W,10.3,20.6,28.87,0.0,Cloudy
2025-04-15,1:00 AM,57.0,36.1,45,W,9.9,21.9,28.89,0.0,Cloudy
2025-04-15,2:00 AM,54.9,34.6,46,W,7.7,20.4,28.89,0.0,Cloudy
2025-04-15,3:00 AM,53.2,35.7,51,W,6.4,15.9,28.87,0.0,Cloudy
2025-04-15,4:00 AM,52.0,36.5,55,WSW,7.4,15.0,28.86,0.0,Cloudy
2025-04-15,5:00 AM,50.8,36.5,58,W,8.4,17.2,28.85,0.0,Cloudy
2025-04-15,6:00 AM,50.4,36.5,59,W,8.5,18.1,28.86,0.0,Cloudy
2025-04-15,7:00 AM,49.6,36.0,59,WSW,9.0,18.3,28.86,0.0,Cloudy
2025-04-15,8:00 AM,49.7,35.6,58,WSW,10.9,22.6,28.86,0.0,Fair
2025-04-15,9:00 AM,51.4,34.3,52,WSW,15.9,33.6,28.85,0.0,Fair
2025-04-15,10:00 AM,52.3,31.5,45,W,18.6,39.4,28.85,0.012,Light Drizzle
2025-04-15,11:00 AM,52.2,32.5,47,W,17.1,46.5,28.86,0.024,Drizzle
2025-04-15,12:00 PM,51.4,34.8,53,W,16.5,47.4,28.87,0.016,Light Drizzle
2025-04-15,1:00 PM,49.5,34.9,57,W,19.4,48.5,28.87,0.039,Light Snow
2025-04-15,2:00 PM,49.2,38.4,66,W,18.6,50.3,28.86,0.016,Light Drizzle
2025-04-15,3:00 PM,47.8,33.9,58,W,19.1,45.2,28.87,0.02,Drizzle
2025-04-15,4:00 PM,47.8,34.0,58,WNW,20.6,47.4,28.9,0.004,Light Drizzle
2025-04-15,5:00 PM,47.2,31.6,54,WNW,20.7,44.3,28.92,0.0,Cloudy
2025-04-15,6:00 PM,46.0,31.6,57,WNW,16.4,43.0,28.95,0.004,Light Drizzle
2025-04-15,7:00 PM,45.5,29.7,54,WNW,17.0,37.8,28.97,0.0,Cloudy
2025-04-15,8:00 PM,44.6,30.7,58,WNW,14.3,38.7,29.0,0.0,Cloudy
2025-04-15,9:00 PM,42.3,33.3,70,W,13.3,29.8,29.05,0.008,Light Drizzle
2025-04-15,10:00 PM,41.8,33.5,72,W,12.6,27.5,29.07,0.004,Light Drizzle
2025-04-15,11:00 PM,42.0,31.8,67,W,11.9,26.4,29.07,0.0,Fair
2025-04-16,12:00 AM,41.3,30.3,65,W,11.8,25.1,29.06,0.0,Fair
2025-04-16,1:00 AM,40.3,29.7,66,W,11.2,24.6,29.06,0.0,Fair
2025-04-16,2:00 AM,39.8,29.4,66,W,10.8,23.3,29.06,0.0,Fair
2025-04-16,3:00 AM,38.9,29.4,68,W,10.1,22.4,29.06,0.0,Fair
2025-04-16,4:00 AM,38.7,29.8,70,W,9.8,20.8,29.07,0.0,Partly Cloudy
2025-04-16,5:00 AM,37.9,30.3,74,WNW,9.0,20.1,29.09,0.0,Cloudy
2025-04-16,6:00 AM,37.9,30.9,76,WNW,8.7,18.6,29.11,0.0,Cloudy
2025-04-16,7:00 AM,37.8,31.2,77,W,8.4,18.3,29.13,0.0,Cloudy
2025-04-16,8:00 AM,38.4,30.4,73,WNW,10.6,22.6,29.15,0.0,Cloudy
2025-04-16,9:00 AM,40.9,30.8,67,WNW,11.9,25.9,29.16,0.0,Cloudy
2025-04-16,10:00 AM,41.7,30.5,64,WNW,12.5,27.1,29.17,0.0,Cloudy
2025-04-16,11:00 AM,43.3,29.8,59,WNW,13.0,28.6,29.19,0.0,Cloudy
2025-04-16,12:00 PM,45.3,29.0,53,WNW,12.7,28.6,29.2,0.0,Cloudy
2025-04-16,1:00 PM,47.2,28.4,48,WNW,12.8,29.1,29.2,0.0,Partly Cloudy
2025-04-16,2:00 PM,48.8,28.1,44,WNW,12.9,29.5,29.19,0.0,Partly Cloudy
2025-04-16,3:00 PM,49.8,27.9,42,WNW,13.0,29.5,29.17,0.0,Partly Cloudy
2025-04-16,4:00 PM,50.0,27.7,42,WNW,12.9,29.5,29.17,0.0,Partly Cloudy
2025-04-16,5:00 PM,49.6,27.8,43,NW,12.6,29.1,29.18,0.0,Partly Cloudy
2025-04-16,6:00 PM,48.7,28.0,44,NW,11.7,28.0,29.18,0.0,Fair
2025-04-16,7:00 PM,46.3,29.0,51,NW,10.5,25.7,29.2,0.0,Fair
2025-04-16,8:00 PM,42.4,30.2,62,NNW,8.3,22.4,29.23,0.0,Fair
2025-04-16,9:00 PM,41.3,30.6,65,N,7.4,16.1,29.26,0.0,Fair
2025-04-16,10:00 PM,39.2,30.8,72,N,4.6,14.3,29.27,0.0,Fair
2025-04-16,11:00 PM,38.2,31.1,75,N,3.4,8.3,29.28,0.0,Fair
2025-04-17,12:00 AM,36.6,31.1,80,N,1.8,6.0,29.29,0.0,Fair
2025-04-17,1:00 AM,36.0,31.1,82,NE,0.6,3.6,29.3,0.0,Fair
2025-04-17,2:00 AM,35.4,31.3,85,ESE,0.3,1.8,29.3,0.0,Fair
2025-04-17,3:00 AM,34.6,31.6,89,SW,0.2,1.3,29.3,0.0,Fair
2025-04-17,4:00 AM,33.4,31.5,92,SW,1.2,2.2,29.31,0.0,Fair
2025-04-17,5:00 AM,32.5,30.8,93,SSW,2.6,4.3,29.32,0.0,Fair
2025-04-17,6:00 AM,32.5,30.8,94,SSW,3.0,4.9,29.33,0.0,Fair
2025-04-17,7:00 AM,32.8,30.9,93,SSW,3.8,6.0,29.35,0.0,Fair
2025-04-17,8:00 AM,35.8,32.9,89,SSW,4.3,8.5,29.38,0.0,Fair
2025-04-17,9:00 AM,41.1,33.2,73,S,3.9,10.5,29.4,0.0,Fair
2025-04-17,10:00 AM,46.7,31.6,56,S,5.4,14.1,29.39,0.0,Fair
2025-04-17,11:00 AM,50.3,29.8,45,SSW,5.3,15.0,29.41,0.0,Fair
2025-04-17,12:00 PM,52.7,30.7,43,SW,5.3,15.7,29.42,0.0,Fair
2025-04-17,1:00 PM,54.7,31.6,41,SSW,2.8,15.4,29.39,0.0,Fair
2025-04-17,2:00 PM,56.7,32.4,40,SSW,3.2,11.9,29.38,0.0,Fair
2025-04-17,3:00 PM,57.8,33.1,39,SSW,3.7,12.5,29.36,0.0,Fair
2025-04-17,4:00 PM,58.6,33.1,38,S,3.5,12.3,29.32,0.0,Fair
2025-04-17,5:00 PM,59.1,33.5,38,SSW,4.0,11.9,29.32,0.0,Partly Cloudy
2025-04-17,6:00 PM,58.7,33.4,38,S,3.4,11.6,29.31,0.0,Cloudy
2025-04-17,7:00 PM,56.6,39.0,52,S,2.3,8.7,29.31,0.0,Cloudy
2025-04-17,8:00 PM,52.4,37.1,56,SE,2.1,3.8,29.3,0.0,Cloudy
2025-04-17,9:00 PM,51.8,35.3,53,ESE,2.6,3.8,29.28,0.0,Cloudy
2025-04-17,10:00 PM,49.6,37.4,63,ESE,4.7,8.1,29.28,0.0,Cloudy
2025-04-17,11:00 PM,48.6,38.2,67,SE,5.0,8.7,29.27,0.0,Cloudy
2025-04-18,12:00 AM,48.0,36.6,64,SE,5.3,9.2,29.27,0.0,Cloudy
2025-04-18,1:00 AM,47.2,33.3,58,SE,6.5,11.6,29.24,0.0,Cloudy
2025-04-18,2:00 AM,46.2,30.7,54,SE,6.6,11.6,29.24,0.0,Cloudy
2025-04-18,3:00 AM,45.9,29.1,52,SE,6.2,11.6,29.23,0.0,Cloudy
2025-04-18,4:00 AM,46.3,28.9,51,SSE,5.8,11.0,29.22,0.0,Cloudy
2025-04-18,5:00 AM,47.8,29.7,49,SSE,5.9,11.9,29.21,0.0,Cloudy
2025-04-18,6:00 AM,47.8,31.5,53,S,7.2,13.2,29.21,0.0,Cloudy
2025-04-18,7:00 AM,49.2,34.2,56,S,8.2,15.2,29.22,0.008,Light Drizzle
2025-04-18,8:00 AM,51.3,38.8,62,S,8.8,17.0,29.23,0.0,Cloudy
2025-04-18,9:00 AM,59.1,41.5,52,S,9.0,22.1,29.19,0.0,Fair
2025-04-18,10:00 AM,64.2,42.6,45,S,10.2,22.4,29.18,0.0,Cloudy
2025-04-18,11:00 AM,68.2,44.1,42,SSW,13.1,28.2,29.17,0.0,Partly Cloudy
2025-04-18,12:00 PM,71.2,45.2,39,SSW,14.9,32.4,29.15,0.0,Cloudy
2025-04-18,1:00 PM,73.8,46.9,38,SSW,16.0,34.7,29.14,0.0,Fair
2025-04-18,2:00 PM,75.9,48.8,38,SSW,16.4,35.6,29.14,0.0,Fair
2025-04-18,3:00 PM,77.3,49.7,38,SW,15.8,35.8,29.13,0.0,Fair
2025-04-18,4:00 PM,77.5,49.4,37,SSW,15.1,34.2,29.1,0.0,Fair
2025-04-18,5:00 PM,76.9,49.6,38,SSW,14.5,32.7,29.08,0.0,Fair
2025-04-18,6:00 PM,75.8,50.5,41,SSW,13.1,30.9,29.08,0.0,Partly Cloudy
2025-04-18,7:00 PM,73.2,49.2,43,SSW,12.5,27.7,29.08,0.0,Cloudy
2025-04-18,8:00 PM,70.9,48.1,44,SSW,13.2,27.1,29.07,0.0,Cloudy
2025-04-18,9:00 PM,71.3,44.9,39,SSW,11.7,24.8,29.06,0.0,Cloudy
2025-04-18,10:00 PM,70.3,45.1,40,SW,11.1,23.9,29.08,0.0,Cloudy
2025-04-18,11:00 PM,68.7,46.0,44,SW,10.2,22.6,29.1,0.0,Cloudy
2025-04-19,12:00 AM,66.9,46.9,48,SW,9.3,20.6,29.11,0.0,Fair
2025-04-19,1:00 AM,65.7,46.9,51,SW,10.0,20.4,29.13,0.0,Cloudy
2025-04-19,2:00 AM,68.5,47.3,47,SW,12.5,25.5,29.12,0.0,Cloudy
2025-04-19,3:00 AM,68.5,46.9,46,SW,12.0,26.4,29.13,0.0,Cloudy
2025-04-19,4:00 AM,67.0,47.4,49,SW,11.4,24.6,29.13,0.0,Cloudy
2025-04-19,5:00 AM,66.6,48.0,51,SW,11.7,24.4,29.14,0.0,Cloudy
2025-04-19,6:00 AM,66.2,48.9,54,SW,11.4,24.4,29.14,0.0,Cloudy
2025-04-19,7:00 AM,64.5,49.2,58,SW,11.1,23.5,29.16,0.0,Fair
2025-04-19,8:00 AM,65.5,49.7,57,SW,11.1,22.8,29.19,0.0,Cloudy
2025-04-19,9:00 AM,73.0,52.5,49,SW,11.4,25.7,29.18,0.0,Cloudy
2025-04-19,10:00 AM,70.2,56.3,61,WSW,12.5,31.1,29.2,0.035,Drizzle
2025-04-19,11:00 AM,73.1,56.5,56,SW,10.2,26.6,29.19,0.0,Cloudy
2025-04-19,12:00 PM,77.8,55.8,47,SW,13.3,29.1,29.18,0.0,Partly Cloudy
2025-04-19,1:00 PM,80.2,56.7,45,SW,15.2,35.1,29.18,0.0,Cloudy
2025-04-19,2:00 PM,78.6,57.3,48,WSW,16.0,35.6,29.17,0.0,Cloudy
2025-04-19,3:00 PM,78.4,57.9,49,WSW,18.5,40.0,29.18,0.004,Light Drizzle
2025-04-19,4:00 PM,78.3,58.6,51,WSW,16.3,40.0,29.17,0.012,Light Drizzle
2025-04-19,5:00 PM,75.6,59.3,57,W,15.5,36.0,29.19,0.0,Cloudy
2025-04-19,6:00 PM,70.3,61.0,72,W,13.4,34.9,29.23,0.031,Drizzle
2025-04-19,7:00 PM,68.3,62.0,80,W,10.8,28.0,29.24,0.0,Cloudy
2025-04-19,8:00 PM,68.0,62.0,81,W,9.8,22.1,29.27,0.004,Light Drizzle
2025-04-19,9:00 PM,64.4,62.4,93,WSW,8.4,15.4,29.28,0.0,Cloudy
2025-04-19,10:00 PM,63.4,61.3,93,W,8.7,17.0,29.31,0.0,Cloudy
2025-04-19,11:00 PM,62.2,58.4,87,NW,9.2,19.9,29.34,0.0,Cloudy
2025-04-20,12:00 AM,59.7,54.6,83,NW,7.8,17.9,29.34,0.0,Cloudy
2025-04-20,1:00 AM,57.9,52.7,83,NW,8.9,17.7,29.37,0.0,Fair
2025-04-20,2:00 AM,55.9,52.3,87,NNW,8.1,18.1,29.4,0.0,Cloudy
2025-04-20,3:00 AM,54.7,50.5,86,N,7.9,15.9,29.41,0.0,Cloudy
2025-04-20,4:00 AM,52.1,46.0,80,NNE,8.1,17.7,29.44,0.0,Cloudy
2025-04-20,5:00 AM,49.7,42.6,76,N,6.7,16.6,29.47,0.0,Cloudy
2025-04-20,6:00 AM,49.7,41.2,72,NNE,6.7,14.3,29.49,0.0,Cloudy
2025-04-20,7:00 AM,48.9,40.6,73,NNE,6.9,13.9,29.51,0.0,Cloudy
2025-04-20,8:00 AM,48.9,39.3,69,NNE,7.4,16.6,29.53,0.0,Fair
2025-04-20,9:00 AM,52.3,38.2,58,NE,7.0,17.2,29.54,0.0,Fair
2025-04-20,10:00 AM,54.6,35.7,49,NE,6.8,17.7,29.54,0.0,Cloudy
2025-04-20,11:00 AM,57.3,34.6,42,NE,5.9,17.4,29.53,0.0,Partly Cloudy
2025-04-20,12:00 PM,60.1,34.6,38,NE,4.9,16.3,29.53,0.0,Cloudy
2025-04-20,1:00 PM,62.7,35.4,36,NE,4.8,14.8,29.52,0.0,Cloudy
2025-04-20,2:00 PM,64.4,36.3,35,ENE,4.9,14.8,29.49,0.0,Cloudy
2025-04-20,3:00 PM,66.2,37.7,35,ENE,5.2,15.2,29.47,0.0,Cloudy
2025-04-20,4:00 PM,66.9,38.8,36,E,5.2,15.0,29.45,0.0,Cloudy
2025-04-20,5:00 PM,66.9,39.9,37,E,5.7,14.8,29.43,0.0,Cloudy
2025-04-20,6:00 PM,65.8,41.0,40,E,6.6,15.4,29.41,0.0,Cloudy
2025-04-20,7:00 PM,64.0,42.5,46,E,6.0,15.4,29.4,0.0,Partly Cloudy
2025-04-20,8:00 PM,59.7,43.3,55,E,4.9,12.5,29.39,0.0,Cloudy
2025-04-20,9:00 PM,59.5,41.2,51,ENE,5.6,10.7,29.36,0.0,Cloudy
2025-04-20,10:00 PM,57.7,39.8,51,ENE,6.4,11.6,29.34,0.0,Cloudy
2025-04-20,11:00 PM,56.8,38.9,51,ENE,6.9,12.8,29.32,0.0,Cloudy
2025-04-21,12:00 AM,56.5,39.2,52,E,6.2,13.6,29.3,0.0,Cloudy
2025-04-21,1:00 AM,56.4,42.4,59,E,6.1,11.9,29.29,0.012,Light Drizzle
2025-04-21,2:00 AM,56.8,46.7,69,E,8.4,18.3,29.25,0.024,Drizzle
2025-04-21,3:00 AM,57.2,51.2,80,ESE,9.3,17.9,29.21,0.0,Cloudy
2025-04-21,4:00 AM,59.3,54.2,83,SE,7.9,17.2,29.2,0.0,Cloudy
2025-04-21,5:00 AM,61.1,56.5,85,SSE,9.4,17.4,29.19,0.0,Cloudy
2025-04-21,6:00 AM,62.3,57.5,84,S,11.2,21.0,29.19,0.004,Light Drizzle
2025-04-21,7:00 AM,63.1,57.8,83,S,12.3,24.2,29.18,0.008,Light Drizzle
2025-04-21,8:00 AM,64.7,58.6,81,S,11.0,24.2,29.17,0.0,Cloudy
2025-04-21,9:00 AM,69.0,59.7,72,S,8.4,23.9,29.16,0.0,Cloudy
2025-04-21,10:00 AM,72.9,60.2,64,S,11.3,24.6,29.14,0.0,Cloudy
2025-04-21,11:00 AM,75.2,57.5,54,SW,16.6,34.9,29.13,0.0,Cloudy
2025-04-21,12:00 PM,74.7,56.8,54,SW,16.6,35.8,29.12,0.0,Cloudy
2025-04-21,1:00 PM,75.4,56.2,51,SW,16.9,37.4,29.1,0.0,Cloudy
2025-04-21,2:00 PM,67.5,61.5,81,SW,15.2,36.2,29.1,0.055,Light Rain
2025-04-21,3:00 PM,70.3,61.4,73,SSW,14.5,34.9,29.09,0.004,Light Drizzle
2025-04-21,4:00 PM,70.3,60.9,72,SSW,16.1,35.1,29.06,0.0,Cloudy
2025-04-21,5:00 PM,71.1,60.0,68,SW,16.4,37.4,29.05,0.004,Light Drizzle
2025-04-21,6:00 PM,71.2,59.1,66,SW,14.5,34.9,29.06,0.004,Light Drizzle
2025-04-21,7:00 PM,66.9,59.5,77,SSW,13.0,33.3,29.06,0.008,Light Drizzle
2025-04-21,8:00 PM,65.8,59.3,79,SW,10.9,27.1,29.07,0.0,Cloudy
2025-04-21,9:00 PM,65.7,58.1,77,SW,10.5,23.5,29.1,0.0,Cloudy
2025-04-21,10:00 PM,64.0,57.5,79,SW,9.4,21.3,29.11,0.028,Drizzle
2025-04-21,11:00 PM,61.4,58.1,89,WSW,9.9,19.0,29.13,0.028,Drizzle
2025-04-22,12:00 AM,60.4,57.6,90,W,9.2,18.8,29.15,0.0,Partly Cloudy
2025-04-22,1:00 AM,57.1,51.4,81,WNW,10.2,20.6,29.18,0.0,Partly Cloudy
2025-04-22,2:00 AM,53.9,47.8,80,WNW,8.7,19.9,29.2,0.0,Cloudy
2025-04-22,3:00 AM,51.4,45.9,81,WNW,8.0,17.2,29.21,0.0,Partly Cloudy
2025-04-22,4:00 AM,49.7,45.0,84,WNW,5.9,15.7,29.22,0.0,Cloudy
2025-04-22,5:00 AM,48.5,44.7,87,W,4.0,11.0,29.22,0.0,Partly Cloudy
2025-04-22,6:00 AM,47.6,44.5,89,W,3.6,7.4,29.24,0.0,Cloudy
2025-04-22,7:00 AM,47.3,44.8,91,WSW,4.2,7.2,29.26,0.0,Cloudy
2025-04-22,8:00 AM,50.0,45.5,84,WSW,4.3,9.6,29.3,0.0,Cloudy
2025-04-22,9:00 AM,52.9,42.0,66,WNW,6.9,16.1,29.31,0.0,Cloudy
2025-04-22,10:00 AM,55.4,41.0,58,WNW,5.9,15.7,29.31,0.0,Cloudy
2025-04-22,11:00 AM,58.2,41.3,53,W,4.7,14.5,29.32,0.0,Cloudy
2025-04-22,12:00 PM,61.0,41.7,49,W,5.1,15.0,29.31,0.0,Cloudy
2025-04-22,1:00 PM,63.5,41.6,45,W,6.0,16.8,29.3,0.0,Cloudy
2025-04-22,2:00 PM,65.4,40.2,40,WNW,7.1,18.6,29.29,0.0,Cloudy
2025-04-22,3:00 PM,66.5,38.8,36,WNW,7.4,19.0,29.28,0.0,Cloudy
2025-04-22,4:00 PM,67.1,37.7,34,WNW,6.6,18.8,29.26,0.0,Cloudy
2025-04-22,5:00 PM,67.2,37.7,34,WNW,6.0,16.8,29.26,0.0,Cloudy
2025-04-22,6:00 PM,66.4,38.3,36,NW,6.4,15.0,29.26,0.0,Cloudy
2025-04-22,7:00 PM,64.0,40.6,42,NW,5.1,14.5,29.26,0.0,Cloudy
2025-04-22,8:00 PM,59.6,43.1,54,NNW,3.9,10.5,29.27,0.0,Cloudy
2025-04-22,9:00 PM,58.3,41.4,53,NNW,4.4,7.8,29.28,0.0,Cloudy
2025-04-22,10:00 PM,55.9,42.2,60,N,3.8,7.4,29.29,0.0,Cloudy
2025-04-22,11:00 PM,54.3,41.8,63,N,3.8,6.3,29.31,0.0,Cloudy
2025-04-23,12:00 AM,52.7,42.1,67,NNE,3.6,6.7,29.32,0.0,Cloudy
2025-04-23,1:00 AM,51.0,42.2,72,NE,3.1,6.0,29.33,0.0,Cloudy
2025-04-23,2:00 AM,49.7,41.5,73,ENE,2.8,4.7,29.33,0.0,Cloudy
2025-04-23,3:00 AM,48.4,40.5,74,E,3.1,4.9,29.33,0.0,Cloudy
2025-04-23,4:00 AM,47.9,39.5,72,E,3.3,5.4,29.33,0.0,Cloudy
2025-04-23,5:00 AM,47.2,38.7,72,ESE,4.3,7.2,29.33,0.0,Cloudy
2025-04-23,6:00 AM,46.4,38.8,75,ESE,3.9,7.6,29.34,0.0,Cloudy
2025-04-23,7:00 AM,46.5,39.0,75,ESE,3.7,6.5,29.36,0.0,Cloudy
2025-04-23,8:00 AM,49.8,40.4,70,E,3.8,7.8,29.39,0.0,Cloudy
2025-04-23,9:00 AM,56.5,42.4,59,SE,2.9,8.5,29.39,0.0,Fair
2025-04-23,10:00 AM,62.3,42.5,48,SSE,3.6,10.5,29.4,0.0,Fair
2025-04-23,11:00 AM,66.5,42.3,41,SSE,4.1,12.3,29.41,0.0,Fair
2025-04-23,12:00 PM,69.4,42.9,38,SSE,3.6,12.5,29.41,0.0,Fair
2025-04-23,1:00 PM,71.8,43.4,36,SSE,3.5,12.1,29.4,0.0,Fair
2025-04-23,2:00 PM,73.6,43.6,34,SSE,3.8,12.5,29.38,0.0,Fair
2025-04-23,3:00 PM,74.8,44.6,34,SSE,3.8,12.5,29.38,0.0,Fair
2025-04-23,4:00 PM,75.2,45.3,35,S,3.0,12.1,29.36,0.0,Fair
2025-04-23,5:00 PM,75.2,45.6,35,SSE,3.2,10.1,29.35,0.0,Fair
2025-04-23,6:00 PM,74.2,46.0,37,SE,4.6,11.2,29.34,0.0,Fair
2025-04-23,7:00 PM,71.6,49.1,45,SE,6.9,13.2,29.33,0.0,Fair
2025-04-23,8:00 PM,66.5,48.5,52,SE,5.2,13.4,29.33,0.0,Fair
2025-04-23,9:00 PM,65.0,53.0,65,ENE,0.6,2.7,29.33,0.0,Cloudy
2025-04-23,10:00 PM,63.5,49.8,61,N,4.7,6.0,29.34,0.0,Fair
2025-04-23,11:00 PM,61.0,48.5,63,NE,4.9,8.5,29.34,0.0,Cloudy
2025-04-24,12:00 AM,59.8,47.8,64,ENE,5.3,9.6,29.34,0.0,Cloudy
2025-04-24,1:00 AM,58.7,47.5,66,ESE,5.6,10.1,29.34,0.0,Fair
2025-04-24,2:00 AM,57.2,47.9,71,ESE,4.5,10.1,29.34,0.0,Fair
2025-04-24,3:00 AM,56.8,47.5,71,SE,5.8,9.8,29.33,0.0,Cloudy
2025-04-24,4:00 AM,56.8,45.4,66,SSE,5.9,10.3,29.33,0.0,Fair
2025-04-24,5:00 AM,55.8,45.1,67,S,5.9,11.2,29.33,0.0,Cloudy
2025-04-24,6:00 AM,54.6,45.5,71,SSW,5.1,10.5,29.35,0.0,Cloudy
2025-04-24,7:00 AM,53.8,45.9,74,SSW,4.4,8.9,29.36,0.0,Cloudy
2025-04-24,8:00 AM,57.2,47.4,70,S,4.3,8.1,29.39,0.0,Cloudy
2025-04-24,9:00 AM,63.6,48.7,58,S,3.6,9.4,29.39,0.0,Partly Cloudy
2025-04-24,10:00 AM,68.5,50.2,52,S,4.2,11.4,29.39,0.0,Fair
2025-04-24,11:00 AM,73.0,51.6,47,S,5.2,13.9,29.39,0.0,Fair
2025-04-24,12:00 PM,76.5,52.3,43,S,6.1,16.3,29.38,0.0,Fair
2025-04-24,1:00 PM,78.7,51.6,39,S,6.4,16.8,29.36,0.0,Partly Cloudy
2025-04-24,2:00 PM,80.2,47.7,32,S,6.6,17.0,29.34,0.0,Fair
2025-04-24,3:00 PM,80.5,45.5,29,S,7.0,17.9,29.33,0.0,Fair
2025-04-24,4:00 PM,80.9,45.0,28,S,5.4,17.7,29.31,0.0,Fair
2025-04-24,5:00 PM,81.2,44.8,28,S,4.0,13.9,29.28,0.0,Cloudy
2025-04-24,6:00 PM,79.9,44.7,29,SSE,5.8,12.5,29.28,0.0,Cloudy
2025-04-24,7:00 PM,76.3,48.8,38,SSE,5.3,13.9,29.28,0.0,Partly Cloudy
2025-04-24,8:00 PM,70.2,52.6,54,SSE,3.7,10.7,29.28,0.0,Cloudy
2025-04-24,9:00 PM,69.5,48.9,48,ESE,4.3,7.6,29.27,0.0,Cloudy
2025-04-24,10:00 PM,67.3,48.5,51,SSW,3.8,7.2,29.26,0.0,Partly Cloudy
2025-04-24,11:00 PM,65.1,47.3,52,SW,4.5,11.6,29.27,0.0,Cloudy
2025-04-25,12:00 AM,64.5,49.3,58,S,3.7,7.8,29.29,0.0,Cloudy
2025-04-25,1:00 AM,64.1,50.9,62,S,7.2,12.5,29.29,0.0,Cloudy
2025-04-25,2:00 AM,63.1,53.4,71,S,7.5,14.3,29.3,0.0,Cloudy
2025-04-25,3:00 AM,62.7,54.9,76,SSW,7.5,14.5,29.28,0.0,Cloudy
2025-04-25,4:00 AM,62.2,55.9,80,SSW,8.2,16.1,29.29,0.004,Light Drizzle
2025-04-25,5:00 AM,60.5,56.9,88,SSW,8.7,19.0,29.29,0.02,Drizzle
2025-04-25,6:00 AM,58.6,57.9,98,SSW,8.0,16.1,29.28,0.055,Light Rain
2025-04-25,7:00 AM,57.8,57.3,98,S,6.8,16.1,29.27,0.098,Rain
2025-04-25,8:00 AM,58.2,57.6,98,S,5.4,12.8,29.28,0.012,Light Drizzle
2025-04-25,9:00 AM,61.0,59.7,96,SSE,9.1,18.8,29.29,0.035,Drizzle
2025-04-25,10:00 AM,61.4,59.7,94,SSE,7.1,18.8,29.27,0.087,Light Rain
2025-04-25,11:00 AM,67.3,60.3,78,SSE,7.7,22.8,29.26,0.0,Cloudy
2025-04-25,12:00 PM,72.0,59.9,66,SSW,8.4,22.8,29.24,0.008,Light Drizzle
2025-04-25,1:00 PM,73.0,57.9,59,SSW,9.8,22.1,29.21,0.004,Light Drizzle
2025-04-25,2:00 PM,67.5,59.6,76,SSW,7.4,22.6,29.2,0.02,Drizzle
2025-04-25,3:00 PM,68.3,60.6,77,S,9.0,20.1,29.18,0.008,Light Drizzle
2025-04-25,4:00 PM,71.8,60.3,67,SSW,8.6,23.7,29.13,0.0,Cloudy
2025-04-25,5:00 PM,68.2,62.1,81,SW,8.0,24.8,29.12,0.075,Light Rain
2025-04-25,6:00 PM,68.1,61.8,80,SW,4.4,18.8,29.12,0.008,Light Drizzle
2025-04-25,7:00 PM,66.5,63.1,89,SSW,6.8,13.9,29.11,0.016,Light Drizzle
2025-04-25,8:00 PM,63.3,62.8,98,S,6.7,14.1,29.1,0.071,Light Rain
2025-04-25,9:00 PM,63.1,62.4,97,SSW,9.4,19.2,29.1,0.094,Light Rain
2025-04-25,10:00 PM,62.3,61.9,98,SSW,6.8,19.5,29.08,0.031,Drizzle
2025-04-25,11:00 PM,61.9,61.3,98,SSW,9.7,19.9,29.06,0.031,Drizzle
2025-04-26,12:00 AM,61.4,61.2,99,SSW,9.2,21.0,29.04,0.055,Light Rain
2025-04-26,1:00 AM,62.2,61.7,98,SSW,12.3,24.4,29.01,0.169,Rain
2025-04-26,2:00 AM,62.4,61.9,98,SW,14.0,30.0,29.0,0.15,Rain
2025-04-26,3:00 AM,62.2,61.4,97,WSW,14.3,30.4,28.99,0.059,Light Rain
2025-04-26,4:00 AM,61.8,61.5,99,WSW,9.1,26.6,29.0,0.035,Drizzle
2025-04-26,5:00 AM,61.4,61.0,98,WSW,10.5,20.6,28.99,0.024,Drizzle
2025-04-26,6:00 AM,61.3,60.6,97,W,9.1,20.6,29.01,0.004,Light Drizzle
2025-04-26,7:00 AM,60.7,59.3,95,WNW,12.5,22.8,29.03,0.012,Light Drizzle
2025-04-26,8:00 AM,60.8,59.3,95,WNW,10.8,23.3,29.05,0.0,Cloudy
2025-04-26,9:00 AM,57.4,55.0,92,NW,11.5,26.4,29.1,0.0,Cloudy
2025-04-26,10:00 AM,53.5,49.9,88,NW,12.7,27.3,29.14,0.0,Cloudy
2025-04-26,11:00 AM,52.4,46.3,80,NW,12.2,27.5,29.18,0.0,Cloudy
2025-04-26,12:00 PM,53.8,44.9,72,NW,12.0,27.3,29.21,0.0,Cloudy
2025-04-26,1:00 PM,53.7,43.5,68,NW,12.8,27.5,29.21,0.0,Cloudy
2025-04-26,2:00 PM,56.1,43.6,63,NW,13.4,30.9,29.22,0.0,Cloudy
2025-04-26,3:00 PM,55.4,42.7,62,NW,12.7,30.2,29.23,0.0,Cloudy
2025-04-26,4:00 PM,55.4,41.5,60,NW,13.1,29.3,29.25,0.0,Cloudy
2025-04-26,5:00 PM,54.6,40.2,58,NW,14.2,31.1,29.26,0.0,Cloudy
2025-04-26,6:00 PM,52.0,38.7,60,NW,14.1,31.3,29.29,0.0,Cloudy
2025-04-26,7:00 PM,49.9,37.0,61,NNW,13.4,30.9,29.32,0.0,Cloudy
2025-04-26,8:00 PM,49.0,35.2,59,NW,11.9,28.9,29.34,0.0,Cloudy
2025-04-26,9:00 PM,47.8,36.0,63,NW,9.7,29.5,29.39,0.0,Fair
2025-04-26,10:00 PM,45.5,36.8,71,NW,8.2,20.8,29.4,0.0,Fair
2025-04-26,11:00 PM,44.5,36.9,74,NW,8.8,18.1,29.41,0.0,Fair
2025-04-27,12:00 AM,43.4,35.9,75,NNW,9.9,20.6,29.41,0.0,Fair
2025-04-27,1:00 AM,42.3,34.8,75,NNW,8.7,20.6,29.41,0.0,Fair
2025-04-27,2:00 AM,41.1,34.3,77,NNW,6.2,17.9,29.41,0.0,Fair
2025-04-27,3:00 AM,40.1,34.6,81,WNW,4.2,12.3,29.4,0.0,Fair
2025-04-27,4:00 AM,39.7,34.4,81,WNW,4.8,8.7,29.4,0.0,Fair
2025-04-27,5:00 AM,39.1,34.1,82,WNW,5.2,9.6,29.39,0.0,Fair
2025-04-27,6:00 AM,39.0,33.3,80,WNW,6.4,11.6,29.41,0.0,Fair
2025-04-27,7:00 AM,39.8,32.6,75,NW,7.2,13.6,29.43,0.0,Fair
2025-04-27,8:00 AM,43.5,33.8,68,NW,6.3,15.4,29.46,0.0,Fair
2025-04-27,9:00 AM,47.6,34.6,61,NW,8.3,18.6,29.49,0.0,Fair
2025-04-27,10:00 AM,51.2,34.3,52,NW,10.0,23.3,29.49,0.0,Fair
2025-04-27,11:00 AM,54.1,33.2,45,NNW,10.2,24.2,29.49,0.0,Fair
2025-04-27,12:00 PM,56.7,33.2,41,NNW,9.8,24.4,29.49,0.0,Fair
2025-04-27,1:00 PM,58.8,33.9,39,NNW,9.3,23.7,29.48,0.0,Fair
2025-04-27,2:00 PM,60.4,35.3,39,NNW,8.3,22.8,29.46,0.0,Fair
2025-04-27,3:00 PM,61.5,35.0,37,NNW,7.7,21.0,29.45,0.0,Fair
2025-04-27,4:00 PM,61.9,35.0,36,NNW,7.2,19.5,29.43,0.0,Fair
2025-04-27,5:00 PM,61.8,34.6,36,N,7.1,18.3,29.41,0.0,Partly Cloudy
2025-04-27,6:00 PM,60.8,34.3,37,N,6.9,17.2,29.41,0.0,Fair
2025-04-27,7:00 PM,58.7,36.0,42,N,5.5,16.1,29.41,0.0,Fair
2025-04-27,8:00 PM,54.4,37.6,53,N,4.8,11.6,29.41,0.0,Fair
2025-04-27,9:00 PM,53.4,35.4,50,N,5.7,9.8,29.41,0.0,Fair
2025-04-27,10:00 PM,51.2,35.3,55,NNE,5.8,10.5,29.43,0.0,Fair
2025-04-27,11:00 PM,49.0,35.2,59,NE,5.1,10.3,29.43,0.0,Fair
2025-04-28,12:00 AM,47.1,34.7,62,NE,4.4,8.9,29.44,0.0,Fair
2025-04-28,1:00 AM,45.4,34.4,65,ENE,3.8,7.6,29.44,0.0,Fair
2025-04-28,2:00 AM,44.1,34.2,68,E,3.7,6.7,29.44,0.0,Fair
2025-04-28,3:00 AM,43.3,33.6,68,ESE,4.5,7.8,29.43,0.0,Fair
2025-04-28,4:00 AM,42.9,33.4,69,E,4.8,8.9,29.43,0.0,Fair
2025-04-28,5:00 AM,42.5,33.6,71,E,4.5,8.5,29.44,0.0,Fair
2025-04-28,6:00 AM,41.7,33.9,74,E,3.8,8.1,29.43,0.0,Fair
2025-04-28,7:00 AM,42.4,34.2,72,ENE,4.9,8.5,29.44,0.0,Fair
2025-04-28,8:00 AM,46.4,36.8,69,ENE,6.2,10.7,29.46,0.0,Fair
2025-04-28,9:00 AM,53.3,36.3,52,E,3.9,10.7,29.48,0.0,Fair
2025-04-28,10:00 AM,59.5,35.0,40,ESE,5.5,13.6,29.47,0.0,Fair
2025-04-28,11:00 AM,63.5,32.6,31,SE,7.0,17.7,29.45,0.0,Fair
2025-04-28,12:00 PM,66.7,33.6,29,SE,6.5,17.7,29.43,0.0,Fair
2025-04-28,1:00 PM,69.5,35.9,29,SSE,6.2,17.0,29.41,0.0,Fair
2025-04-28,2:00 PM,72.1,37.0,28,S,6.1,16.8,29.4,0.0,Fair
2025-04-28,3:00 PM,73.9,36.1,25,S,6.8,17.2,29.39,0.0,Fair
2025-04-28,4:00 PM,74.6,38.0,27,S,7.5,18.3,29.35,0.0,Fair
2025-04-28,5:00 PM,74.8,39.7,28,S,7.8,18.6,29.33,0.0,Fair
2025-04-28,6:00 PM,74.1,42.8,33,S,7.2,18.1,29.32,0.0,Fair
2025-04-28,7:00 PM,71.7,48.3,43,S,4.6,16.1,29.3,0.0,Fair
2025-04-28,8:00 PM,66.7,49.6,54,SSE,4.9,9.2,29.29,0.0,Fair
2025-04-28,9:00 PM,64.8,45.9,50,SSE,4.9,8.7,29.28,0.0,Fair
2025-04-28,10:00 PM,61.3,46.4,58,S,4.7,8.7,29.27,0.0,Fair
2025-04-28,11:00 PM,59.7,45.6,59,S,4.3,8.3,29.25,0.0,Fair
2025-04-29,12:00 AM,58.8,45.2,61,SSE,6.9,11.2,29.24,0.0,Fair
2025-04-29,1:00 AM,59.6,46.9,63,S,9.9,19.0,29.25,0.0,Fair
2025-04-29,2:00 AM,59.8,44.8,58,S,9.9,19.5,29.26,0.0,Cloudy
2025-04-29,3:00 AM,59.6,44.3,57,SSW,10.0,20.1,29.25,0.0,Fair
2025-04-29,4:00 AM,59.5,45.0,59,SSW,10.0,19.9,29.25,0.0,Fair
2025-04-29,5:00 AM,59.3,45.7,61,SSW,10.1,20.1,29.24,0.0,Fair
2025-04-29,6:00 AM,59.1,46.4,63,SSW,10.2,20.1,29.25,0.0,Cloudy
2025-04-29,7:00 AM,59.5,47.3,64,SSW,10.4,21.0,29.25,0.0,Cloudy
2025-04-29,8:00 AM,62.4,49.7,63,SSW,9.9,21.9,29.26,0.0,Cloudy
2025-04-29,9:00 AM,68.7,52.7,57,SSW,10.0,21.9,29.24,0.008,Light Drizzle
2025-04-29,10:00 AM,71.9,54.4,54,SSW,10.2,22.6,29.23,0.0,Cloudy
2025-04-29,11:00 AM,69.6,61.3,75,SW,10.9,32.2,29.26,0.047,Drizzle
2025-04-29,12:00 PM,74.6,59.1,59,SSW,12.8,27.3,29.2,0.0,Partly Cloudy
2025-04-29,1:00 PM,80.3,59.5,49,SW,15.9,39.1,29.18,0.0,Cloudy
2025-04-29,2:00 PM,81.2,59.0,47,SW,16.2,39.4,29.16,0.004,Light Drizzle
2025-04-29,3:00 PM,80.1,60.8,52,SW,14.9,37.1,29.14,0.004,Light Drizzle
2025-04-29,4:00 PM,81.3,59.7,48,SW,15.1,38.0,29.12,0.0,Cloudy
2025-04-29,5:00 PM,79.0,58.2,49,SW,16.8,37.6,29.1,0.016,Light Drizzle
2025-04-29,6:00 PM,68.5,65.2,89,SW,11.2,34.2,29.14,0.217,Rain
2025-04-29,7:00 PM,68.2,64.4,88,SW,10.2,21.9,29.13,0.0,Cloudy
2025-04-29,8:00 PM,69.4,63.1,80,SW,12.7,25.1,29.13,0.0,Cloudy
2025-04-29,9:00 PM,71.2,58.8,65,WSW,9.8,19.7,29.13,0.0,Cloudy
2025-04-29,10:00 PM,68.7,60.7,76,WNW,13.3,32.4,29.15,0.02,Drizzle
2025-04-29,11:00 PM,66.3,62.5,88,W,12.4,26.4,29.16,0.024,Drizzle
2025-04-30,12:00 AM,64.0,63.1,97,W,9.3,24.4,29.16,0.067,Light Rain
2025-04-30,1:00 AM,63.0,62.4,98,NW,7.8,18.3,29.18,0.02,Drizzle
2025-04-30,2:00 AM,60.6,58.4,92,NNW,8.2,16.3,29.19,0.004,Light Drizzle
2025-04-30,3:00 AM,53.3,50.7,91,N,10.1,20.8,29.22,0.0,Partly Cloudy
2025-04-30,4:00 AM,50.4,46.2,86,N,8.0,19.2,29.25,0.0,Fair
2025-04-30,5:00 AM,48.2,43.7,84,N,7.3,15.4,29.26,0.0,Partly Cloudy
2025-04-30,6:00 AM,46.1,40.6,81,N,7.3,14.5,29.28,0.0,Partly Cloudy
2025-04-30,7:00 AM,44.9,39.0,80,N,6.3,14.1,29.31,0.0,Fair
2025-04-30,8:00 AM,45.9,37.7,73,N,6.0,14.3,29.33,0.0,Fair
2025-04-30,9:00 AM,50.1,39.9,68,NNE,5.0,14.8,29.32,0.0,Fair
2025-04-30,10:00 AM,54.3,40.5,59,NNE,4.4,13.6,29.33,0.0,Fair
2025-04-30,11:00 AM,58.6,40.9,52,NNE,3.6,13.4,29.33,0.0,Fair
2025-04-30,12:00 PM,62.4,41.7,47,NE,2.0,12.1,29.3,0.0,Fair
2025-04-30,1:00 PM,65.6,42.7,43,NW,1.5,9.8,29.3,0.0,Partly Cloudy
2025-04-30,2:00 PM,68.0,43.3,41,NW,2.9,11.2,29.3,0.0,Cloudy
2025-04-30,3:00 PM,69.7,43.6,39,NW,3.0,11.6,29.27,0.0,Fair
2025-04-30,4:00 PM,70.8,43.4,37,NW,2.2,11.0,29.24,0.0,Fair
2025-04-30,5:00 PM,71.2,43.4,37,NW,2.6,9.8,29.23,0.0,Fair
2025-04-30,6:00 PM,70.7,43.6,38,NNW,2.6,8.9,29.23,0.0,Partly Cloudy
2025-04-30,7:00 PM,69.2,45.9,43,NNE,2.2,7.8,29.22,0.0,Cloudy
2025-04-30,8:00 PM,64.8,46.1,51,NNE,5.3,8.5,29.21,0.0,Cloudy
2025-04-30,9:00 PM,61.4,44.2,53,NE,7.0,12.3,29.22,0.0,Cloudy
2025-04-30,10:00 PM,59.5,44.7,58,NE,4.7,12.8,29.22,0.0,Cloudy
2025-04-30,11:00 PM,57.8,45.4,63,NE,4.0,8.3,29.23,0.0,Cloudy
2025-05-01,12:00 AM,56.5,45.5,67,ENE,4.2,7.4,29.22,0.0,Cloudy
2025-05-01,1:00 AM,55.9,45.4,68,ESE,4.6,7.8,29.21,0.0,Cloudy
2025-05-01,2:00 AM,55.7,45.5,69,SE,4.9,8.9,29.19,0.0,Cloudy
2025-05-01,3:00 AM,54.5,46.9,75,E,2.8,8.7,29.17,0.0,Cloudy
2025-05-01,4:00 AM,54.7,46.4,74,NE,4.3,7.2,29.17,0.0,Fair
2025-05-01,5:00 AM,54.5,46.5,74,E,4.0,7.8,29.16,0.0,Fair
2025-05-01,6:00 AM,54.2,46.9,76,E,4.4,7.2,29.15,0.0,Cloudy
2025-05-01,7:00 AM,55.0,48.2,78,ESE,4.9,8.3,29.15,0.0,Cloudy
2025-05-01,8:00 AM,59.8,51.6,74,ESE,5.1,10.1,29.16,0.0,Cloudy
2025-05-01,9:00 AM,65.1,54.4,68,WSW,5.9,11.9,29.18,0.0,Cloudy
2025-05-01,10:00 AM,65.5,57.6,76,S,7.2,14.1,29.13,0.0,Partly Cloudy
2025-05-01,11:00 AM,72.8,59.0,62,S,7.4,18.1,29.13,0.0,Cloudy
2025-05-01,12:00 PM,78.4,60.5,54,S,8.2,19.9,29.11,0.0,Cloudy
2025-05-01,1:00 PM,81.1,60.5,50,SSW,11.5,28.6,29.07,0.0,Cloudy
2025-05-01,2:00 PM,78.0,60.5,55,SSW,14.5,38.5,29.05,0.0,Cloudy
2025-05-01,3:00 PM,78.5,62.2,57,SSW,13.1,34.0,29.02,0.008,Light Drizzle
2025-05-01,4:00 PM,77.8,60.7,56,SW,13.3,35.3,29.0,0.008,Light Drizzle
2025-05-01,5:00 PM,78.7,58.5,50,SSW,12.1,35.8,28.98,0.012,Light Drizzle
2025-05-01,6:00 PM,73.1,60.4,64,WSW,12.6,38.7,28.99,0.016,Light Drizzle
2025-05-01,7:00 PM,68.4,62.3,81,SW,11.4,25.9,28.99,0.024,Drizzle
2025-05-01,8:00 PM,68.5,61.4,78,SW,12.0,25.5,29.0,0.008,Light Drizzle
2025-05-01,9:00 PM,63.0,62.1,97,SW,8.9,19.7,29.01,0.047,Drizzle
2025-05-01,10:00 PM,62.6,61.8,97,SW,8.2,21.9,29.01,0.063,Light Rain
2025-05-01,11:00 PM,62.4,61.3,96,SSW,9.1,17.2,29.01,0.008,Light Drizzle
2025-05-02,12:00 AM,61.7,60.7,97,SSW,10.1,19.5,29.01,0.0,Cloudy
2025-05-02,1:00 AM,61.0,60.0,97,SW,10.2,20.4,29.02,0.0,Partly Cloudy
2025-05-02,2:00 AM,60.4,59.5,97,SSW,8.9,19.9,29.02,0.0,Fair
2025-05-02,3:00 AM,59.8,59.1,97,SSW,9.0,17.7,29.02,0.0,Cloudy
2025-05-02,4:00 AM,59.4,58.6,97,SSW,8.6,17.7,29.02,0.0,Fair
2025-05-02,5:00 AM,58.8,58.3,98,SW,8.3,16.6,29.03,0.0,Cloudy
2025-05-02,6:00 AM,58.7,58.2,98,SSW,8.2,16.1,29.03,0.0,Partly Cloudy
2025-05-02,7:00 AM,59.0,58.6,98,SSW,8.4,16.3,29.05,0.0,Cloudy
2025-05-02,8:00 AM,60.6,59.3,95,SW,10.0,18.1,29.07,0.0,Cloudy
2025-05-02,9:00 AM,64.0,60.6,89,SW,8.0,24.8,29.07,0.0,Partly Cloudy
2025-05-02,10:00 AM,62.8,56.8,81,SW,10.9,29.3,29.08,0.122,Rain
2025-05-02,11:00 AM,67.6,59.5,75,SSW,10.0,26.2,29.07,0.004,Light Drizzle
2025-05-02,12:00 PM,71.2,59.8,67,SW,11.0,29.1,29.07,0.004,Light Drizzle
2025-05-02,1:00 PM,74.2,57.0,55,SW,13.4,31.1,29.05,0.004,Light Drizzle
2025-05-02,2:00 PM,73.0,54.4,52,SW,11.2,31.5,29.03,0.0,Cloudy
2025-05-02,3:00 PM,74.8,53.8,48,SW,12.1,28.0,29.02,0.0,Cloudy
2025-05-02,4:00 PM,76.7,53.6,45,SW,14.1,30.4,29.01,0.008,Light Drizzle
2025-05-02,5:00 PM,68.2,57.2,68,WNW,10.3,30.0,29.02,0.028,Drizzle
2025-05-02,6:00 PM,63.1,61.3,94,SW,7.5,23.5,29.03,0.138,Rain
2025-05-02,7:00 PM,63.7,61.4,92,SW,6.8,15.0,29.03,0.012,Light Drizzle
2025-05-02,8:00 PM,62.8,61.2,94,SSW,5.8,13.9,29.04,0.0,Cloudy
2025-05-02,9:00 PM,61.2,59.5,94,SSW,2.8,7.2,29.03,0.0,Cloudy
2025-05-02,10:00 PM,60.4,59.2,96,S,4.0,17.7,29.06,0.071,Light Rain
2025-05-02,11:00 PM,59.6,59.0,98,SE,4.7,8.1,29.03,0.008,Light Drizzle
2025-05-03,12:00 AM,59.3,58.4,97,S,5.3,10.3,29.04,0.0,Cloudy
2025-05-03,1:00 AM,59.4,58.6,97,S,5.8,10.5,29.03,0.0,Cloudy
2025-05-03,2:00 AM,59.5,58.7,97,S,6.3,11.9,29.03,0.004,Light Drizzle
2025-05-03,3:00 AM,59.5,59.1,99,SSW,5.5,11.4,29.02,0.012,Light Drizzle
2025-05-03,4:00 AM,59.3,59.0,99,SSW,5.6,17.2,29.01,0.051,Light Rain
2025-05-03,5:00 AM,59.2,58.8,99,SSW,6.9,13.2,29.01,0.02,Drizzle
2025-05-03,6:00 AM,59.0,58.1,97,SSW,7.7,14.8,29.01,0.0,Cloudy
2025-05-03,7:00 AM,58.5,57.7,97,SSW,7.3,15.0,29.02,0.0,Cloudy
2025-05-03,8:00 AM,59.8,58.4,95,SSW,8.1,14.8,29.02,0.0,Cloudy
2025-05-03,9:00 AM,62.2,58.5,87,SSW,9.9,19.7,29.02,0.0,Cloudy
2025-05-03,10:00 AM,62.4,58.4,87,SSW,9.4,21.5,29.02,0.004,Light Drizzle
2025-05-03,11:00 AM,62.3,57.9,85,SSW,9.3,20.1,29.03,0.012,Light Drizzle
2025-05-03,12:00 PM,61.9,59.3,91,SSW,7.0,19.5,29.03,0.028,Drizzle
2025-05-03,1:00 PM,63.1,59.3,87,SW,7.8,17.9,29.02,0.051,Light Rain
2025-05-03,2:00 PM,62.2,61.9,99,SSW,6.4,17.0,29.02,0.071,Light Rain
2025-05-03,3:00 PM,60.8,59.5,95,SSW,10.0,17.9,29.0,0.106,Rain
2025-05-03,4:00 PM,62.7,60.4,92,SSW,5.7,21.5,28.99,0.028,Drizzle
2025-05-03,5:00 PM,64.4,60.5,87,WSW,6.6,17.0,28.98,0.028,Drizzle
2025-05-03,6:00 PM,60.6,58.6,93,SW,6.3,23.0,28.99,0.087,Light Rain
2025-05-03,7:00 PM,59.9,59.2,97,SSW,4.8,13.0,29.0,0.02,Drizzle
2025-05-03,8:00 PM,59.6,59.0,98,SSE,1.4,9.6,28.99,0.031,Drizzle
2025-05-03,9:00 PM,57.4,57.1,99,ENE,4.4,13.6,28.98,0.031,Drizzle
2025-05-03,10:00 PM,57.5,57.2,99,ENE,5.8,11.0,28.97,0.016,Light Drizzle
2025-05-03,11:00 PM,57.9,57.6,99,ENE,6.0,11.6,28.96,0.008,Light Drizzle
2025-05-04,12:00 AM,58.3,57.9,99,E,5.1,11.6,28.95,0.024,Drizzle
2025-05-04,1:00 AM,58.1,57.5,98,E,3.4,11.0,28.94,0.024,Drizzle
2025-05-04,2:00 AM,57.5,56.7,97,ENE,3.7,6.3,28.93,0.016,Light Drizzle
2025-05-04,3:00 AM,57.6,56.8,97,ENE,6.1,11.0,28.91,0.0,Cloudy
2025-05-04,4:00 AM,57.0,56.3,97,ESE,5.3,11.0,28.91,0.0,Cloudy
2025-05-04,5:00 AM,56.9,56.2,97,SE,5.1,9.4,28.9,0.0,Cloudy
2025-05-04,6:00 AM,56.8,56.1,97,SSE,5.5,10.1,28.91,0.0,Cloudy
2025-05-04,7:00 AM,56.8,56.2,98,SSE,5.0,10.3,28.94,0.0,Cloudy
2025-05-04,8:00 AM,57.8,56.6,96,S,4.9,10.7,28.95,0.004,Light Drizzle
2025-05-04,9:00 AM,58.4,57.0,95,SW,5.7,12.5,28.94,0.012,Light Drizzle
2025-05-04,10:00 AM,59.1,56.6,91,SW,4.4,12.5,28.95,0.0,Cloudy
2025-05-04,11:00 AM,61.6,55.1,79,SSW,4.1,11.2,28.96,0.0,Cloudy
2025-05-04,12:00 PM,62.7,54.6,75,SSW,5.1,13.2,28.97,0.0,Cloudy
2025-05-04,1:00 PM,63.6,53.8,70,SSW,4.1,12.8,28.96,0.0,Cloudy
2025-05-04,2:00 PM,67.0,52.6,60,SSW,4.1,13.0,28.95,0.0,Partly Cloudy
2025-05-04,3:00 PM,68.5,52.1,56,S,4.7,12.8,28.95,0.0,Cloudy
2025-05-04,4:00 PM,69.3,51.9,54,S,2.7,13.2,28.94,0.0,Fair
2025-05-04,5:00 PM,69.3,51.4,53,SSW,4.2,11.6,28.93,0.004,Light Drizzle
2025-05-04,6:00 PM,66.2,51.8,60,SW,7.5,16.3,28.95,0.008,Light Drizzle
2025-05-04,7:00 PM,62.2,54.6,76,WSW,5.2,18.6,28.97,0.016,Light Drizzle
2025-05-04,8:00 PM,60.8,55.2,82,W,5.1,10.5,28.99,0.0,Partly Cloudy
2025-05-04,9:00 PM,57.6,54.5,90,WNW,2.9,11.4,29.0,0.0,Fair
2025-05-04,10:00 PM,56.8,53.7,89,E,0.2,4.5,29.04,0.0,Fair
2025-05-04,11:00 PM,54.2,52.5,94,WSW,2.0,3.4,29.05,0.0,Fair
2025-05-05,12:00 AM,53.5,52.4,96,SW,3.0,5.6,29.05,0.0,Fair
2025-05-05,1:00 AM,52.3,51.4,97,SW,1.5,5.4,29.06,0.0,Fair
2025-05-05,2:00 AM,50.9,50.6,99,SW,2.6,4.7,29.06,0.0,Fair
2025-05-05,3:00 AM,50.2,50.2,100,SW,0.9,4.7,29.05,0.0,Fair
2025-05-05,4:00 AM,49.5,49.5,100,ESE,0.9,1.8,29.06,0.0,Cloudy
2025-05-05,5:00 AM,48.6,48.6,100,ESE,2.2,4.3,29.07,0.0,Cloudy
2025-05-05,6:00 AM,48.1,48.1,100,SW,0.5,3.6,29.07,0.0,Cloudy
2025-05-05,7:00 AM,49.0,49.0,100,N,1.5,3.8,29.1,0.0,Cloudy
2025-05-05,8:00 AM,52.4,51.9,98,NNE,2.9,7.8,29.12,0.0,Cloudy
2025-05-05,9:00 AM,58.6,53.5,83,N,2.1,8.1,29.13,0.0,Fair
2025-05-05,10:00 AM,62.8,54.2,74,ENE,4.6,12.3,29.13,0.0,Fair
2025-05-05,11:00 AM,66.0,55.5,69,E,7.4,20.4,29.13,0.004,Light Drizzle
2025-05-05,12:00 PM,68.4,55.9,65,ESE,8.1,21.9,29.13,0.0,Fair
2025-05-05,1:00 PM,70.2,53.8,56,SE,7.1,21.9,29.11,0.004,Light Drizzle
2025-05-05,2:00 PM,67.7,52.6,58,S,4.9,19.2,29.08,0.0,Partly Cloudy
2025-05-05,3:00 PM,70.7,52.3,52,SSE,4.3,15.2,29.07,0.0,Cloudy
2025-05-05,4:00 PM,71.4,51.4,49,SSE,5.8,15.7,29.06,0.0,Cloudy
2025-05-05,5:00 PM,71.3,50.2,47,SSE,4.2,15.4,29.04,0.0,Cloudy
2025-05-05,6:00 PM,70.2,50.4,49,ESE,5.4,13.2,29.03,0.0,Cloudy
2025-05-05,7:00 PM,61.6,55.9,81,SW,8.4,15.9,29.07,0.13,Rain
2025-05-05,8:00 PM,58.7,55.4,89,WNW,5.1,17.9,29.06,0.004,Light Drizzle
2025-05-05,9:00 PM,57.0,55.3,94,W,4.3,8.9,29.08,0.02,Drizzle
2025-05-05,10:00 PM,56.9,55.7,96,SW,3.7,8.9,29.1,0.008,Light Drizzle
2025-05-05,11:00 PM,55.9,55.3,98,SSW,6.3,11.2,29.11,0.0,Cloudy
2025-05-06,12:00 AM,54.8,54.2,98,SSW,5.7,13.6,29.12,0.0,Cloudy
2025-05-06,1:00 AM,54.1,53.6,98,SSW,5.9,11.2,29.13,0.0,Cloudy
2025-05-06,2:00 AM,53.4,52.8,98,SSW,6.6,13.0,29.11,0.0,Fair
2025-05-06,3:00 AM,51.8,51.4,98,SSW,7.5,14.1,29.11,0.0,Fair
2025-05-06,4:00 AM,50.8,50.4,98,SSW,8.3,16.3,29.13,0.0,Fair
2025-05-06,5:00 AM,49.8,49.4,98,SSW,7.4,16.1,29.13,0.0,Fair
2025-05-06,6:00 AM,49.1,48.6,98,SSW,7.0,14.3,29.15,0.0,Fair
2025-05-06,7:00 AM,49.1,48.7,98,SSW,7.5,14.5,29.18,0.0,Fair
2025-05-06,8:00 AM,50.8,48.7,92,SSW,10.4,20.8,29.19,0.0,Partly Cloudy
2025-05-06,9:00 AM,53.5,51.0,91,SSW,7.4,16.8,29.2,0.0,Cloudy
2025-05-06,10:00 AM,55.2,50.4,84,SW,9.2,21.5,29.18,0.0,Cloudy
2025-05-06,11:00 AM,58.1,48.7,71,SW,9.6,23.0,29.17,0.0,Fair
2025-05-06,12:00 PM,61.0,46.4,59,SW,10.0,25.1,29.18,0.0,Fair
2025-05-06,1:00 PM,62.7,45.8,54,SW,10.7,25.7,29.16,0.0,Partly Cloudy
2025-05-06,2:00 PM,63.8,45.9,52,SW,11.6,27.3,29.14,0.0,Cloudy
2025-05-06,3:00 PM,57.7,48.1,70,WSW,10.7,27.3,29.14,0.028,Drizzle
2025-05-06,4:00 PM,56.9,47.4,70,SW,12.9,27.5,29.13,0.016,Light Drizzle
2025-05-06,5:00 PM,55.0,48.8,80,SW,12.0,28.4,29.12,0.031,Drizzle
2025-05-06,6:00 PM,53.7,50.0,87,SW,10.4,24.2,29.12,0.039,Drizzle
2025-05-06,7:00 PM,52.3,51.7,98,SSW,8.6,20.6,29.11,0.075,Light Rain
2025-05-06,8:00 PM,52.4,52.0,98,SSW,6.6,17.0,29.11,0.071,Light Rain
2025-05-06,9:00 PM,52.4,52.0,98,SW,7.7,13.6,29.12,0.051,Light Rain
2025-05-06,10:00 PM,53.5,52.5,96,W,8.7,19.5,29.13,0.0,Fair
2025-05-06,11:00 PM,53.1,52.5,98,WSW,7.3,16.3,29.15,0.0,Cloudy
2025-05-07,12:00 AM,53.5,52.8,97,W,7.1,14.8,29.16,0.0,Cloudy
2025-05-07,1:00 AM,53.8,53.2,98,W,6.7,13.6,29.16,0.0,Cloudy
2025-05-07,2:00 AM,53.8,53.2,98,W,5.7,12.8,29.15,0.0,Cloudy
2025-05-07,3:00 AM,53.7,53.1,98,WSW,6.2,12.1,29.17,0.0,Cloudy
2025-05-07,4:00 AM,53.5,52.9,98,W,5.2,12.1,29.17,0.0,Cloudy
2025-05-07,5:00 AM,53.2,52.7,98,W,4.9,9.8,29.18,0.0,Cloudy
2025-05-07,6:00 AM,52.7,52.2,98,W,3.4,9.4,29.18,0.0,Cloudy
2025-05-07,7:00 AM,52.8,51.6,96,W,4.1,8.7,29.22,0.0,Cloudy
2025-05-07,8:00 AM,53.4,50.8,91,WSW,5.2,11.9,29.24,0.004,Light Drizzle
2025-05-07,9:00 AM,55.3,52.5,90,WSW,5.9,13.4,29.24,0.008,Light Drizzle
2025-05-07,10:00 AM,59.2,51.6,76,W,6.9,16.8,29.26,0.004,Light Drizzle
2025-05-07,11:00 AM,61.1,50.4,68,WNW,5.8,16.8,29.27,0.0,Cloudy
2025-05-07,12:00 PM,63.4,48.7,59,WNW,6.2,15.9,29.27,0.0,Cloudy
2025-05-07,1:00 PM,66.3,46.6,49,WNW,4.7,15.9,29.26,0.0,Cloudy
2025-05-07,2:00 PM,69.5,46.4,44,NW,3.7,13.4,29.23,0.0,Cloudy
2025-05-07,3:00 PM,71.8,45.8,39,NW,4.9,13.6,29.21,0.0,Partly Cloudy
2025-05-07,4:00 PM,71.9,46.0,40,NNW,4.8,13.9,29.2,0.0,Cloudy
2025-05-07,5:00 PM,71.4,45.4,39,N,4.2,13.2,29.18,0.0,Cloudy
2025-05-07,6:00 PM,70.4,46.1,42,N,5.2,11.9,29.17,0.0,Cloudy
2025-05-07,7:00 PM,67.8,49.6,52,N,6.2,12.5,29.18,0.0,Cloudy
2025-05-07,8:00 PM,63.7,50.9,63,N,5.3,13.2,29.19,0.0,Cloudy
2025-05-07,9:00 PM,61.6,52.8,73,N,3.0,4.9,29.2,0.0,Cloudy
2025-05-07,10:00 PM,59.5,53.2,80,N,2.4,4.9,29.21,0.0,Cloudy
2025-05-07,11:00 PM,58.1,53.0,83,NE,2.6,4.3,29.21,0.0,Cloudy
2025-05-08,12:00 AM,57.6,53.1,85,NE,3.9,6.9,29.2,0.0,Cloudy
2025-05-08,1:00 AM,55.3,52.4,90,NE,2.6,6.9,29.19,0.0,Fair
2025-05-08,2:00 AM,54.1,51.5,91,NNE,2.7,4.5,29.18,0.0,Fair
2025-05-08,3:00 AM,54.2,51.4,90,NNE,4.0,6.7,29.18,0.0,Fair
2025-05-08,4:00 AM,53.7,51.4,92,N,5.7,9.6,29.19,0.0,Fair
2025-05-08,5:00 AM,52.5,51.1,95,N,6.4,11.9,29.21,0.0,Fair
2025-05-08,6:00 AM,51.1,50.0,96,NNE,5.8,11.9,29.21,0.0,Fair
2025-05-08,7:00 AM,50.7,49.6,96,N,5.0,10.5,29.23,0.0,Fair
2025-05-08,8:00 AM,53.3,50.5,90,NNE,3.9,10.1,29.23,0.0,Fair
2025-05-08,9:00 AM,57.8,52.7,83,NNE,4.7,12.5,29.25,0.0,Partly Cloudy
2025-05-08,10:00 AM,61.4,53.9,76,N,4.5,13.4,29.25,0.0,Fair
2025-05-08,11:00 AM,64.3,54.6,71,N,4.7,14.1,29.25,0.0,Fair
2025-05-08,12:00 PM,67.3,54.4,63,N,5.2,14.8,29.24,0.0,Fair
2025-05-08,1:00 PM,68.8,53.9,59,N,7.1,18.8,29.22,0.0,Partly Cloudy
2025-05-08,2:00 PM,69.6,53.1,56,N,7.4,18.8,29.21,0.0,Partly Cloudy
2025-05-08,3:00 PM,67.3,52.7,60,N,10.6,25.1,29.19,0.0,Fair
2025-05-08,4:00 PM,65.6,51.7,61,N,10.3,27.1,29.18,0.008,Light Drizzle
2025-05-08,5:00 PM,65.1,49.8,58,N,9.3,23.7,29.16,0.0,Fair
2025-05-08,6:00 PM,62.2,50.5,65,N,10.3,24.4,29.18,0.0,Fair
2025-05-08,7:00 PM,59.0,48.8,69,N,9.7,23.0,29.17,0.0,Fair
2025-05-08,8:00 PM,55.1,46.9,74,N,9.1,21.5,29.19,0.0,Cloudy
2025-05-08,9:00 PM,53.7,44.5,71,N,10.1,20.8,29.21,0.0,Cloudy
2025-05-08,10:00 PM,51.4,43.1,73,N,9.5,20.8,29.22,0.0,Partly Cloudy
2025-05-08,11:00 PM,49.6,42.7,77,N,8.8,19.5,29.23,0.0,Partly Cloudy
2025-05-09,12:00 AM,48.3,42.0,79,N,8.4,17.9,29.22,0.0,Cloudy
2025-05-09,1:00 AM,47.4,41.4,79,N,7.9,17.2,29.23,0.0,Partly Cloudy
2025-05-09,2:00 AM,46.3,42.0,85,N,8.7,17.4,29.21,0.012,Light Drizzle
2025-05-09,3:00 AM,45.1,42.3,90,N,8.4,17.7,29.2,0.016,Light Drizzle
2025-05-09,4:00 AM,43.4,41.3,92,N,8.1,16.8,29.2,0.0,Fair
2025-05-09,5:00 AM,42.1,40.4,94,N,8.3,16.6,29.2,0.0,Fair
2025-05-09,6:00 AM,41.5,39.9,94,N,8.2,16.8,29.21,0.0,Fair
2025-05-09,7:00 AM,42.0,39.7,92,N,7.8,16.6,29.21,0.0,Partly Cloudy
2025-05-09,8:00 AM,43.5,39.4,85,N,8.9,19.5,29.23,0.0,Fair
2025-05-09,9:00 AM,46.1,38.7,75,N,8.8,20.1,29.24,0.0,Fair
2025-05-09,10:00 AM,50.1,37.9,63,N,9.4,22.1,29.25,0.0,Fair
2025-05-09,11:00 AM,54.4,34.6,47,N,12.1,27.5,29.24,0.0,Partly Cloudy
2025-05-09,12:00 PM,56.8,35.0,44,N,11.2,27.5,29.24,0.0,Partly Cloudy
2025-05-09,1:00 PM,57.9,34.9,42,N,11.7,27.5,29.24,0.0,Partly Cloudy
2025-05-09,2:00 PM,58.9,35.4,41,N,11.4,27.3,29.23,0.0,Cloudy
2025-05-09,3:00 PM,59.2,35.5,41,N,11.0,26.8,29.24,0.0,Partly Cloudy
2025-05-09,4:00 PM,59.7,34.3,38,NNW,10.9,25.5,29.23,0.0,Fair
2025-05-09,5:00 PM,59.5,33.1,37,NNW,10.0,25.7,29.22,0.0,Fair
2025-05-09,6:00 PM,57.7,34.7,42,NNW,11.7,25.5,29.23,0.0,Fair
2025-05-09,7:00 PM,55.6,34.4,45,NNW,9.8,26.2,29.24,0.0,Fair
2025-05-09,8:00 PM,52.8,35.8,52,NNW,7.1,20.8,29.26,0.0,Fair
2025-05-09,9:00 PM,51.3,37.0,58,NNW,6.2,13.0,29.27,0.0,Fair
2025-05-09,10:00 PM,49.4,37.8,64,NNW,5.9,11.2,29.28,0.0,Fair
2025-05-09,11:00 PM,47.8,37.9,68,NW,5.9,10.7,29.29,0.0,Fair
2025-05-10,12:00 AM,46.5,36.7,68,NW,5.1,10.7,29.3,0.0,Fair
2025-05-10,1:00 AM,45.4,35.5,68,WNW,4.7,9.4,29.3,0.0,Fair
2025-05-10,2:00 AM,44.1,34.6,69,W,5.5,9.8,29.3,0.0,Fair
2025-05-10,3:00 AM,42.8,34.1,71,W,5.8,10.3,29.3,0.0,Fair
2025-05-10,4:00 AM,42.2,33.8,72,W,5.9,10.5,29.3,0.0,Fair
2025-05-10,5:00 AM,42.1,33.4,71,W,5.8,10.7,29.31,0.0,Fair
2025-05-10,6:00 AM,42.0,32.9,70,W,5.4,10.5,29.31,0.0,Fair
2025-05-10,7:00 AM,43.1,33.6,69,W,5.5,9.8,29.33,0.0,Fair
2025-05-10,8:00 AM,47.0,36.9,68,WSW,4.5,10.3,29.34,0.0,Fair
2025-05-10,9:00 AM,52.0,38.6,60,WSW,4.2,11.4,29.36,0.0,Fair
2025-05-10,10:00 AM,57.7,39.6,51,WSW,5.7,14.8,29.35,0.0,Fair
2025-05-10,11:00 AM,62.2,38.8,42,W,6.5,16.8,29.34,0.0,Fair
2025-05-10,12:00 PM,65.3,37.9,36,WNW,6.6,17.4,29.34,0.0,Fair
2025-05-10,1:00 PM,67.6,38.5,34,W,6.1,17.4,29.33,0.0,Fair
2025-05-10,2:00 PM,69.3,39.1,33,W,6.0,16.6,29.32,0.0,Fair
2025-05-10,3:00 PM,70.5,40.1,33,W,6.0,16.3,29.31,0.0,Fair
2025-05-10,4:00 PM,71.3,41.1,33,W,6.1,16.1,29.29,0.0,Fair
2025-05-10,5:00 PM,71.4,42.1,35,W,6.0,15.7,29.29,0.0,Fair
2025-05-10,6:00 PM,70.9,43.0,37,W,5.6,15.0,29.29,0.0,Fair
2025-05-10,7:00 PM,69.0,48.8,49,WSW,3.4,13.0,29.3,0.0,Fair
2025-05-10,8:00 PM,64.6,50.9,61,SW,4.2,7.2,29.31,0.0,Cloudy
2025-05-10,9:00 PM,61.8,50.4,66,SW,4.9,8.5,29.31,0.0,Cloudy
2025-05-10,10:00 PM,59.3,48.8,68,WSW,4.5,8.3,29.32,0.0,Cloudy
2025-05-10,11:00 PM,57.8,47.0,67,WSW,4.2,8.3,29.33,0.0,Cloudy
2025-05-11,12:00 AM,56.6,45.9,67,SW,4.8,7.8,29.34,0.0,Cloudy
2025-05-11,1:00 AM,54.3,46.0,73,SSW,5.4,9.4,29.34,0.0,Fair
2025-05-11,2:00 AM,52.8,45.6,76,SW,4.0,9.4,29.33,0.0,Fair
2025-05-11,3:00 AM,52.3,45.1,77,NW,4.6,7.8,29.34,0.0,Partly Cloudy
2025-05-11,4:00 AM,50.5,44.8,81,NNW,3.2,8.1,29.34,0.0,Fair
2025-05-11,5:00 AM,50.1,44.8,82,NNW,3.5,5.6,29.36,0.0,Fair
2025-05-11,6:00 AM,49.4,45.7,87,N,5.9,10.3,29.37,0.0,Fair
2025-05-11,7:00 AM,49.1,44.8,85,NNE,5.9,10.7,29.4,0.0,Fair
2025-05-11,8:00 AM,52.2,44.5,75,NNE,4.3,11.0,29.42,0.0,Fair
2025-05-11,9:00 AM,58.0,45.7,63,NNE,3.3,10.1,29.42,0.0,Fair
2025-05-11,10:00 AM,63.2,46.9,55,NE,3.4,10.5,29.43,0.0,Fair
2025-05-11,11:00 AM,68.4,47.4,47,NE,3.4,11.2,29.43,0.0,Fair
2025-05-11,12:00 PM,72.1,47.4,41,ENE,3.3,11.6,29.43,0.0,Fair
2025-05-11,1:00 PM,74.7,48.1,39,ENE,2.7,11.4,29.43,0.0,Fair
2025-05-11,2:00 PM,76.3,48.4,37,ENE,3.1,11.0,29.42,0.0,Fair
2025-05-11,3:00 PM,77.2,48.6,37,NE,4.1,12.5,29.41,0.0,Fair
2025-05-11,4:00 PM,77.2,49.3,38,ENE,4.5,12.8,29.39,0.0,Fair
2025-05-11,5:00 PM,76.3,50.1,40,E,5.5,14.1,29.38,0.0,Partly Cloudy
2025-05-11,6:00 PM,74.8,50.9,43,E,5.9,14.3,29.37,0.0,Partly Cloudy
2025-05-11,7:00 PM,72.7,53.7,51,E,5.0,13.6,29.37,0.0,Partly Cloudy
2025-05-11,8:00 PM,68.5,54.8,62,E,4.9,10.1,29.37,0.0,Partly Cloudy
2025-05-11,9:00 PM,65.7,50.7,59,NE,4.6,7.8,29.37,0.0,Fair
2025-05-11,10:00 PM,63.4,48.7,59,NE,5.7,9.8,29.37,0.0,Fair
2025-05-11,11:00 PM,61.6,48.7,62,NE,6.1,11.0,29.36,0.0,Fair
2025-05-12,12:00 AM,60.1,48.5,65,ENE,5.0,10.7,29.36,0.0,Fair
2025-05-12,1:00 AM,59.0,47.8,66,ENE,5.2,9.2,29.36,0.0,Cloudy
2025-05-12,2:00 AM,57.8,47.6,69,E,4.7,9.2,29.35,0.0,Cloudy
2025-05-12,3:00 AM,57.0,48.3,73,SE,4.8,8.5,29.34,0.0,Cloudy
2025-05-12,4:00 AM,56.1,49.3,78,SSE,3.9,8.5,29.34,0.0,Cloudy
2025-05-12,5:00 AM,54.6,49.6,83,SSE,3.2,6.7,29.33,0.0,Cloudy
2025-05-12,6:00 AM,53.3,49.2,86,SSE,3.0,5.6,29.33,0.0,Cloudy
2025-05-12,7:00 AM,55.3,49.6,81,E,3.3,5.4,29.34,0.0,Cloudy
2025-05-12,8:00 AM,59.5,50.5,72,E,4.4,8.9,29.35,0.0,Cloudy
2025-05-12,9:00 AM,64.7,52.2,64,ESE,3.8,9.6,29.37,0.0,Cloudy
2025-05-12,10:00 AM,69.7,52.3,54,SE,5.0,13.2,29.36,0.0,Fair
2025-05-12,11:00 AM,73.7,50.8,45,SE,5.3,14.3,29.34,0.0,Fair
2025-05-12,12:00 PM,76.3,52.1,43,SSE,5.9,15.9,29.34,0.0,Cloudy
2025-05-12,1:00 PM,77.4,52.0,41,SSE,5.2,15.7,29.32,0.0,Cloudy
2025-05-12,2:00 PM,77.8,52.4,41,SSE,6.5,16.6,29.3,0.0,Cloudy
2025-05-12,3:00 PM,77.3,53.5,44,SE,6.8,16.3,29.28,0.0,Cloudy
2025-05-12,4:00 PM,77.8,54.1,44,SE,5.5,17.0,29.26,0.0,Cloudy
2025-05-12,5:00 PM,75.7,55.9,50,SE,6.4,14.1,29.23,0.0,Cloudy
2025-05-12,6:00 PM,74.0,58.4,58,SSE,6.1,14.8,29.23,0.0,Cloudy
2025-05-12,7:00 PM,70.6,59.5,68,SE,5.6,13.2,29.22,0.0,Cloudy
2025-05-12,8:00 PM,69.1,60.0,73,ESE,5.7,12.1,29.21,0.0,Cloudy
2025-05-12,9:00 PM,65.3,61.9,89,E,5.2,8.9,29.23,0.008,Light Drizzle
2025-05-12,10:00 PM,64.1,61.1,90,E,6.7,12.3,29.22,0.008,Light Drizzle
2025-05-12,11:00 PM,63.1,61.0,93,ESE,7.8,14.1,29.22,0.016,Light Drizzle
2025-05-13,12:00 AM,62.8,61.3,95,ESE,9.4,17.0,29.2,0.016,Light Drizzle
2025-05-13,1:00 AM,62.5,60.9,94,ESE,9.1,17.7,29.19,0.004,Light Drizzle
2025-05-13,2:00 AM,62.2,60.4,94,ESE,8.7,17.4,29.18,0.0,Cloudy
2025-05-13,3:00 AM,61.8,60.2,94,E,8.6,16.3,29.16,0.004,Light Drizzle
2025-05-13,4:00 AM,61.0,60.3,97,ESE,7.8,16.1,29.14,0.024,Drizzle
2025-05-13,5:00 AM,60.6,59.9,97,E,8.2,16.1,29.13,0.055,Light Rain
2025-05-13,6:00 AM,60.8,60.2,98,ESE,7.8,15.9,29.12,0.075,Light Rain
2025-05-13,7:00 AM,61.1,60.4,98,ESE,8.5,16.6,29.12,0.091,Light Rain
2025-05-13,8:00 AM,61.5,60.9,98,ESE,8.5,16.3,29.12,0.051,Light Rain
2025-05-13,9:00 AM,64.9,63.1,94,ESE,7.9,17.7,29.12,0.035,Drizzle
2025-05-13,10:00 AM,65.5,63.7,94,ESE,7.5,15.4,29.12,0.031,Drizzle
2025-05-13,11:00 AM,66.5,63.9,91,ESE,8.5,17.2,29.1,0.004,Light Drizzle
2025-05-13,12:00 PM,67.6,63.4,86,ESE,10.8,22.1,29.1,0.012,Light Drizzle
2025-05-13,1:00 PM,69.3,63.9,83,ESE,10.4,23.3,29.08,0.016,Light Drizzle
2025-05-13,2:00 PM,68.9,63.6,83,ESE,10.9,23.3,29.05,0.028,Drizzle
2025-05-13,3:00 PM,69.3,63.8,83,ESE,10.2,23.9,29.03,0.004,Light Drizzle
2025-05-13,4:00 PM,69.8,63.3,80,ESE,9.5,22.6,29.01,0.0,Cloudy
2025-05-13,5:00 PM,69.7,62.8,79,E,8.1,21.0,28.99,0.0,Cloudy
2025-05-13,6:00 PM,70.6,63.2,77,E,8.4,19.2,28.98,0.0,Cloudy
2025-05-13,7:00 PM,68.9,63.5,83,ESE,6.6,18.8,28.98,0.012,Light Drizzle
2025-05-13,8:00 PM,67.1,63.5,88,ESE,6.4,13.2,28.99,0.004,Light Drizzle
2025-05-13,9:00 PM,64.1,62.1,93,ESE,8.3,16.1,28.99,0.0,Cloudy
2025-05-13,10:00 PM,63.1,61.2,94,ESE,7.8,16.1,29.0,0.0,Cloudy
2025-05-13,11:00 PM,62.7,60.2,91,ESE,9.7,19.0,29.01,0.004,Light Drizzle
2025-05-14,12:00 AM,62.3,59.2,89,ESE,7.3,19.2,29.01,0.0,Cloudy
2025-05-14,1:00 AM,61.2,58.8,92,ESE,6.3,13.9,29.01,0.0,Partly Cloudy
2025-05-14,2:00 AM,60.3,58.6,94,ESE,5.7,11.9,29.0,0.0,Cloudy
2025-05-14,3:00 AM,59.6,58.4,96,ESE,5.7,10.5,29.0,0.0,Cloudy
2025-05-14,4:00 AM,59.1,57.8,96,SE,4.7,10.5,29.0,0.0,Partly Cloudy
2025-05-14,5:00 AM,58.5,57.1,95,SE,4.7,8.1,29.0,0.0,Cloudy
2025-05-14,6:00 AM,57.7,56.4,96,SE,4.8,8.9,29.01,0.035,Drizzle
2025-05-14,7:00 AM,58.3,56.9,95,SE,5.4,10.7,29.04,0.165,Rain
2025-05-14,8:00 AM,60.3,58.7,95,ESE,4.2,9.6,29.05,0.098,Rain
2025-05-14,9:00 AM,64.4,60.7,88,SSE,6.0,14.3,29.06,0.004,Light Drizzle
2025-05-14,10:00 AM,66.5,60.3,80,SSE,7.5,17.4,29.07,0.004,Light Drizzle
2025-05-14,11:00 AM,68.7,61.5,78,SSE,6.7,18.1,29.07,0.004,Light Drizzle
2025-05-14,12:00 PM,71.4,62.1,72,SSE,6.2,17.0,29.06,0.0,Fair
2025-05-14,1:00 PM,72.9,61.3,67,SSE,5.9,16.6,29.05,0.0,Partly Cloudy
2025-05-14,2:00 PM,74.4,60.2,61,S,5.8,16.1,29.03,0.0,Fair
2025-05-14,3:00 PM,74.5,59.5,60,S,5.8,15.9,29.02,0.0,Partly Cloudy
2025-05-14,4:00 PM,73.3,58.9,61,S,5.0,15.0,29.0,0.008,Light Drizzle
2025-05-14,5:00 PM,73.9,60.2,62,S,3.7,13.2,28.99,0.004,Light Drizzle
2025-05-14,6:00 PM,70.3,62.2,76,SSE,4.9,13.2,29.0,0.031,Drizzle
2025-05-14,7:00 PM,69.9,62.3,77,SE,3.7,11.2,28.99,0.0,Cloudy
2025-05-14,8:00 PM,67.6,62.7,84,ESE,5.1,9.2,28.99,0.0,Partly Cloudy
2025-05-14,9:00 PM,63.8,62.4,95,S,6.4,11.9,29.0,0.004,Light Drizzle
2025-05-14,10:00 PM,61.9,61.1,97,S,4.0,13.6,29.02,0.0,Cloudy
2025-05-14,11:00 PM,60.8,60.3,98,SE,4.6,9.2,29.02,0.008,Light Drizzle
2025-05-15,12:00 AM,59.6,59.2,98,SSE,2.8,8.5,29.02,0.0,Cloudy
2025-05-15,1:00 AM,58.6,58.1,98,SSE,3.2,5.4,29.0,0.0,Fair
2025-05-15,2:00 AM,57.7,57.4,99,S,2.8,5.4,28.99,0.0,Fair
2025-05-15,3:00 AM,57.1,56.8,99,SSE,2.7,4.7,28.98,0.0,Fair
2025-05-15,4:00 AM,56.3,56.2,100,SE,2.6,4.5,28.98,0.0,Fair
2025-05-15,5:00 AM,55.9,55.7,99,SE,2.9,5.1,28.99,0.0,Fair
2025-05-15,6:00 AM,55.3,55.1,99,SE,2.9,4.9,28.98,0.0,Fair
2025-05-15,7:00 AM,57.2,56.7,98,SE,3.9,6.3,29.0,0.0,Fair
2025-05-15,8:00 AM,60.7,59.8,97,SE,2.4,7.2,29.01,0.0,Fair
2025-05-15,9:00 AM,66.3,62.6,88,SSE,3.4,10.1,29.02,0.0,Cloudy
2025-05-15,10:00 AM,70.2,63.7,80,SSE,4.2,11.9,29.02,0.0,Fair
2025-05-15,11:00 AM,74.0,62.9,68,SSE,4.8,13.6,29.01,0.0,Partly Cloudy
2025-05-15,12:00 PM,75.9,60.7,59,S,5.8,15.4,29.0,0.004,Light Drizzle
2025-05-15,1:00 PM,77.4,61.0,57,S,5.6,16.6,28.98,0.0,Fair
2025-05-15,2:00 PM,78.7,60.4,53,S,5.4,15.9,28.97,0.0,Fair
2025-05-15,3:00 PM,79.6,59.7,51,S,5.4,15.2,28.96,0.0,Fair
2025-05-15,4:00 PM,79.7,59.8,51,SSW,6.1,15.4,28.94,0.0,Fair
2025-05-15,5:00 PM,79.6,60.4,52,SSW,6.4,15.4,28.93,0.0,Fair
2025-05-15,6:00 PM,78.8,61.4,55,SSW,5.6,15.4,28.92,0.0,Partly Cloudy
2025-05-15,7:00 PM,77.4,63.9,63,S,4.6,12.3,28.92,0.0,Fair
2025-05-15,8:00 PM,74.1,65.1,74,SSE,5.2,9.2,28.91,0.0,Fair
2025-05-15,9:00 PM,70.0,64.4,82,SSE,5.0,9.2,28.9,0.0,Partly Cloudy
2025-05-15,10:00 PM,68.8,64.1,85,S,4.5,8.7,28.91,0.0,Cloudy
2025-05-15,11:00 PM,68.5,64.5,87,SSW,7.2,12.8,28.92,0.0,Cloudy
2025-05-16,12:00 AM,68.2,64.1,87,S,6.9,14.1,28.91,0.0,Cloudy
2025-05-16,1:00 AM,67.2,64.2,90,S,6.7,13.2,28.91,0.0,Cloudy
2025-05-16,2:00 AM,66.3,64.5,94,SSW,7.5,13.9,28.9,0.0,Cloudy
2025-05-16,3:00 AM,66.2,64.2,93,SSW,8.1,16.1,28.89,0.0,Cloudy
2025-05-16,4:00 AM,64.1,63.4,98,SSW,9.5,23.5,28.88,0.189,Rain
2025-05-16,5:00 AM,64.0,63.5,98,SSW,8.9,18.6,28.9,0.02,Drizzle
2025-05-16,6:00 AM,65.1,64.3,97,SW,8.4,18.1,28.93,0.0,Cloudy
2025-05-16,7:00 AM,65.9,65.1,97,WSW,7.8,16.1,28.94,0.0,Cloudy
2025-05-16,8:00 AM,67.2,66.2,97,WSW,8.1,15.7,28.95,0.0,Cloudy
2025-05-16,9:00 AM,73.1,66.7,80,WSW,10.4,24.8,28.94,0.0,Fair
2025-05-16,10:00 AM,76.4,65.7,70,W,9.8,23.0,28.94,0.0,Fair
2025-05-16,11:00 AM,79.0,63.7,60,W,8.0,22.1,28.94,0.0,Fair
2025-05-16,12:00 PM,80.6,63.4,56,WSW,7.2,21.7,28.93,0.004,Light Drizzle
2025-05-16,1:00 PM,80.7,63.5,56,SW,8.9,22.8,28.92,0.008,Light Drizzle
2025-05-16,2:00 PM,81.3,63.3,54,SW,9.9,25.3,28.9,0.0,Cloudy
2025-05-16,3:00 PM,68.5,65.3,89,SW,7.5,31.3,28.93,0.224,Rain
2025-05-16,4:00 PM,71.8,66.1,82,S,5.5,15.7,28.87,0.008,Light Drizzle
2025-05-16,5:00 PM,74.5,65.4,73,SSW,9.8,21.5,28.87,0.0,Cloudy
2025-05-16,6:00 PM,69.8,64.4,83,WSW,10.5,29.5,28.88,0.035,Drizzle
2025-05-16,7:00 PM,68.9,65.6,89,SW,5.9,19.5,28.86,0.016,Light Drizzle
2025-05-16,8:00 PM,67.1,64.9,93,SSE,4.8,17.9,28.85,0.028,Drizzle
2025-05-16,9:00 PM,69.9,60.9,73,SW,11.0,22.4,28.84,0.0,Cloudy
2025-05-16,10:00 PM,69.5,62.9,79,SW,10.8,22.4,28.85,0.0,Cloudy
2025-05-16,11:00 PM,69.4,63.7,82,SW,11.2,22.8,28.85,0.0,Cloudy
2025-05-17,12:00 AM,69.3,63.8,83,SW,10.3,23.5,28.82,0.0,Partly Cloudy
2025-05-17,1:00 AM,68.2,63.8,86,SSW,11.4,22.8,28.81,0.0,Cloudy
2025-05-17,2:00 AM,67.8,63.2,85,SW,14.5,29.3,28.8,0.0,Cloudy
2025-05-17,3:00 AM,65.9,62.3,88,SSW,16.0,34.2,28.77,0.063,Light Rain
2025-05-17,4:00 AM,62.7,61.3,95,SSW,13.8,31.1,28.79,0.016,Light Drizzle
2025-05-17,5:00 AM,62.7,61.2,95,SW,13.8,30.0,28.8,0.008,Light Drizzle
2025-05-17,6:00 AM,63.1,61.4,94,SW,13.4,28.2,28.8,0.004,Light Drizzle
2025-05-17,7:00 AM,63.0,61.4,95,SW,10.2,26.2,28.8,0.0,Fair
2025-05-17,8:00 AM,64.9,61.8,90,SW,11.9,22.6,28.81,0.004,Light Drizzle
2025-05-17,9:00 AM,66.8,60.6,80,SW,14.2,29.1,28.79,0.0,Fair
2025-05-17,10:00 AM,69.4,59.3,70,SW,14.5,34.9,28.77,0.0,Fair
2025-05-17,11:00 AM,71.8,58.0,62,SW,15.3,37.4,28.75,0.0,Fair
2025-05-17,12:00 PM,73.0,54.4,52,SW,17.8,38.3,28.74,0.0,Cloudy
2025-05-17,1:00 PM,71.7,53.2,52,WSW,19.1,40.3,28.75,0.0,Cloudy
2025-05-17,2:00 PM,70.1,55.0,59,WSW,19.8,44.3,28.75,0.008,Light Drizzle
2025-05-17,3:00 PM,71.2,53.9,54,WSW,19.2,46.3,28.76,0.008,Light Drizzle
2025-05-17,4:00 PM,71.8,50.9,48,W,19.1,41.8,28.77,0.004,Light Drizzle
2025-05-17,5:00 PM,71.2,48.8,45,W,18.3,40.7,28.79,0.0,Cloudy
2025-05-17,6:00 PM,67.9,48.7,50,W,15.9,41.8,28.81,0.0,Partly Cloudy
2025-05-17,7:00 PM,65.5,48.7,55,WNW,15.0,34.2,28.83,0.0,Cloudy
2025-05-17,8:00 PM,63.8,48.1,57,WNW,12.3,31.5,28.86,0.0,Fair
2025-05-17,9:00 PM,62.1,48.7,61,WNW,10.3,25.5,28.89,0.0,Fair
2025-05-17,10:00 PM,60.7,48.4,64,WNW,9.1,21.3,28.91,0.0,Cloudy
2025-05-17,11:00 PM,60.9,48.2,63,WNW,9.2,19.0,28.92,0.0,Partly Cloudy
2025-05-18,12:00 AM,59.8,47.9,65,WNW,9.4,19.7,28.93,0.0,Cloudy
2025-05-18,1:00 AM,58.8,47.5,66,W,9.1,19.5,28.94,0.0,Fair
2025-05-18,2:00 AM,57.6,46.9,68,W,9.0,18.8,28.95,0.0,Fair
2025-05-18,3:00 AM,56.7,46.6,69,W,8.3,18.6,28.95,0.0,Fair
2025-05-18,4:00 AM,55.7,46.9,72,W,8.0,17.0,28.95,0.0,Fair
2025-05-18,5:00 AM,54.7,47.8,77,W,7.9,16.1,28.96,0.0,Fair
2025-05-18,6:00 AM,54.3,47.8,79,W,7.7,15.9,28.97,0.0,Fair
2025-05-18,7:00 AM,55.2,48.3,77,W,7.9,15.7,28.98,0.0,Fair
2025-05-18,8:00 AM,57.9,49.1,72,W,7.5,16.3,29.0,0.0,Fair
2025-05-18,9:00 AM,62.7,48.8,61,W,10.8,23.9,28.99,0.0,Fair
2025-05-18,10:00 AM,65.0,48.0,54,W,11.9,27.1,28.99,0.0,Fair
2025-05-18,11:00 AM,67.2,47.3,49,WNW,13.1,29.5,28.99,0.0,Fair
2025-05-18,12:00 PM,69.3,46.0,43,WNW,15.0,34.0,29.0,0.0,Cloudy
2025-05-18,1:00 PM,67.7,47.5,48,WNW,13.3,33.1,29.0,0.0,Cloudy
2025-05-18,2:00 PM,69.5,47.3,45,WNW,13.6,30.6,29.01,0.0,Cloudy
2025-05-18,3:00 PM,69.4,47.8,46,WNW,12.6,30.6,29.01,0.0,Cloudy
2025-05-18,4:00 PM,69.3,48.1,47,WNW,12.1,28.6,29.01,0.0,Fair
2025-05-18,5:00 PM,69.7,47.6,45,WNW,12.7,28.2,29.01,0.0,Cloudy
2025-05-18,6:00 PM,68.6,48.1,48,NW,12.0,28.2,29.02,0.0,Partly Cloudy
2025-05-18,7:00 PM,66.6,48.7,53,NW,10.3,25.9,29.03,0.0,Fair
2025-05-18,8:00 PM,64.6,49.6,58,NW,7.6,21.9,29.05,0.0,Fair
2025-05-18,9:00 PM,62.1,50.6,66,NW,6.1,15.0,29.07,0.0,Fair
2025-05-18,10:00 PM,59.9,51.4,73,NNW,5.6,11.6,29.08,0.0,Fair
2025-05-18,11:00 PM,57.9,50.6,77,NNW,6.1,11.2,29.09,0.0,Fair
2025-05-19,12:00 AM,56.1,50.9,83,N,5.1,11.2,29.1,0.0,Fair
2025-05-19,1:00 AM,54.6,51.3,88,N,5.5,10.1,29.11,0.0,Fair
2025-05-19,2:00 AM,52.8,50.5,92,NNE,5.7,11.0,29.11,0.0,Fair
2025-05-19,3:00 AM,51.6,49.5,92,N,4.3,10.5,29.12,0.0,Fair
2025-05-19,4:00 AM,50.7,48.7,93,NNW,4.7,8.7,29.14,0.0,Fair
2025-05-19,5:00 AM,49.9,47.9,93,N,4.6,8.7,29.15,0.0,Fair
2025-05-19,6:00 AM,49.1,47.3,93,NNW,3.8,8.7,29.15,0.0,Partly Cloudy
2025-05-19,7:00 AM,50.0,47.0,89,NNW,3.8,8.7,29.17,0.0,Cloudy
2025-05-19,8:00 AM,52.3,46.2,80,N,4.4,11.4,29.17,0.0,Cloudy
2025-05-19,9:00 AM,54.1,46.8,76,NNW,3.3,9.8,29.19,0.0,Cloudy
2025-05-19,10:00 AM,57.6,46.7,67,NW,5.0,13.6,29.2,0.0,Cloudy
2025-05-19,11:00 AM,60.4,45.6,58,NW,9.4,22.6,29.21,0.004,Light Drizzle
2025-05-19,12:00 PM,62.8,44.2,51,NW,9.4,22.8,29.19,0.0,Cloudy
2025-05-19,1:00 PM,64.9,42.4,44,NW,9.5,23.3,29.17,0.0,Cloudy
2025-05-19,2:00 PM,66.8,41.0,39,NW,10.1,24.6,29.17,0.0,Cloudy
2025-05-19,3:00 PM,66.5,42.2,41,NW,10.4,25.3,29.17,0.0,Fair
2025-05-19,4:00 PM,66.5,42.3,41,NNW,9.4,25.1,29.16,0.0,Cloudy
2025-05-19,5:00 PM,65.8,42.3,42,NNW,9.6,23.3,29.15,0.0,Partly Cloudy
2025-05-19,6:00 PM,64.5,41.7,43,NNW,8.8,22.8,29.14,0.0,Fair
2025-05-19,7:00 PM,62.9,41.8,46,NNW,7.7,20.8,29.14,0.0,Fair
2025-05-19,8:00 PM,60.3,43.3,54,N,7.3,17.4,29.13,0.0,Fair
2025-05-19,9:00 PM,58.0,44.3,60,N,7.4,13.9,29.15,0.0,Fair
2025-05-19,10:00 PM,55.7,45.1,67,N,6.7,15.2,29.18,0.0,Fair
2025-05-19,11:00 PM,54.0,45.5,73,N,6.0,12.8,29.19,0.0,Fair
2025-05-20,12:00 AM,52.7,45.9,77,N,5.9,11.0,29.2,0.0,Partly Cloudy
2025-05-20,1:00 AM,51.3,45.8,81,NNE,6.7,13.4,29.18,0.0,Fair
2025-05-20,2:00 AM,49.9,45.7,85,NNE,6.3,12.8,29.2,0.0,Fair
2025-05-20,3:00 AM,48.7,45.3,88,NNE,5.2,11.9,29.2,0.0,Fair
2025-05-20,4:00 AM,47.6,44.8,90,NNE,5.8,10.3,29.18,0.0,Cloudy
2025-05-20,5:00 AM,46.7,44.2,91,NE,4.9,11.4,29.18,0.0,Cloudy
2025-05-20,6:00 AM,46.3,44.0,91,ENE,4.0,8.9,29.19,0.0,Cloudy
2025-05-20,7:00 AM,46.9,44.2,90,ENE,4.4,9.6,29.19,0.0,Cloudy
2025-05-20,8:00 AM,50.2,44.2,80,ENE,5.0,12.3,29.2,0.0,Cloudy
2025-05-20,9:00 AM,53.6,43.9,70,E,6.2,15.2,29.18,0.0,Cloudy
2025-05-20,10:00 AM,56.4,43.3,61,E,6.5,16.3,29.17,0.0,Cloudy
2025-05-20,11:00 AM,59.5,42.8,54,E,4.3,17.0,29.18,0.0,Cloudy
2025-05-20,12:00 PM,61.9,42.6,49,ESE,3.5,12.8,29.18,0.0,Cloudy
2025-05-20,1:00 PM,63.6,42.4,46,ESE,2.8,11.9,29.16,0.0,Cloudy
2025-05-20,2:00 PM,64.6,41.9,44,ESE,4.5,13.0,29.13,0.0,Cloudy
2025-05-20,3:00 PM,65.6,39.8,39,E,7.2,17.7,29.08,0.0,Cloudy
2025-05-20,4:00 PM,66.0,39.2,37,E,8.4,19.7,29.06,0.0,Cloudy
2025-05-20,5:00 PM,64.3,40.2,41,E,7.5,19.9,29.04,0.0,Cloudy
2025-05-20,6:00 PM,63.1,40.7,44,E,7.1,16.6,29.03,0.0,Cloudy
2025-05-20,7:00 PM,63.1,40.5,43,E,6.9,15.2,29.02,0.0,Cloudy
2025-05-20,8:00 PM,60.4,42.4,52,E,9.1,17.4,28.99,0.008,Light Drizzle
2025-05-20,9:00 PM,55.6,50.8,84,E,9.1,15.9,28.99,0.059,Light Rain
2025-05-20,10:00 PM,54.9,51.6,89,E,9.3,18.6,28.98,0.0,Cloudy
2025-05-20,11:00 PM,55.9,53.4,91,ESE,9.0,17.0,28.96,0.0,Cloudy
2025-05-21,12:00 AM,56.2,54.2,93,ESE,10.0,18.8,28.95,0.0,Cloudy
2025-05-21,1:00 AM,56.3,54.0,92,ESE,8.8,19.9,28.92,0.004,Light Drizzle
2025-05-21,2:00 AM,56.7,54.9,94,ESE,7.5,16.8,28.9,0.0,Cloudy
2025-05-21,3:00 AM,57.0,55.7,95,ESE,7.1,14.1,28.87,0.0,Cloudy
2025-05-21,4:00 AM,56.8,55.9,97,ESE,6.4,14.3,28.85,0.055,Light Rain
2025-05-21,5:00 AM,57.0,56.7,99,SE,5.9,11.6,28.85,0.047,Drizzle
2025-05-21,6:00 AM,57.6,57.2,99,SE,5.1,11.2,28.84,0.114,Rain
2025-05-21,7:00 AM,58.2,57.6,98,SSE,5.9,11.0,28.84,0.173,Rain
2025-05-21,8:00 AM,59.2,58.4,97,SE,5.0,11.6,28.85,0.087,Light Rain
2025-05-21,9:00 AM,60.3,58.3,93,SSE,4.8,11.0,28.86,0.004,Light Drizzle
2025-05-21,10:00 AM,64.7,59.2,82,SSW,6.0,14.3,28.87,0.008,Light Drizzle
2025-05-21,11:00 AM,66.1,61.1,84,SSW,6.7,16.6,28.86,0.008,Light Drizzle
2025-05-21,12:00 PM,68.9,59.9,73,SW,7.4,18.6,28.85,0.0,Cloudy
2025-05-21,1:00 PM,71.8,58.6,63,SSW,6.6,18.3,28.82,0.0,Cloudy
2025-05-21,2:00 PM,74.8,58.7,57,S,7.0,19.5,28.78,0.004,Light Drizzle
2025-05-21,3:00 PM,67.1,61.9,83,SW,11.0,20.6,28.77,0.319,Heavy Rain
2025-05-21,4:00 PM,63.6,61.3,92,SW,6.9,26.2,28.78,0.146,Rain
2025-05-21,5:00 PM,62.1,58.5,88,WSW,10.8,29.3,28.8,0.043,Drizzle
2025-05-21,6:00 PM,64.2,60.0,86,WSW,7.5,22.4,28.8,0.028,Drizzle
2025-05-21,7:00 PM,62.0,57.1,84,W,9.7,21.0,28.82,0.063,Light Rain
2025-05-21,8:00 PM,59.6,55.2,85,WSW,10.6,22.1,28.83,0.008,Light Drizzle
2025-05-21,9:00 PM,57.7,52.9,84,WSW,10.6,21.3,28.89,0.0,Partly Cloudy
2025-05-21,10:00 PM,57.2,53.4,87,WSW,10.3,21.0,28.9,0.004,Light Drizzle
2025-05-21,11:00 PM,56.3,53.0,89,WSW,11.1,22.4,28.9,0.0,Cloudy
2025-05-22,12:00 AM,56.5,52.1,85,WSW,12.2,25.1,28.9,0.0,Cloudy
2025-05-22,1:00 AM,55.8,51.0,84,WSW,11.2,25.1,28.89,0.0,Cloudy
2025-05-22,2:00 AM,54.6,51.8,90,WSW,10.0,23.0,28.88,0.039,Drizzle
2025-05-22,3:00 AM,53.7,51.9,94,WSW,10.6,21.3,28.88,0.016,Light Drizzle
2025-05-22,4:00 AM,52.5,50.4,92,WSW,10.8,22.4,28.87,0.008,Light Drizzle
2025-05-22,5:00 AM,51.5,49.9,94,WSW,11.2,22.1,28.87,0.028,Drizzle
2025-05-22,6:00 AM,50.9,49.6,95,WSW,11.5,22.8,28.87,0.016,Light Drizzle
2025-05-22,7:00 AM,50.3,48.6,94,WSW,11.8,23.7,28.89,0.012,Light Drizzle
2025-05-22,8:00 AM,50.0,47.8,92,WSW,11.2,23.7,28.9,0.0,Cloudy
2025-05-22,9:00 AM,51.4,49.4,93,WSW,11.3,23.3,28.9,0.012,Light Drizzle
2025-05-22,10:00 AM,51.2,49.0,92,WSW,10.9,23.0,28.91,0.016,Light Drizzle
2025-05-22,11:00 AM,51.9,48.1,87,WSW,11.2,26.4,28.91,0.004,Light Drizzle
2025-05-22,12:00 PM,52.6,48.8,87,W,11.7,25.7,28.92,0.008,Light Drizzle
2025-05-22,1:00 PM,51.9,47.2,84,W,12.7,26.6,28.93,0.02,Drizzle
2025-05-22,2:00 PM,52.1,46.2,80,W,11.7,26.2,28.93,0.02,Drizzle
2025-05-22,3:00 PM,52.2,47.9,85,W,10.8,25.1,28.94,0.035,Drizzle
2025-05-22,4:00 PM,51.4,48.4,90,W,11.4,24.6,28.95,0.028,Drizzle
2025-05-22,5:00 PM,51.6,48.4,89,W,10.2,23.0,28.96,0.016,Light Drizzle
2025-05-22,6:00 PM,51.5,48.8,90,W,9.7,20.8,28.97,0.008,Light Drizzle
2025-05-22,7:00 PM,51.0,49.0,93,WNW,10.7,22.8,28.99,0.004,Light Drizzle
2025-05-22,8:00 PM,50.5,48.1,92,WNW,9.6,22.4,29.0,0.004,Light Drizzle
2025-05-22,9:00 PM,50.6,48.3,92,W,10.4,20.6,29.03,0.0,Cloudy
2025-05-22,10:00 PM,50.4,47.8,91,W,10.0,20.8,29.04,0.004,Light Drizzle
2025-05-22,11:00 PM,49.9,47.6,92,W,8.8,19.7,29.05,0.0,Cloudy
2025-05-23,12:00 AM,49.0,47.1,93,W,8.3,17.7,29.05,0.0,Cloudy
2025-05-23,1:00 AM,48.7,46.7,93,W,7.7,16.6,29.05,0.0,Partly Cloudy
2025-05-23,2:00 AM,48.2,46.3,93,W,7.7,15.4,29.04,0.0,Partly Cloudy
2025-05-23,3:00 AM,47.5,45.8,94,W,8.3,16.3,29.04,0.0,Cloudy
2025-05-23,4:00 AM,47.7,45.7,93,W,7.2,16.3,29.04,0.0,Cloudy
2025-05-23,5:00 AM,47.4,45.2,92,W,7.4,14.8,29.05,0.016,Light Drizzle
2025-05-23,6:00 AM,47.1,45.2,93,W,8.3,16.1,29.06,0.016,Light Drizzle
2025-05-23,7:00 AM,47.4,45.4,93,W,7.6,16.1,29.07,0.0,Cloudy
2025-05-23,8:00 AM,48.4,45.4,89,W,8.8,19.7,29.09,0.0,Partly Cloudy
2025-05-23,9:00 AM,50.1,44.3,81,W,11.1,23.9,29.1,0.0,Fair
2025-05-23,10:00 AM,51.9,43.8,74,W,10.9,26.2,29.11,0.004,Light Drizzle
2025-05-23,11:00 AM,53.8,41.9,64,W,12.8,28.6,29.12,0.0,Fair
2025-05-23,12:00 PM,55.1,40.8,58,WNW,14.4,32.2,29.13,0.004,Light Drizzle
2025-05-23,1:00 PM,56.4,38.6,51,WNW,15.8,34.7,29.13,0.0,Fair
2025-05-23,2:00 PM,57.7,36.8,46,WNW,16.5,36.0,29.13,0.0,Partly Cloudy
2025-05-23,3:00 PM,58.1,36.7,45,WNW,16.5,36.2,29.13,0.004,Light Drizzle
2025-05-23,4:00 PM,57.2,38.0,49,WNW,14.3,36.0,29.13,0.004,Light Drizzle
2025-05-23,5:00 PM,56.7,37.9,49,WNW,14.0,30.9,29.14,0.0,Partly Cloudy
2025-05-23,6:00 PM,55.2,39.7,56,WNW,13.2,30.4,29.14,0.004,Light Drizzle
2025-05-23,7:00 PM,53.2,40.6,62,WNW,10.2,28.0,29.15,0.0,Cloudy
2025-05-23,8:00 PM,52.6,41.1,65,WNW,7.8,21.3,29.17,0.0,Fair
2025-05-23,9:00 PM,50.5,44.2,79,W,6.3,13.4,29.18,0.0,Fair
2025-05-23,10:00 PM,49.1,44.6,84,W,5.7,12.1,29.19,0.0,Fair
2025-05-23,11:00 PM,48.2,44.4,87,W,5.3,10.3,29.2,0.0,Fair
2025-05-24,12:00 AM,47.4,44.2,88,W,5.4,9.6,29.21,0.0,Fair
2025-05-24,1:00 AM,46.9,43.6,88,W,5.7,10.1,29.21,0.0,Fair
2025-05-24,2:00 AM,46.4,43.0,88,W,6.3,11.4,29.21,0.0,Fair
2025-05-24,3:00 AM,45.8,42.4,88,W,6.4,11.6,29.22,0.0,Fair
2025-05-24,4:00 AM,44.8,42.1,90,W,6.5,12.1,29.23,0.0,Fair
2025-05-24,5:00 AM,44.1,41.9,92,W,6.5,12.1,29.24,0.0,Fair
2025-05-24,6:00 AM,43.3,41.6,94,W,6.5,12.3,29.26,0.0,Fair
2025-05-24,7:00 AM,44.5,42.3,92,W,6.6,13.0,29.29,0.0,Fair
2025-05-24,8:00 AM,47.6,43.5,86,W,5.8,13.6,29.31,0.0,Fair
2025-05-24,9:00 AM,52.3,44.5,75,WNW,7.6,17.2,29.3,0.0,Fair
2025-05-24,10:00 AM,54.6,42.6,64,WNW,9.7,22.6,29.31,0.004,Light Drizzle
2025-05-24,11:00 AM,55.8,41.4,58,WNW,9.2,22.6,29.3,0.0,Cloudy
2025-05-24,12:00 PM,57.1,41.6,56,WNW,9.7,21.7,29.31,0.0,Partly Cloudy
2025-05-24,1:00 PM,59.3,40.7,50,WNW,11.2,25.1,29.31,0.0,Partly Cloudy
2025-05-24,2:00 PM,60.7,39.6,46,WNW,11.5,26.2,29.29,0.0,Partly Cloudy
2025-05-24,3:00 PM,61.4,39.1,44,WNW,12.4,27.3,29.29,0.0,Cloudy
2025-05-24,4:00 PM,61.2,39.4,45,WNW,11.4,27.5,29.28,0.0,Partly Cloudy
2025-05-24,5:00 PM,61.8,38.5,42,WNW,12.3,26.8,29.29,0.0,Partly Cloudy
2025-05-24,6:00 PM,60.3,38.7,45,NW,11.6,26.8,29.3,0.0,Fair
2025-05-24,7:00 PM,59.2,40.1,49,NW,10.5,26.8,29.32,0.0,Fair
2025-05-24,8:00 PM,56.0,41.8,59,NNW,9.4,21.9,29.34,0.0,Fair
2025-05-24,9:00 PM,54.0,43.3,67,NNW,5.6,15.9,29.35,0.0,Cloudy
2025-05-24,10:00 PM,52.0,43.7,73,N,4.7,10.7,29.36,0.0,Fair
2025-05-24,11:00 PM,49.7,43.9,80,N,3.1,8.5,29.37,0.0,Fair
2025-05-25,12:00 AM,48.1,43.6,84,NNW,2.0,5.6,29.37,0.0,Fair
2025-05-25,1:00 AM,47.1,43.5,87,W,0.9,3.6,29.36,0.0,Partly Cloudy
2025-05-25,2:00 AM,45.8,43.3,91,WSW,2.5,4.3,29.37,0.0,Fair
2025-05-25,3:00 AM,44.7,42.9,93,WSW,2.8,4.5,29.37,0.0,Fair
2025-05-25,4:00 AM,44.1,42.0,92,WSW,1.8,4.9,29.37,0.0,Fair
2025-05-25,5:00 AM,43.6,41.8,93,WSW,1.2,3.4,29.38,0.0,Cloudy
2025-05-25,6:00 AM,43.1,41.8,95,WSW,1.9,3.1,29.38,0.0,Cloudy
2025-05-25,7:00 AM,45.2,43.3,93,SW,2.8,4.5,29.39,0.0,Fair
2025-05-25,8:00 AM,49.9,45.0,83,SSW,2.3,6.9,29.42,0.0,Fair
2025-05-25,9:00 AM,53.9,45.1,72,SSW,2.6,8.5,29.42,0.0,Fair
2025-05-25,10:00 AM,58.1,43.4,58,SW,3.5,11.6,29.42,0.0,Fair
2025-05-25,11:00 AM,61.3,42.2,49,WNW,5.8,14.8,29.42,0.0,Cloudy
2025-05-25,12:00 PM,62.4,40.7,45,WNW,7.8,18.6,29.41,0.0,Partly Cloudy
2025-05-25,1:00 PM,64.2,40.1,41,WNW,8.9,20.6,29.4,0.0,Cloudy
2025-05-25,2:00 PM,64.8,41.2,42,WNW,9.7,22.6,29.37,0.0,Cloudy
2025-05-25,3:00 PM,63.4,42.3,46,NW,9.3,22.4,29.37,0.0,Cloudy
2025-05-25,4:00 PM,64.4,42.8,45,WNW,8.4,20.8,29.35,0.0,Cloudy
2025-05-25,5:00 PM,63.5,43.9,49,NW,6.2,18.8,29.34,0.0,Cloudy
2025-05-25,6:00 PM,64.8,43.3,46,NW,7.6,15.9,29.33,0.0,Partly Cloudy
2025-05-25,7:00 PM,62.7,44.3,51,NNW,8.4,19.0,29.33,0.0,Fair
2025-05-25,8:00 PM,59.5,44.2,57,NNW,7.5,17.9,29.34,0.0,Fair
2025-05-25,9:00 PM,57.0,46.3,67,NNW,4.0,6.7,29.35,0.0,Fair
2025-05-25,10:00 PM,55.7,45.1,68,NNW,6.8,11.6,29.36,0.0,Fair
2025-05-25,11:00 PM,53.3,44.9,73,N,6.6,13.4,29.38,0.0,Fair
2025-05-26,12:00 AM,51.5,44.2,76,NNE,6.1,12.3,29.37,0.0,Fair
2025-05-26,1:00 AM,50.0,43.3,78,NNE,4.6,11.0,29.37,0.0,Fair
2025-05-26,2:00 AM,48.2,42.7,81,NNE,3.2,8.3,29.39,0.0,Fair
2025-05-26,3:00 AM,47.0,42.1,83,NNE,3.1,5.8,29.38,0.0,Cloudy
2025-05-26,4:00 AM,46.9,42.0,83,NNE,3.9,6.7,29.39,0.0,Fair
2025-05-26,5:00 AM,45.9,41.5,85,NNE,5.1,8.9,29.39,0.0,Fair
2025-05-26,6:00 AM,45.1,41.2,86,NNE,5.0,9.2,29.4,0.0,Fair
2025-05-26,7:00 AM,46.4,42.1,85,NNE,5.1,9.2,29.42,0.0,Fair
2025-05-26,8:00 AM,50.8,43.8,77,NNE,3.2,9.4,29.44,0.0,Fair
2025-05-26,9:00 AM,55.8,45.1,67,NE,3.3,10.1,29.46,0.0,Fair
2025-05-26,10:00 AM,59.6,42.7,53,NE,5.4,15.0,29.45,0.0,Fair
2025-05-26,11:00 AM,62.4,42.3,48,NE,5.0,15.2,29.44,0.0,Fair
2025-05-26,12:00 PM,64.7,42.0,44,ENE,4.9,15.0,29.44,0.0,Fair
2025-05-26,1:00 PM,66.6,41.6,40,ENE,5.5,16.1,29.42,0.0,Fair
2025-05-26,2:00 PM,68.2,41.0,37,ENE,5.9,16.8,29.4,0.0,Fair
2025-05-26,3:00 PM,69.4,40.6,35,ENE,6.5,17.9,29.39,0.0,Cloudy
2025-05-26,4:00 PM,69.4,41.1,36,ENE,7.3,18.8,29.39,0.0,Cloudy
2025-05-26,5:00 PM,69.1,40.7,36,ENE,7.5,19.5,29.38,0.0,Fair
2025-05-26,6:00 PM,68.5,40.5,36,E,7.1,18.3,29.39,0.0,Cloudy
2025-05-26,7:00 PM,66.7,41.1,39,E,7.6,16.8,29.39,0.0,Cloudy
2025-05-26,8:00 PM,63.2,43.5,49,ENE,8.6,17.2,29.39,0.0,Cloudy
2025-05-26,9:00 PM,62.3,44.0,51,ENE,7.0,11.9,29.38,0.0,Cloudy
2025-05-26,10:00 PM,59.7,43.3,55,ENE,7.0,13.0,29.38,0.0,Cloudy
2025-05-26,11:00 PM,58.9,43.2,56,ENE,7.0,12.8,29.38,0.0,Cloudy
2025-05-27,12:00 AM,58.7,43.9,58,E,7.6,14.5,29.39,0.0,Cloudy
2025-05-27,1:00 AM,57.5,45.1,63,ESE,6.9,14.3,29.39,0.0,Cloudy
2025-05-27,2:00 AM,56.4,45.0,65,ESE,5.8,13.0,29.39,0.0,Cloudy
2025-05-27,3:00 AM,55.6,44.3,66,SE,5.0,10.7,29.39,0.0,Cloudy
2025-05-27,4:00 AM,55.1,43.1,64,ESE,5.2,9.2,29.4,0.0,Cloudy
2025-05-27,5:00 AM,54.9,42.4,63,E,5.7,10.1,29.38,0.0,Cloudy
2025-05-27,6:00 AM,54.6,42.4,63,E,6.5,12.1,29.38,0.0,Cloudy
2025-05-27,7:00 AM,55.5,42.9,62,E,6.7,13.2,29.4,0.0,Cloudy
2025-05-27,8:00 AM,58.2,44.5,60,ENE,6.6,13.9,29.41,0.0,Cloudy
2025-05-27,9:00 AM,62.2,45.4,54,ESE,10.0,21.5,29.39,0.0,Cloudy
2025-05-27,10:00 AM,65.1,45.1,48,ESE,10.9,25.3,29.4,0.0,Cloudy
2025-05-27,11:00 AM,64.7,45.6,50,SE,10.0,25.3,29.39,0.0,Cloudy
2025-05-27,12:00 PM,65.1,46.4,51,SE,10.1,22.6,29.39,0.0,Cloudy
2025-05-27,1:00 PM,64.5,45.9,51,SE,10.6,22.6,29.4,0.0,Cloudy
2025-05-27,2:00 PM,62.0,49.1,63,SE,10.3,24.4,29.39,0.012,Light Drizzle
2025-05-27,3:00 PM,60.7,51.3,71,SE,9.7,23.0,29.38,0.039,Drizzle
2025-05-27,4:00 PM,58.3,54.2,86,ESE,10.1,19.9,29.36,0.067,Light Rain
2025-05-27,5:00 PM,57.3,54.3,90,ESE,9.9,19.9,29.35,0.028,Drizzle
2025-05-27,6:00 PM,57.5,54.0,88,ESE,9.7,19.9,29.34,0.012,Light Drizzle
2025-05-27,7:00 PM,55.9,52.9,89,E,9.2,19.7,29.33,0.008,Light Drizzle
2025-05-27,8:00 PM,55.0,52.2,90,E,9.0,18.6,29.33,0.008,Light Drizzle
2025-05-27,9:00 PM,52.6,50.9,94,E,9.8,19.2,29.32,0.024,Drizzle
2025-05-27,10:00 PM,51.8,51.0,97,ESE,8.4,19.0,29.31,0.02,Drizzle
2025-05-27,11:00 PM,51.7,50.1,94,ESE,9.7,18.6,29.3,0.012,Light Drizzle
2025-05-28,12:00 AM,51.6,49.9,94,ESE,10.1,19.7,29.28,0.004,Light Drizzle
2025-05-28,1:00 AM,51.6,49.9,94,SE,9.2,19.5,29.27,0.004,Light Drizzle
2025-05-28,2:00 AM,51.8,50.1,94,ESE,9.0,17.7,29.25,0.008,Light Drizzle
2025-05-28,3:00 AM,51.7,50.9,97,ESE,7.6,17.2,29.24,0.031,Drizzle
2025-05-28,4:00 AM,51.9,51.2,97,ESE,7.5,14.8,29.23,0.035,Drizzle
2025-05-28,5:00 AM,52.0,51.4,98,ESE,7.8,15.4,29.22,0.016,Light Drizzle
2025-05-28,6:00 AM,52.0,51.4,98,E,7.4,15.2,29.22,0.047,Drizzle
2025-05-28,7:00 AM,52.3,51.7,98,E,8.2,16.1,29.23,0.055,Light Rain
2025-05-28,8:00 AM,53.3,52.7,98,ESE,8.2,16.6,29.22,0.118,Rain
2025-05-28,9:00 AM,54.3,53.8,98,ESE,7.6,15.2,29.23,0.094,Light Rain
2025-05-28,10:00 AM,55.0,54.4,98,ESE,7.1,15.4,29.23,0.382,Heavy Rain
2025-05-28,11:00 AM,56.0,55.2,97,SE,7.6,16.1,29.23,0.445,Heavy Rain
2025-05-28,12:00 PM,58.2,57.7,98,ESE,6.0,15.9,29.23,0.22,Rain
2025-05-28,1:00 PM,60.1,59.0,96,SE,4.8,14.3,29.23,0.024,Drizzle
2025-05-28,2:00 PM,62.0,58.8,89,SE,10.6,23.3,29.2,0.035,Drizzle
2025-05-28,3:00 PM,61.5,59.0,91,SE,10.0,23.5,29.18,0.004,Light Drizzle
2025-05-28,4:00 PM,65.5,59.7,82,SSE,8.9,26.6,29.17,0.004,Light Drizzle
2025-05-28,5:00 PM,65.8,59.9,81,S,9.1,19.5,29.17,0.0,Cloudy
2025-05-28,6:00 PM,64.9,60.8,87,SSE,6.5,18.8,29.16,0.004,Light Drizzle
2025-05-28,7:00 PM,64.1,61.0,90,ESE,5.1,13.9,29.16,0.031,Drizzle
2025-05-28,8:00 PM,62.8,60.7,93,SE,5.8,10.7,29.16,0.031,Drizzle
2025-05-28,9:00 PM,60.2,59.0,96,S,2.5,8.1,29.2,0.0,Cloudy
2025-05-28,10:00 PM,60.4,59.3,96,SW,3.6,6.3,29.21,0.004,Light Drizzle
2025-05-28,11:00 PM,60.0,59.2,97,WSW,3.8,6.7,29.22,0.0,Cloudy
2025-05-29,12:00 AM,59.5,58.5,97,W,4.0,7.2,29.21,0.0,Cloudy
2025-05-29,1:00 AM,57.5,56.6,97,WSW,2.7,6.9,29.21,0.0,Cloudy
2025-05-29,2:00 AM,56.8,55.9,97,SW,3.7,6.3,29.21,0.0,Cloudy
2025-05-29,3:00 AM,55.4,54.8,98,SW,3.6,6.7,29.21,0.0,Cloudy
2025-05-29,4:00 AM,54.0,53.7,99,SW,4.4,7.6,29.22,0.0,Cloudy
2025-05-29,5:00 AM,53.6,53.2,99,SW,4.9,9.2,29.23,0.0,Cloudy
2025-05-29,6:00 AM,53.0,52.5,98,WSW,4.4,8.9,29.23,0.0,Cloudy
2025-05-29,7:00 AM,54.4,53.9,98,WSW,4.5,8.1,29.25,0.0,Cloudy
2025-05-29,8:00 AM,57.7,55.8,93,W,4.0,9.8,29.25,0.0,Cloudy
2025-05-29,9:00 AM,59.3,56.8,92,SW,4.7,11.6,29.24,0.0,Cloudy
2025-05-29,10:00 AM,61.5,57.5,87,SW,5.5,12.8,29.24,0.0,Cloudy
2025-05-29,11:00 AM,62.6,57.3,83,SW,5.3,13.0,29.23,0.0,Cloudy
2025-05-29,12:00 PM,64.4,57.5,78,SW,5.0,12.5,29.23,0.004,Light Drizzle
2025-05-29,1:00 PM,66.5,57.7,73,SW,7.4,16.8,29.21,0.008,Light Drizzle
2025-05-29,2:00 PM,67.0,57.7,72,SW,6.5,17.4,29.18,0.004,Light Drizzle
2025-05-29,3:00 PM,69.7,59.7,71,SW,7.3,21.3,29.16,0.0,Cloudy
2025-05-29,4:00 PM,70.4,60.0,70,WSW,6.8,20.6,29.14,0.0,Partly Cloudy
2025-05-29,5:00 PM,70.4,59.1,67,W,8.0,21.0,29.13,0.0,Cloudy
2025-05-29,6:00 PM,68.8,58.0,68,W,6.3,22.1,29.11,0.008,Light Drizzle
2025-05-29,7:00 PM,67.8,59.7,75,W,4.7,13.4,29.1,0.0,Cloudy
2025-05-29,8:00 PM,66.0,60.2,81,SW,2.5,8.9,29.1,0.0,Partly Cloudy
2025-05-29,9:00 PM,63.3,59.1,86,SSW,2.3,3.4,29.08,0.0,Cloudy
2025-05-29,10:00 PM,62.2,59.2,90,WSW,4.5,7.6,29.08,0.0,Partly Cloudy
2025-05-29,11:00 PM,60.6,57.3,89,W,4.5,8.5,29.09,0.0,Fair
2025-05-30,12:00 AM,58.8,55.0,87,NW,5.1,9.2,29.08,0.0,Fair
2025-05-30,1:00 AM,56.2,53.5,91,NW,3.2,9.2,29.07,0.0,Cloudy
2025-05-30,2:00 AM,55.8,53.4,92,WNW,2.6,5.6,29.06,0.0,Cloudy
2025-05-30,3:00 AM,56.5,53.8,91,WNW,2.3,4.9,29.04,0.0,Partly Cloudy
2025-05-30,4:00 AM,53.8,51.7,93,NW,2.1,4.0,29.02,0.0,Cloudy
2025-05-30,5:00 AM,54.5,52.3,92,NW,1.9,4.0,29.01,0.0,Cloudy
2025-05-30,6:00 AM,55.2,52.8,92,WNW,1.4,3.6,28.99,0.0,Cloudy
2025-05-30,7:00 AM,56.4,53.2,89,NW,2.3,4.0,28.99,0.0,Cloudy
2025-05-30,8:00 AM,58.0,55.1,90,NNW,1.7,6.5,28.99,0.0,Cloudy
2025-05-30,9:00 AM,62.1,55.9,80,N,0.6,6.5,28.97,0.0,Cloudy
2025-05-30,10:00 AM,63.1,55.0,75,S,0.6,5.6,28.95,0.0,Cloudy
2025-05-30,11:00 AM,63.3,54.3,72,SW,1.5,6.0,28.92,0.0,Cloudy
2025-05-30,12:00 PM,61.6,55.4,80,SW,2.8,8.7,28.91,0.039,Drizzle
2025-05-30,1:00 PM,59.7,59.1,98,WNW,1.3,6.5,28.87,0.091,Light Rain
2025-05-30,2:00 PM,59.0,57.7,96,NW,4.0,8.5,28.84,0.063,Light Rain
2025-05-30,3:00 PM,58.1,57.0,96,NNW,8.7,16.8,28.8,0.094,Light Rain
2025-05-30,4:00 PM,57.2,56.5,97,NNW,10.1,19.7,28.77,0.114,Rain
2025-05-30,5:00 PM,58.0,56.8,96,NNW,13.6,26.8,28.76,0.035,Drizzle
2025-05-30,6:00 PM,57.1,56.2,97,NW,12.0,26.8,28.77,0.075,Light Rain
2025-05-30,7:00 PM,55.7,54.6,96,NW,10.7,23.9,28.78,0.079,Light Rain
2025-05-30,8:00 PM,55.3,54.3,96,WNW,9.4,21.0,28.79,0.039,Drizzle
2025-05-30,9:00 PM,55.3,54.1,96,W,7.3,19.0,28.8,0.008,Light Drizzle
2025-05-30,10:00 PM,54.9,53.9,96,WSW,8.3,16.1,28.81,0.0,Cloudy
2025-05-30,11:00 PM,53.7,52.9,97,SW,7.1,16.1,28.8,0.012,Light Drizzle
2025-05-31,12:00 AM,54.3,53.5,97,SW,8.3,16.1,28.79,0.0,Cloudy
2025-05-31,1:00 AM,54.2,53.2,96,WSW,8.2,16.1,28.76,0.0,Cloudy
2025-05-31,2:00 AM,53.3,52.6,97,WSW,8.8,17.0,28.74,0.0,Cloudy
2025-05-31,3:00 AM,53.4,52.7,97,W,9.3,18.1,28.72,0.0,Partly Cloudy
2025-05-31,4:00 AM,53.2,52.3,97,WNW,8.5,18.1,28.71,0.0,Cloudy
2025-05-31,5:00 AM,53.2,52.2,96,WNW,8.6,16.6,28.71,0.0,Cloudy
2025-05-31,6:00 AM,53.4,52.5,97,W,8.4,16.6,28.71,0.0,Cloudy
2025-05-31,7:00 AM,53.9,52.0,93,WNW,11.1,20.1,28.72,0.012,Light Drizzle
2025-05-31,8:00 AM,54.1,52.9,95,NW,10.2,21.7,28.74,0.031,Drizzle
2025-05-31,9:00 AM,55.4,53.2,92,NW,9.6,22.1,28.73,0.016,Light Drizzle
2025-05-31,10:00 AM,55.7,50.8,84,NW,10.4,22.4,28.74,0.0,Fair
2025-05-31,11:00 AM,57.0,49.3,75,NW,13.9,30.4,28.75,0.004,Light Drizzle
2025-05-31,12:00 PM,58.0,45.2,62,NW,15.5,34.7,28.77,0.004,Light Drizzle
2025-05-31,1:00 PM,56.7,43.4,61,NW,14.7,34.4,28.79,0.0,Cloudy
2025-05-31,2:00 PM,55.5,42.4,61,NW,15.7,33.1,28.8,0.0,Cloudy
2025-05-31,3:00 PM,55.5,41.9,60,NW,14.6,34.4,28.82,0.0,Cloudy
2025-05-31,4:00 PM,53.5,40.6,62,NW,14.5,32.4,28.84,0.0,Cloudy
2025-05-31,5:00 PM,52.6,39.5,61,NW,15.0,32.0,28.85,0.0,Cloudy
2025-05-31,6:00 PM,52.7,37.5,56,NW,14.4,33.8,28.86,0.0,Cloudy
2025-05-31,7:00 PM,53.0,39.3,60,NW,11.0,33.3,28.87,0.0,Partly Cloudy
2025-05-31,8:00 PM,52.1,40.4,64,NW,7.3,22.8,28.89,0.0,Fair
2025-05-31,9:00 PM,50.5,41.4,71,WNW,5.1,15.0,28.9,0.0,Fair
2025-05-31,10:00 PM,49.2,41.1,74,W,4.9,9.4,28.91,0.0,Fair
2025-05-31,11:00 PM,48.3,40.6,75,WSW,5.9,10.5,28.92,0.0,Fair
2025-06-01,12:00 AM,47.8,39.8,74,WSW,6.6,11.9,28.91,0.0,Fair
2025-06-01,1:00 AM,47.5,39.1,73,WSW,6.2,12.1,28.9,0.0,Fair
2025-06-01,2:00 AM,46.8,38.8,74,WSW,7.7,13.9,28.91,0.0,Fair
2025-06-01,3:00 AM,46.4,38.8,75,WSW,7.8,15.0,28.92,0.0,Fair
2025-06-01,4:00 AM,46.0,39.1,77,W,7.4,15.0,28.93,0.0,Fair
2025-06-01,5:00 AM,45.2,39.6,80,W,6.5,14.1,28.94,0.0,Fair
2025-06-01,6:00 AM,44.3,39.7,84,W,6.3,12.1,28.96,0.0,Fair
2025-06-01,7:00 AM,45.2,41.0,85,W,5.9,11.4,28.98,0.0,Fair
2025-06-01,8:00 AM,48.5,43.1,82,WNW,3.8,10.7,29.0,0.0,Fair
2025-06-01,9:00 AM,51.8,44.2,75,WSW,4.8,12.8,29.01,0.0,Fair
2025-06-01,10:00 AM,55.7,45.3,68,WSW,6.3,16.3,29.02,0.0,Fair
2025-06-01,11:00 AM,58.5,42.4,55,W,8.3,20.4,29.02,0.0,Fair
2025-06-01,12:00 PM,60.5,40.8,48,W,8.8,21.7,29.03,0.0,Partly Cloudy
2025-06-01,1:00 PM,62.2,40.9,45,W,8.7,21.7,29.03,0.0,Cloudy
2025-06-01,2:00 PM,63.1,40.5,43,WNW,8.2,21.5,29.03,0.0,Cloudy
2025-06-01,3:00 PM,64.0,41.6,44,WNW,7.6,20.1,29.02,0.0,Fair
2025-06-01,4:00 PM,64.7,41.9,43,WNW,8.0,19.2,29.02,0.0,Fair
2025-06-01,5:00 PM,64.7,41.1,42,WNW,8.6,19.7,29.02,0.0,Fair
2025-06-01,6:00 PM,63.7,42.4,46,NW,8.3,19.5,29.02,0.0,Fair
2025-06-01,7:00 PM,61.5,45.5,56,NW,6.8,18.1,29.04,0.0,Fair
2025-06-01,8:00 PM,58.3,46.0,64,NNW,5.6,13.9,29.05,0.0,Fair
2025-06-01,9:00 PM,55.0,45.1,69,NW,3.6,7.6,29.08,0.0,Fair
2025-06-01,10:00 PM,52.7,45.0,75,NNW,3.4,6.5,29.1,0.0,Fair
2025-06-01,11:00 PM,50.3,44.3,80,NNW,3.1,6.0,29.12,0.0,Fair
2025-06-02,12:00 AM,49.0,43.5,81,NW,0.7,5.1,29.13,0.0,Fair
2025-06-02,1:00 AM,47.2,43.6,87,SSE,2.3,3.4,29.12,0.0,Fair
2025-06-02,2:00 AM,47.0,43.9,89,S,3.8,7.8,29.13,0.0,Fair
2025-06-02,3:00 AM,47.0,43.3,87,SSW,4.3,7.6,29.13,0.0,Fair
2025-06-02,4:00 AM,46.4,42.7,87,SSW,4.3,7.4,29.13,0.0,Fair
2025-06-02,5:00 AM,46.0,42.1,86,SW,4.7,8.1,29.15,0.0,Fair
2025-06-02,6:00 AM,45.6,41.4,85,SW,5.0,9.4,29.15,0.0,Fair
2025-06-02,7:00 AM,47.1,41.8,82,SW,5.0,8.7,29.18,0.0,Fair
2025-06-02,8:00 AM,51.5,45.0,78,SW,4.1,9.4,29.22,0.0,Fair
2025-06-02,9:00 AM,55.5,46.0,70,SW,3.6,9.8,29.24,0.0,Fair
2025-06-02,10:00 AM,61.1,47.2,60,SW,5.2,13.4,29.25,0.0,Fair
2025-06-02,11:00 AM,65.0,44.8,48,WSW,7.3,17.7,29.24,0.0,Fair
2025-06-02,12:00 PM,67.5,41.2,38,WSW,7.4,18.8,29.24,0.0,Fair
2025-06-02,1:00 PM,69.0,41.5,37,W,7.1,18.3,29.23,0.0,Fair
2025-06-02,2:00 PM,70.1,42.4,37,WSW,7.0,18.1,29.23,0.0,Fair
2025-06-02,3:00 PM,70.9,43.3,37,WSW,7.0,17.9,29.22,0.0,Partly Cloudy
2025-06-02,4:00 PM,71.3,43.9,37,WSW,7.0,17.7,29.21,0.0,Fair
2025-06-02,5:00 PM,71.2,44.6,38,WSW,6.8,17.0,29.21,0.0,Fair
2025-06-02,6:00 PM,70.5,46.2,42,WSW,6.5,15.9,29.21,0.0,Fair
2025-06-02,7:00 PM,68.5,51.2,54,SW,5.3,13.2,29.21,0.0,Fair
2025-06-02,8:00 PM,65.1,51.5,61,SW,4.9,9.8,29.21,0.0,Fair
2025-06-02,9:00 PM,62.0,49.8,64,SSW,5.2,8.9,29.2,0.0,Fair
2025-06-02,10:00 PM,59.6,49.0,68,SSW,5.4,9.6,29.22,0.0,Fair
2025-06-02,11:00 PM,57.9,47.8,69,SSW,5.8,10.1,29.23,0.0,Fair
2025-06-03,12:00 AM,56.6,46.9,70,SW,5.3,10.3,29.23,0.0,Fair
2025-06-03,1:00 AM,55.1,45.9,71,SSW,4.8,9.4,29.24,0.0,Fair
2025-06-03,2:00 AM,54.1,45.6,73,SSW,4.3,8.3,29.23,0.0,Fair
2025-06-03,3:00 AM,53.1,45.5,75,SSW,4.5,7.8,29.24,0.0,Fair
2025-06-03,4:00 AM,52.3,45.1,77,SSW,4.6,8.1,29.25,0.0,Fair
2025-06-03,5:00 AM,51.6,44.8,77,SSW,4.5,8.1,29.26,0.0,Fair
2025-06-03,6:00 AM,51.2,44.0,76,SSW,5.9,10.3,29.26,0.0,Fair
2025-06-03,7:00 AM,52.8,44.0,72,SSW,6.0,10.7,29.28,0.0,Fair
2025-06-03,8:00 AM,56.7,48.0,73,S,4.6,10.5,29.31,0.0,Fair
2025-06-03,9:00 AM,61.2,50.5,68,SSW,2.9,9.8,29.33,0.0,Fair
2025-06-03,10:00 AM,66.4,52.4,61,S,3.3,10.1,29.34,0.0,Fair
2025-06-03,11:00 AM,71.1,51.9,51,S,4.9,13.2,29.33,0.0,Fair
2025-06-03,12:00 PM,74.2,50.3,43,S,6.1,15.7,29.32,0.0,Fair
2025-06-03,1:00 PM,76.0,50.5,41,SSE,7.2,17.9,29.3,0.0,Fair
2025-06-03,2:00 PM,77.5,50.4,39,S,7.1,18.3,29.29,0.0,Fair
2025-06-03,3:00 PM,78.7,50.7,38,S,6.4,17.7,29.28,0.0,Fair
2025-06-03,4:00 PM,79.2,51.4,38,S,6.3,15.9,29.26,0.0,Fair
2025-06-03,5:00 PM,79.0,51.7,39,S,6.8,15.9,29.25,0.0,Fair
2025-06-03,6:00 PM,78.2,53.5,42,SSW,5.9,15.7,29.26,0.0,Fair
2025-06-03,7:00 PM,75.9,57.1,52,S,5.2,12.1,29.26,0.0,Fair
2025-06-03,8:00 PM,72.0,58.7,63,SSE,5.7,9.8,29.25,0.0,Fair
2025-06-03,9:00 PM,69.8,58.1,66,SSE,5.5,8.7,29.23,0.0,Cloudy
2025-06-03,10:00 PM,67.3,57.2,70,SSE,6.6,11.6,29.23,0.0,Cloudy
2025-06-03,11:00 PM,65.8,54.8,68,SSE,5.9,11.6,29.23,0.0,Cloudy
2025-06-04,12:00 AM,64.2,53.1,67,S,5.1,10.3,29.23,0.0,Cloudy
2025-06-04,1:00 AM,62.3,52.6,70,S,4.2,8.9,29.23,0.0,Cloudy
2025-06-04,2:00 AM,61.4,53.4,75,S,6.6,11.6,29.25,0.0,Cloudy
2025-06-04,3:00 AM,61.3,54.4,78,S,6.4,11.9,29.25,0.0,Fair
2025-06-04,4:00 AM,61.3,55.3,81,S,7.2,12.8,29.25,0.0,Fair
2025-06-04,5:00 AM,61.8,56.6,83,S,8.4,15.4,29.26,0.0,Fair
2025-06-04,6:00 AM,62.1,57.7,85,SSW,8.2,15.7,29.27,0.0,Fair
2025-06-04,7:00 AM,63.7,58.7,84,SSW,8.0,15.4,29.29,0.0,Fair
2025-06-04,8:00 AM,67.3,61.1,80,S,6.5,15.4,29.3,0.0,Fair
2025-06-04,9:00 AM,71.3,61.7,72,S,7.0,16.1,29.32,0.0,Fair
2025-06-04,10:00 AM,75.0,62.8,66,SSW,8.0,18.8,29.33,0.0,Fair
2025-06-04,11:00 AM,78.6,63.7,60,SSW,7.8,19.2,29.33,0.0,Fair
2025-06-04,12:00 PM,82.0,63.1,53,SW,9.0,20.6,29.32,0.0,Fair
2025-06-04,1:00 PM,83.8,61.4,47,SW,9.7,22.1,29.3,0.0,Fair
2025-06-04,2:00 PM,85.2,60.4,43,SW,9.9,22.8,29.29,0.0,Fair
2025-06-04,3:00 PM,85.9,59.8,41,SSW,11.1,24.8,29.27,0.0,Fair
2025-06-04,4:00 PM,86.0,59.1,40,SSW,11.1,25.1,29.26,0.0,Fair
2025-06-04,5:00 PM,85.4,57.7,39,SSW,10.4,26.2,29.25,0.0,Fair
2025-06-04,6:00 PM,84.5,58.5,41,S,9.5,22.6,29.24,0.0,Fair
2025-06-04,7:00 PM,82.3,60.1,47,S,7.2,19.7,29.23,0.0,Fair
2025-06-04,8:00 PM,78.2,61.3,56,SSE,7.0,14.3,29.23,0.0,Fair
2025-06-04,9:00 PM,74.7,63.0,67,S,5.2,10.3,29.24,0.0,Fair
2025-06-04,10:00 PM,72.1,63.1,73,SSW,4.6,9.2,29.25,0.0,Fair
2025-06-04,11:00 PM,70.4,61.9,74,SSW,4.0,7.8,29.24,0.0,Fair
2025-06-05,12:00 AM,68.9,60.6,75,SSW,4.1,7.2,29.23,0.0,Cloudy
2025-06-05,1:00 AM,66.9,60.1,79,SSW,3.8,6.9,29.22,0.0,Partly Cloudy
2025-06-05,2:00 AM,65.8,60.1,82,SSW,4.6,8.1,29.22,0.0,Partly Cloudy
2025-06-05,3:00 AM,65.1,60.4,85,S,5.3,8.9,29.22,0.0,Cloudy
2025-06-05,4:00 AM,64.2,60.5,88,S,5.6,9.8,29.21,0.0,Partly Cloudy
2025-06-05,5:00 AM,63.2,60.1,89,S,6.7,12.1,29.22,0.0,Fair
2025-06-05,6:00 AM,62.9,59.9,90,SSW,6.0,12.1,29.22,0.0,Fair
2025-06-05,7:00 AM,64.5,60.7,88,SSW,6.2,11.2,29.24,0.0,Fair
2025-06-05,8:00 AM,68.3,62.4,82,SSW,4.8,11.4,29.25,0.0,Fair
2025-06-05,9:00 AM,72.1,64.6,77,S,4.5,11.9,29.26,0.0,Fair
2025-06-05,10:00 AM,76.6,65.8,69,S,4.6,12.8,29.25,0.0,Fair
2025-06-05,11:00 AM,80.5,63.7,57,SSW,5.0,13.9,29.24,0.0,Fair
2025-06-05,12:00 PM,82.3,61.3,49,SSW,4.8,14.1,29.23,0.0,Cloudy
2025-06-05,1:00 PM,83.5,61.3,47,S,4.7,14.3,29.22,0.0,Cloudy
2025-06-05,2:00 PM,79.0,62.5,57,SSW,6.7,17.0,29.2,0.008,Light Drizzle
2025-06-05,3:00 PM,71.2,67.5,88,W,5.9,17.2,29.21,0.276,Rain
2025-06-05,4:00 PM,71.0,68.6,92,NE,1.2,13.6,29.19,0.031,Drizzle
2025-06-05,5:00 PM,74.1,68.5,83,NNE,0.8,7.4,29.17,0.004,Light Drizzle
2025-06-05,6:00 PM,74.5,70.1,86,ENE,0.8,6.5,29.16,0.0,Cloudy
2025-06-05,7:00 PM,70.6,69.4,96,W,2.9,9.8,29.17,0.098,Rain
2025-06-05,8:00 PM,69.9,68.4,95,SW,1.3,4.7,29.18,0.051,Light Rain
2025-06-05,9:00 PM,68.7,67.7,97,SE,4.9,9.2,29.19,0.012,Light Drizzle
2025-06-05,10:00 PM,67.9,67.1,97,SE,3.3,8.9,29.18,0.0,Cloudy
2025-06-05,11:00 PM,67.4,66.5,97,SE,4.2,7.6,29.17,0.0,Cloudy
2025-06-06,12:00 AM,65.4,64.6,97,ESE,2.4,7.2,29.16,0.0,Cloudy
2025-06-06,1:00 AM,64.9,64.3,98,S,1.9,3.6,29.16,0.0,Cloudy
2025-06-06,2:00 AM,64.3,64.1,99,S,3.1,4.9,29.15,0.0,Cloudy
2025-06-06,3:00 AM,64.6,64.4,99,SW,3.8,6.7,29.15,0.0,Cloudy
2025-06-06,4:00 AM,63.8,63.7,100,SSW,2.7,6.5,29.14,0.0,Cloudy
2025-06-06,5:00 AM,63.2,63.2,100,SSW,2.8,4.9,29.13,0.0,Cloudy
2025-06-06,6:00 AM,62.8,62.7,100,WSW,2.7,5.6,29.13,0.016,Light Drizzle
2025-06-06,7:00 AM,63.8,63.4,99,WNW,1.7,10.7,29.15,0.079,Light Rain
2025-06-06,8:00 AM,65.6,64.5,96,W,3.0,7.8,29.17,0.193,Rain
2025-06-06,9:00 AM,68.5,65.1,89,S,3.5,11.6,29.15,0.059,Light Rain
2025-06-06,10:00 AM,71.9,66.6,83,SSW,4.4,11.2,29.14,0.004,Light Drizzle
2025-06-06,11:00 AM,73.1,66.7,80,SSW,6.6,17.4,29.15,0.016,Light Drizzle
2025-06-06,12:00 PM,73.9,66.7,78,SW,8.1,18.6,29.13,0.004,Light Drizzle
2025-06-06,1:00 PM,76.9,67.6,73,SW,7.4,19.7,29.12,0.004,Light Drizzle
2025-06-06,2:00 PM,79.3,68.5,70,SW,8.0,20.1,29.09,0.004,Light Drizzle
2025-06-06,3:00 PM,80.0,68.2,67,SW,9.0,22.4,29.07,0.004,Light Drizzle
2025-06-06,4:00 PM,79.5,66.7,65,WSW,9.3,22.4,29.04,0.004,Light Drizzle
2025-06-06,5:00 PM,75.4,66.9,75,W,8.5,22.1,29.04,0.028,Drizzle
2025-06-06,6:00 PM,74.4,66.7,77,WNW,6.7,17.7,29.04,0.063,Light Rain
2025-06-06,7:00 PM,72.4,67.6,85,WNW,3.3,14.3,29.03,0.02,Drizzle
2025-06-06,8:00 PM,71.0,67.6,89,WNW,3.5,7.4,29.04,0.0,Cloudy
2025-06-06,9:00 PM,66.3,64.9,95,E,2.2,6.7,29.03,0.031,Drizzle
2025-06-06,10:00 PM,65.7,65.1,98,SSW,1.6,4.0,29.04,0.0,Cloudy
2025-06-06,11:00 PM,65.1,64.8,99,SSW,0.9,2.9,29.04,0.0,Cloudy
2025-06-07,12:00 AM,65.3,65.1,99,SW,3.2,5.4,29.04,0.0,Cloudy
2025-06-07,1:00 AM,65.2,64.9,99,W,3.4,5.8,29.03,0.0,Cloudy
2025-06-07,2:00 AM,64.9,64.4,98,W,3.8,6.5,29.02,0.0,Cloudy
2025-06-07,3:00 AM,64.9,64.6,99,WNW,4.8,8.9,29.02,0.008,Light Drizzle
2025-06-07,4:00 AM,64.7,64.6,100,WNW,3.4,8.7,29.0,0.012,Light Drizzle
2025-06-07,5:00 AM,64.5,64.5,100,NW,3.6,6.9,29.0,0.012,Light Drizzle
2025-06-07,6:00 AM,64.4,64.3,100,NNW,4.0,6.9,29.0,0.016,Light Drizzle
2025-06-07,7:00 AM,64.0,63.4,98,NNW,6.1,11.6,29.02,0.0,Cloudy
2025-06-07,8:00 AM,64.1,63.2,97,NNW,4.5,11.9,29.03,0.0,Cloudy
2025-06-07,9:00 AM,64.3,62.2,93,N,4.8,11.4,29.04,0.0,Cloudy
2025-06-07,10:00 AM,68.5,62.9,82,N,6.4,15.2,29.05,0.0,Cloudy
2025-06-07,11:00 AM,71.3,62.0,72,N,4.9,15.9,29.05,0.0,Fair
2025-06-07,12:00 PM,74.0,60.4,63,NNW,5.1,14.3,29.04,0.0,Fair
2025-06-07,1:00 PM,76.3,59.3,56,N,6.1,16.6,29.03,0.0,Fair
2025-06-07,2:00 PM,78.0,58.0,50,NNW,6.3,16.8,29.01,0.0,Cloudy
2025-06-07,3:00 PM,78.3,57.2,48,NNW,6.2,16.3,29.01,0.0,Cloudy
2025-06-07,4:00 PM,77.1,56.7,49,NNW,6.4,15.9,29.01,0.0,Cloudy
2025-06-07,5:00 PM,77.0,56.3,49,NNW,6.1,15.2,28.99,0.0,Cloudy
2025-06-07,6:00 PM,76.2,56.7,51,NNW,6.5,14.3,28.97,0.0,Cloudy
2025-06-07,7:00 PM,73.9,59.8,62,N,5.8,13.9,28.98,0.0,Cloudy
2025-06-07,8:00 PM,70.9,59.7,68,N,5.3,11.4,29.0,0.0,Cloudy
2025-06-07,9:00 PM,69.1,60.7,75,N,3.2,10.1,29.0,0.0,Cloudy
2025-06-07,10:00 PM,67.8,60.4,77,N,3.7,6.3,29.0,0.0,Cloudy
2025-06-07,11:00 PM,67.2,60.1,78,NNE,4.1,6.7,29.0,0.0,Cloudy
2025-06-08,12:00 AM,66.2,59.9,80,NNE,3.5,7.4,28.99,0.0,Cloudy
2025-06-08,1:00 AM,65.2,59.7,82,NE,3.0,5.8,28.97,0.0,Cloudy
2025-06-08,2:00 AM,64.8,59.6,83,ENE,2.8,5.4,28.95,0.0,Cloudy
2025-06-08,3:00 AM,64.2,59.6,85,ENE,4.2,7.4,28.94,0.0,Cloudy
2025-06-08,4:00 AM,63.6,60.1,88,ENE,5.0,8.7,28.92,0.0,Cloudy
2025-06-08,5:00 AM,63.5,60.4,89,ENE,5.3,10.3,28.91,0.0,Cloudy
2025-06-08,6:00 AM,63.3,60.6,91,E,3.8,9.6,28.91,0.004,Light Drizzle
2025-06-08,7:00 AM,63.6,61.3,92,ESE,2.3,10.1,28.92,0.039,Drizzle
2025-06-08,8:00 AM,63.1,62.2,97,NE,2.6,4.9,28.92,0.098,Rain
2025-06-08,9:00 AM,66.5,64.9,95,E,6.8,13.4,28.88,0.024,Drizzle
2025-06-08,10:00 AM,66.2,64.2,93,ESE,8.4,17.0,28.87,0.008,Light Drizzle
2025-06-08,11:00 AM,65.8,64.6,96,SE,8.4,19.2,28.85,0.122,Rain
2025-06-08,12:00 PM,68.3,66.8,95,SSE,7.1,20.4,28.84,0.094,Light Rain
2025-06-08,1:00 PM,69.3,66.3,90,S,7.4,17.7,28.84,0.181,Rain
2025-06-08,2:00 PM,70.9,67.7,90,SW,8.4,23.7,28.83,0.02,Drizzle
2025-06-08,3:00 PM,72.2,66.7,83,SW,8.0,24.8,28.82,0.02,Drizzle
2025-06-08,4:00 PM,68.4,65.3,90,WSW,8.2,20.4,28.82,0.091,Light Rain
2025-06-08,5:00 PM,70.9,66.0,85,WSW,8.5,21.9,28.82,0.008,Light Drizzle
2025-06-08,6:00 PM,69.2,65.0,87,WSW,7.7,19.9,28.82,0.008,Light Drizzle
2025-06-08,7:00 PM,69.5,65.0,86,W,6.0,16.8,28.84,0.004,Light Drizzle
2025-06-08,8:00 PM,68.3,64.6,88,NW,6.5,13.4,28.86,0.0,Fair
2025-06-08,9:00 PM,64.3,62.0,92,WNW,4.4,11.2,28.89,0.0,Fair
2025-06-08,10:00 PM,63.1,60.9,93,W,3.6,7.8,28.92,0.0,Fair
2025-06-08,11:00 PM,62.0,60.3,94,WSW,3.1,6.7,28.92,0.0,Fair
2025-06-09,12:00 AM,60.8,59.7,96,SSW,3.1,5.6,28.92,0.0,Fair
2025-06-09,1:00 AM,61.0,60.4,98,SSW,3.9,6.5,28.92,0.0,Fair
2025-06-09,2:00 AM,61.3,60.8,98,SSW,5.2,9.2,28.93,0.0,Fair
2025-06-09,3:00 AM,61.2,60.7,98,SSW,5.9,10.5,28.94,0.0,Fair
2025-06-09,4:00 AM,61.1,60.5,98,SW,6.2,11.6,28.95,0.0,Fair
2025-06-09,5:00 AM,60.9,60.3,98,SW,5.9,11.6,28.95,0.0,Fair
2025-06-09,6:00 AM,60.6,60.0,98,SW,5.9,11.0,28.96,0.0,Fair
2025-06-09,7:00 AM,61.9,61.0,97,SSW,5.5,11.0,28.97,0.0,Fair
2025-06-09,8:00 AM,64.9,63.4,95,SSW,4.5,10.3,28.99,0.0,Fair
2025-06-09,9:00 AM,68.3,64.7,88,SW,8.3,16.6,29.0,0.0,Cloudy
2025-06-09,10:00 AM,70.3,64.9,83,SW,10.1,21.3,29.0,0.004,Light Drizzle
2025-06-09,11:00 AM,71.8,65.8,81,SW,9.2,25.3,28.99,0.004,Light Drizzle
2025-06-09,12:00 PM,74.2,64.9,73,SW,8.1,23.5,28.98,0.004,Light Drizzle
2025-06-09,1:00 PM,76.2,65.9,71,SSW,9.2,23.9,28.98,0.004,Light Drizzle
2025-06-09,2:00 PM,77.0,64.3,65,SSW,10.9,26.2,28.96,0.008,Light Drizzle
2025-06-09,3:00 PM,70.2,65.2,84,WSW,10.3,30.4,28.97,0.303,Heavy Rain
2025-06-09,4:00 PM,67.2,66.0,96,SSW,8.4,24.2,28.97,0.134,Rain
2025-06-09,5:00 PM,68.9,66.7,93,SSW,7.6,17.9,28.94,0.004,Light Drizzle
2025-06-09,6:00 PM,70.0,66.7,89,S,6.7,19.2,28.93,0.0,Cloudy
2025-06-09,7:00 PM,68.8,66.0,91,SW,5.5,15.0,28.93,0.016,Light Drizzle
2025-06-09,8:00 PM,67.4,64.9,92,SW,6.7,12.8,28.94,0.024,Drizzle
2025-06-09,9:00 PM,66.7,63.5,89,SW,7.0,16.8,28.95,0.004,Light Drizzle
2025-06-09,10:00 PM,65.6,63.0,91,SW,6.3,13.4,28.96,0.0,Cloudy
2025-06-09,11:00 PM,64.2,62.0,92,SW,5.9,16.1,28.97,0.051,Light Rain
2025-06-10,12:00 AM,63.0,61.8,96,SSW,6.2,11.2,28.98,0.008,Light Drizzle
2025-06-10,1:00 AM,63.2,62.3,97,SW,7.1,13.2,28.98,0.0,Cloudy
2025-06-10,2:00 AM,63.0,62.2,97,SW,6.9,13.4,28.98,0.0,Cloudy
2025-06-10,3:00 AM,62.7,62.1,98,SW,6.6,13.0,28.97,0.0,Fair
2025-06-10,4:00 AM,61.9,61.4,98,SW,6.1,12.5,28.98,0.0,Fair
2025-06-10,5:00 AM,60.8,60.4,99,SW,5.8,11.6,29.0,0.0,Fair
2025-06-10,6:00 AM,60.4,60.1,99,SW,5.1,11.0,29.02,0.0,Partly Cloudy
2025-06-10,7:00 AM,61.3,60.6,98,WSW,6.2,11.6,29.03,0.0,Cloudy
2025-06-10,8:00 AM,62.1,60.8,96,WSW,6.2,14.8,29.06,0.0,Cloudy
2025-06-10,9:00 AM,65.4,61.1,86,WSW,7.4,22.8,29.07,0.0,Fair
2025-06-10,10:00 AM,67.6,61.0,79,WSW,6.8,22.6,29.08,0.0,Fair
2025-06-10,11:00 AM,69.3,58.6,69,W,8.0,24.2,29.08,0.0,Fair
2025-06-10,12:00 PM,69.9,57.4,65,W,9.3,21.7,29.1,0.004,Light Drizzle
2025-06-10,1:00 PM,70.3,57.1,63,W,10.0,23.5,29.11,0.004,Light Drizzle
2025-06-10,2:00 PM,71.3,55.9,58,W,10.5,24.2,29.1,0.004,Light Drizzle
2025-06-10,3:00 PM,72.6,54.1,52,W,10.2,24.2,29.1,0.0,Fair
2025-06-10,4:00 PM,73.0,53.1,50,W,10.4,23.7,29.1,0.0,Fair
2025-06-10,5:00 PM,72.4,52.5,50,W,10.3,25.7,29.11,0.0,Fair
2025-06-10,6:00 PM,70.9,52.1,51,WNW,9.1,24.2,29.12,0.0,Fair
2025-06-10,7:00 PM,69.4,54.3,59,W,6.2,19.7,29.13,0.0,Fair
2025-06-10,8:00 PM,66.9,54.8,65,W,5.3,12.3,29.15,0.0,Fair
2025-06-10,9:00 PM,65.2,55.0,70,WNW,4.5,9.6,29.16,0.0,Fair
2025-06-10,10:00 PM,63.7,53.8,70,W,4.4,7.8,29.18,0.0,Fair
2025-06-10,11:00 PM,61.8,52.9,73,WSW,3.9,7.8,29.2,0.0,Fair
2025-06-11,12:00 AM,60.4,51.9,74,SW,4.8,8.5,29.21,0.0,Fair
2025-06-11,1:00 AM,59.4,51.6,76,SW,5.1,9.2,29.22,0.0,Fair
2025-06-11,2:00 AM,58.9,52.3,79,SW,5.2,9.2,29.22,0.0,Fair
2025-06-11,3:00 AM,58.5,52.8,81,SW,4.9,9.4,29.22,0.0,Fair
2025-06-11,4:00 AM,57.8,52.4,82,SW,4.5,8.7,29.23,0.0,Fair
2025-06-11,5:00 AM,57.0,52.1,83,SW,4.0,8.1,29.24,0.0,Fair
2025-06-11,6:00 AM,56.3,51.7,85,SW,4.0,7.2,29.26,0.0,Fair
2025-06-11,7:00 AM,57.6,52.7,84,SW,4.7,8.3,29.27,0.0,Fair
2025-06-11,8:00 AM,61.1,55.5,82,SW,3.4,8.7,29.29,0.0,Fair
2025-06-11,9:00 AM,65.3,57.4,76,SSW,3.8,10.1,29.31,0.0,Fair
2025-06-11,10:00 AM,69.7,58.8,68,SW,4.8,13.0,29.31,0.0,Fair
2025-06-11,11:00 AM,73.2,57.6,58,SW,6.4,16.1,29.31,0.0,Fair
2025-06-11,12:00 PM,75.1,56.2,52,SW,7.2,18.1,29.31,0.0,Fair
2025-06-11,1:00 PM,76.4,56.6,50,SW,7.8,19.2,29.31,0.0,Fair
2025-06-11,2:00 PM,77.5,57.0,49,SW,8.2,20.1,29.3,0.0,Fair
2025-06-11,3:00 PM,78.4,57.6,49,SW,8.2,20.1,29.28,0.0,Fair
2025-06-11,4:00 PM,79.1,58.4,49,SW,8.3,19.7,29.27,0.0,Fair
2025-06-11,5:00 PM,79.1,58.8,50,SW,8.5,19.5,29.26,0.0,Fair
2025-06-11,6:00 PM,78.3,59.6,53,SW,8.1,19.0,29.25,0.0,Fair
2025-06-11,7:00 PM,76.5,62.0,61,SW,6.7,17.0,29.25,0.0,Partly Cloudy
2025-06-11,8:00 PM,73.2,62.8,70,SW,5.9,13.2,29.25,0.0,Cloudy
2025-06-11,9:00 PM,70.7,61.3,72,SSW,7.4,13.4,29.24,0.0,Cloudy
2025-06-11,10:00 PM,68.9,60.1,73,SW,7.5,14.5,29.26,0.0,Partly Cloudy
2025-06-11,11:00 PM,67.4,59.0,75,SW,7.1,14.1,29.27,0.0,Partly Cloudy
2025-06-12,12:00 AM,66.3,58.4,76,SW,7.0,13.4,29.28,0.0,Fair
2025-06-12,1:00 AM,65.4,58.0,77,SW,6.6,13.0,29.28,0.0,Fair
2025-06-12,2:00 AM,64.7,57.7,78,SW,6.4,12.3,29.28,0.0,Partly Cloudy
2025-06-12,3:00 AM,64.0,57.5,79,SW,6.2,11.6,29.28,0.0,Fair
2025-06-12,4:00 AM,63.1,57.2,81,SW,6.2,11.4,29.27,0.0,Fair
2025-06-12,5:00 AM,62.4,56.9,82,SW,5.3,11.2,29.26,0.0,Fair
2025-06-12,6:00 AM,61.7,56.8,84,SW,4.9,9.2,29.27,0.0,Fair
2025-06-12,7:00 AM,62.7,57.9,84,SW,5.1,9.4,29.28,0.0,Cloudy
2025-06-12,8:00 AM,65.9,60.5,83,SSW,2.5,9.2,29.3,0.0,Cloudy
2025-06-12,9:00 AM,70.3,62.6,76,SSW,3.7,10.1,29.3,0.0,Cloudy
2025-06-12,10:00 AM,73.9,63.8,71,SW,4.5,12.3,29.3,0.0,Cloudy
2025-06-12,11:00 AM,76.9,64.6,66,WSW,4.3,12.3,29.3,0.0,Cloudy
2025-06-12,12:00 PM,79.7,64.8,60,WSW,4.2,12.8,29.3,0.0,Cloudy
2025-06-12,1:00 PM,81.7,64.1,55,WSW,5.0,13.9,29.29,0.0,Cloudy
2025-06-12,2:00 PM,83.0,63.9,52,WSW,4.5,14.1,29.27,0.0,Partly Cloudy
2025-06-12,3:00 PM,83.9,62.7,49,WSW,4.4,13.0,29.25,0.0,Partly Cloudy
2025-06-12,4:00 PM,84.5,61.7,46,WSW,4.8,12.8,29.24,0.0,Partly Cloudy
2025-06-12,5:00 PM,84.4,61.0,45,WSW,4.6,13.0,29.23,0.0,Cloudy
2025-06-12,6:00 PM,83.3,61.5,48,W,4.0,11.4,29.22,0.0,Cloudy
2025-06-12,7:00 PM,80.8,67.7,65,SW,2.0,8.7,29.21,0.0,Cloudy
2025-06-12,8:00 PM,77.6,70.0,77,WSW,1.3,4.3,29.21,0.0,Cloudy
2025-06-12,9:00 PM,73.3,71.7,95,SSW,0.6,2.0,29.22,0.0,Cloudy
2025-06-12,10:00 PM,72.8,68.9,88,SSW,4.7,8.3,29.23,0.0,Cloudy
2025-06-12,11:00 PM,72.0,64.6,78,SSW,2.6,7.6,29.23,0.0,Cloudy
2025-06-13,12:00 AM,70.9,63.2,77,S,2.5,4.0,29.23,0.0,Cloudy
2025-06-13,1:00 AM,70.2,62.2,76,SSW,4.4,7.6,29.22,0.0,Cloudy
2025-06-13,2:00 AM,68.0,63.2,85,W,2.8,7.6,29.22,0.0,Cloudy
2025-06-13,3:00 AM,67.7,63.6,87,NNW,0.9,4.7,29.22,0.0,Cloudy
2025-06-13,4:00 AM,67.4,63.6,88,SSE,0.4,1.8,29.21,0.0,Cloudy
2025-06-13,5:00 AM,65.6,62.5,90,SSE,1.0,1.8,29.2,0.0,Cloudy
2025-06-13,6:00 AM,65.6,62.8,91,SSE,0.8,2.9,29.21,0.0,Cloudy
2025-06-13,7:00 AM,66.4,63.8,91,NNW,2.1,3.6,29.23,0.0,Cloudy
2025-06-13,8:00 AM,68.4,65.1,89,N,1.6,6.0,29.24,0.0,Cloudy
2025-06-13,9:00 AM,71.5,65.8,82,S,1.8,5.8,29.24,0.0,Cloudy
2025-06-13,10:00 AM,74.3,66.6,77,SE,2.6,7.8,29.24,0.0,Cloudy
2025-06-13,11:00 AM,77.4,66.1,68,S,3.8,10.7,29.24,0.0,Cloudy
2025-06-13,12:00 PM,79.8,64.4,59,SSW,5.2,13.6,29.23,0.0,Cloudy
2025-06-13,1:00 PM,81.2,63.6,55,SW,4.1,13.6,29.22,0.0,Cloudy
2025-06-13,2:00 PM,82.1,62.9,52,SSW,4.7,13.0,29.21,0.0,Cloudy
2025-06-13,3:00 PM,81.8,61.6,51,SSW,4.6,13.0,29.2,0.0,Cloudy
2025-06-13,4:00 PM,82.0,61.2,49,WSW,4.0,11.6,29.18,0.0,Cloudy
2025-06-13,5:00 PM,81.9,61.0,49,WNW,5.5,12.8,29.17,0.0,Cloudy
2025-06-13,6:00 PM,81.1,63.0,54,NNW,4.3,13.0,29.17,0.0,Cloudy
2025-06-13,7:00 PM,76.5,65.6,69,NNE,6.0,11.2,29.18,0.0,Cloudy
2025-06-13,8:00 PM,73.8,66.7,78,NNE,6.0,11.4,29.18,0.0,Cloudy
2025-06-13,9:00 PM,70.0,66.9,90,SSE,4.5,14.5,29.2,0.075,Light Rain
2025-06-13,10:00 PM,69.2,68.6,98,SSE,4.4,8.7,29.19,0.067,Light Rain
2025-06-13,11:00 PM,68.5,68.1,99,ESE,2.3,8.5,29.19,0.035,Drizzle
2025-06-14,12:00 AM,67.9,67.5,98,SE,3.2,6.5,29.19,0.012,Light Drizzle
2025-06-14,1:00 AM,67.6,66.9,98,SE,2.6,6.0,29.18,0.0,Cloudy
2025-06-14,2:00 AM,67.4,67.1,99,SSE,2.4,4.7,29.17,0.008,Light Drizzle
2025-06-14,3:00 AM,67.1,66.9,99,SSE,2.6,4.7,29.15,0.043,Drizzle
2025-06-14,4:00 AM,66.9,66.7,99,S,2.7,5.8,29.15,0.024,Drizzle
2025-06-14,5:00 AM,66.9,66.7,99,S,2.4,5.4,29.15,0.047,Drizzle
2025-06-14,6:00 AM,67.0,66.8,99,SSW,2.5,4.7,29.15,0.043,Drizzle
2025-06-14,7:00 AM,67.5,67.4,100,SSW,4.2,7.4,29.17,0.055,Light Rain
2025-06-14,8:00 AM,67.6,67.3,99,SSW,4.2,9.6,29.18,0.051,Light Rain
2025-06-14,9:00 AM,67.8,67.3,98,WSW,5.2,12.3,29.19,0.134,Rain
2025-06-14,10:00 AM,67.9,67.3,98,WSW,4.8,10.3,29.19,0.051,Light Rain
2025-06-14,11:00 AM,69.4,67.1,92,WSW,5.9,12.3,29.19,0.012,Light Drizzle
2025-06-14,12:00 PM,72.6,68.8,88,WSW,4.6,15.9,29.19,0.004,Light Drizzle
2025-06-14,1:00 PM,76.5,69.3,78,WSW,5.8,17.9,29.18,0.004,Light Drizzle
2025-06-14,2:00 PM,78.0,68.5,73,WSW,6.5,18.3,29.17,0.004,Light Drizzle
2025-06-14,3:00 PM,77.8,67.8,71,WSW,5.6,18.8,29.15,0.004,Light Drizzle
2025-06-14,4:00 PM,74.7,67.4,78,WSW,7.2,20.1,29.15,0.024,Drizzle
2025-06-14,5:00 PM,76.0,68.8,78,W,4.4,15.9,29.14,0.004,Light Drizzle
2025-06-14,6:00 PM,76.6,69.4,78,WNW,3.0,13.2,29.14,0.0,Cloudy
2025-06-14,7:00 PM,74.4,69.5,85,W,1.5,11.2,29.14,0.004,Light Drizzle
2025-06-14,8:00 PM,72.5,69.6,91,ENE,2.8,6.0,29.16,0.024,Drizzle
2025-06-14,9:00 PM,68.9,68.1,97,NE,1.4,4.9,29.16,0.0,Cloudy
2025-06-14,10:00 PM,68.0,67.6,98,S,2.1,3.4,29.17,0.0,Cloudy
2025-06-14,11:00 PM,66.8,66.7,99,S,1.7,3.8,29.18,0.0,Cloudy
2025-06-15,12:00 AM,66.0,66.0,100,S,2.5,3.8,29.18,0.0,Cloudy
2025-06-15,1:00 AM,65.8,65.8,100,S,2.4,4.3,29.18,0.0,Cloudy
2025-06-15,2:00 AM,65.3,65.3,100,SSE,1.4,3.8,29.18,0.0,Cloudy
2025-06-15,3:00 AM,64.9,64.9,100,S,0.7,3.1,29.18,0.0,Cloudy
2025-06-15,4:00 AM,64.8,64.8,100,W,0.0,1.6,29.18,0.0,Cloudy
2025-06-15,5:00 AM,64.8,64.8,100,NE,0.6,0.9,29.17,0.0,Cloudy
2025-06-15,6:00 AM,64.7,64.7,100,ENE,0.8,1.1,29.19,0.0,Cloudy
2025-06-15,7:00 AM,65.7,65.6,100,NE,2.3,6.0,29.2,0.0,Cloudy
2025-06-15,8:00 AM,66.7,66.4,99,NE,2.1,6.7,29.21,0.0,Cloudy
2025-06-15,9:00 AM,69.0,67.8,96,SE,3.9,13.6,29.22,0.075,Light Rain
2025-06-15,10:00 AM,70.2,68.1,93,SE,1.4,10.3,29.22,0.024,Drizzle
2025-06-15,11:00 AM,73.5,68.1,83,E,1.7,8.5,29.22,0.004,Light Drizzle
2025-06-15,12:00 PM,75.8,69.8,82,NE,1.8,8.5,29.21,0.004,Light Drizzle
2025-06-15,1:00 PM,77.1,69.7,78,ENE,1.4,9.4,29.21,0.004,Light Drizzle
2025-06-15,2:00 PM,78.5,69.4,74,NNE,1.7,8.1,29.19,0.004,Light Drizzle
2025-06-15,3:00 PM,75.3,69.7,83,ENE,4.6,11.0,29.18,0.091,Light Rain
2025-06-15,4:00 PM,74.8,70.1,85,ENE,2.2,13.0,29.18,0.051,Light Rain
2025-06-15,5:00 PM,76.8,71.6,84,SE,2.2,8.7,29.17,0.008,Light Drizzle
2025-06-15,6:00 PM,76.0,69.3,80,SSE,0.8,11.0,29.16,0.087,Light Rain
2025-06-15,7:00 PM,72.0,69.3,91,NNE,5.0,10.3,29.17,0.122,Rain
2025-06-15,8:00 PM,71.2,69.5,95,ENE,5.2,11.6,29.18,0.004,Light Drizzle
2025-06-15,9:00 PM,69.2,68.5,98,NNE,3.8,8.9,29.18,0.016,Light Drizzle
2025-06-15,10:00 PM,67.8,67.6,99,ENE,3.1,6.7,29.19,0.0,Cloudy
2025-06-15,11:00 PM,67.6,67.4,99,NE,5.2,9.4,29.21,0.0,Cloudy
2025-06-16,12:00 AM,67.5,67.0,98,ENE,6.8,13.0,29.2,0.0,Cloudy
2025-06-16,1:00 AM,66.7,66.0,98,E,7.6,14.1,29.2,0.0,Cloudy
2025-06-16,2:00 AM,65.2,64.5,98,E,6.9,14.3,29.19,0.0,Cloudy
2025-06-16,3:00 AM,64.2,63.6,98,ENE,4.9,12.8,29.18,0.0,Cloudy
2025-06-16,4:00 AM,63.7,63.1,98,ENE,4.6,8.9,29.19,0.0,Cloudy
2025-06-16,5:00 AM,63.8,63.2,98,NE,5.0,9.2,29.19,0.0,Cloudy
2025-06-16,6:00 AM,64.0,63.2,98,ENE,5.6,10.5,29.2,0.0,Cloudy
2025-06-16,7:00 AM,64.4,63.4,97,E,5.4,11.0,29.21,0.0,Cloudy
2025-06-16,8:00 AM,65.5,63.7,94,E,5.1,11.0,29.22,0.0,Cloudy
2025-06-16,9:00 AM,67.1,64.6,92,E,4.3,11.0,29.2,0.0,Cloudy
2025-06-16,10:00 AM,68.5,65.3,89,ESE,3.9,10.7,29.21,0.0,Cloudy
2025-06-16,11:00 AM,69.6,65.8,88,E,2.9,10.1,29.21,0.004,Light Drizzle
2025-06-16,12:00 PM,70.6,66.3,86,ESE,1.3,8.3,29.21,0.004,Light Drizzle
2025-06-16,1:00 PM,72.7,66.6,81,N,2.4,8.5,29.21,0.004,Light Drizzle
2025-06-16,2:00 PM,74.8,67.0,77,N,3.7,11.2,29.18,0.0,Cloudy
2025-06-16,3:00 PM,77.1,67.1,71,NNE,2.2,12.3,29.16,0.004,Light Drizzle
2025-06-16,4:00 PM,77.7,67.0,70,NE,1.0,9.2,29.14,0.004,Light Drizzle
2025-06-16,5:00 PM,77.6,67.5,71,SSW,0.4,6.7,29.13,0.004,Light Drizzle
2025-06-16,6:00 PM,76.3,68.2,76,NE,2.6,7.8,29.11,0.012,Light Drizzle
2025-06-16,7:00 PM,74.9,68.7,81,ESE,2.9,8.3,29.11,0.004,Light Drizzle
2025-06-16,8:00 PM,71.9,68.6,90,SSW,4.1,10.3,29.12,0.008,Light Drizzle
2025-06-16,9:00 PM,71.8,67.6,87,NE,4.6,7.8,29.13,0.0,Cloudy
2025-06-16,10:00 PM,70.7,67.4,89,ENE,4.3,8.3,29.14,0.0,Cloudy
2025-06-16,11:00 PM,70.0,67.4,91,ESE,4.5,8.1,29.13,0.0,Cloudy
2025-06-17,12:00 AM,69.4,67.8,95,SE,3.6,8.3,29.12,0.004,Light Drizzle
2025-06-17,1:00 AM,68.7,67.6,96,SE,4.0,7.8,29.12,0.0,Cloudy
2025-06-17,2:00 AM,68.8,67.7,96,S,3.0,6.9,29.13,0.0,Cloudy
2025-06-17,3:00 AM,68.6,67.8,97,SSW,3.3,6.5,29.12,0.02,Drizzle
2025-06-17,4:00 AM,68.4,67.8,98,S,3.9,6.5,29.11,0.02,Drizzle
2025-06-17,5:00 AM,68.4,68.0,99,S,4.4,8.7,29.1,0.0,Cloudy
2025-06-17,6:00 AM,68.3,67.9,99,S,4.6,8.7,29.09,0.0,Cloudy
2025-06-17,7:00 AM,68.5,67.9,98,S,4.4,8.7,29.1,0.0,Cloudy
2025-06-17,8:00 AM,70.0,68.2,94,SSW,5.3,12.1,29.11,0.0,Cloudy
2025-06-17,9:00 AM,72.2,70.0,93,SSW,9.0,19.7,29.12,0.0,Cloudy
2025-06-17,10:00 AM,74.2,69.9,86,SW,8.7,18.8,29.12,0.0,Cloudy
2025-06-17,11:00 AM,76.6,70.0,80,SSW,7.5,20.8,29.13,0.0,Cloudy
2025-06-17,12:00 PM,78.0,70.2,77,SW,7.8,20.4,29.12,0.0,Cloudy
2025-06-17,1:00 PM,78.2,69.4,74,SW,8.2,21.9,29.11,0.004,Light Drizzle
2025-06-17,2:00 PM,75.4,69.4,82,SW,10.0,21.9,29.08,0.063,Light Rain
2025-06-17,3:00 PM,78.4,70.8,78,SW,7.2,19.9,29.08,0.004,Light Drizzle
2025-06-17,4:00 PM,77.6,69.7,77,WSW,9.1,22.6,29.07,0.091,Light Rain
2025-06-17,5:00 PM,72.5,69.7,91,WSW,4.8,21.7,29.08,0.272,Rain
2025-06-17,6:00 PM,73.6,70.8,91,SSW,3.3,10.7,29.05,0.004,Light Drizzle
2025-06-17,7:00 PM,73.6,71.3,93,SSW,6.7,13.2,29.07,0.02,Drizzle
2025-06-17,8:00 PM,72.2,70.8,95,S,5.2,13.4,29.07,0.004,Light Drizzle
2025-06-17,9:00 PM,72.2,71.3,97,SSW,6.4,11.2,29.08,0.0,Cloudy
2025-06-17,10:00 PM,71.9,71.1,97,SSW,7.3,13.6,29.08,0.004,Light Drizzle
2025-06-17,11:00 PM,71.5,70.6,97,SSW,8.0,15.0,29.08,0.004,Light Drizzle
2025-06-18,12:00 AM,71.1,70.2,97,SSW,7.6,15.2,29.08,0.0,Cloudy
2025-06-18,1:00 AM,70.5,69.4,96,SW,6.8,14.3,29.08,0.0,Cloudy
2025-06-18,2:00 AM,69.8,68.6,96,SSW,7.2,13.6,29.09,0.0,Cloudy
2025-06-18,3:00 AM,69.4,68.3,96,SW,8.3,15.7,29.08,0.004,Light Drizzle
2025-06-18,4:00 AM,69.2,68.2,97,SSW,7.5,15.9,29.07,0.004,Light Drizzle
2025-06-18,5:00 AM,68.6,67.9,98,SW,7.6,14.3,29.06,0.0,Fair
2025-06-18,6:00 AM,68.1,67.6,98,SW,6.5,14.3,29.08,0.0,Fair
2025-06-18,7:00 AM,68.8,68.1,98,SW,7.2,13.9,29.09,0.0,Cloudy
2025-06-18,8:00 AM,69.6,68.5,96,SW,7.5,14.3,29.1,0.0,Cloudy
2025-06-18,9:00 AM,71.3,70.7,98,SW,4.7,11.9,29.11,0.004,Light Drizzle
2025-06-18,10:00 AM,74.1,71.2,91,SW,5.6,14.1,29.11,0.004,Light Drizzle
2025-06-18,11:00 AM,74.8,71.2,89,WSW,7.2,18.1,29.11,0.008,Light Drizzle
2025-06-18,12:00 PM,75.4,70.2,84,SW,7.3,20.1,29.12,0.008,Light Drizzle
2025-06-18,1:00 PM,78.4,70.3,76,SW,7.7,19.5,29.11,0.0,Cloudy
2025-06-18,2:00 PM,80.3,69.8,70,WSW,9.6,23.5,29.1,0.004,Light Drizzle
2025-06-18,3:00 PM,77.0,69.4,77,WSW,8.9,23.0,29.1,0.028,Drizzle
2025-06-18,4:00 PM,79.2,70.2,74,WSW,9.5,23.5,29.08,0.004,Light Drizzle
2025-06-18,5:00 PM,80.1,70.8,73,WSW,7.7,22.6,29.07,0.0,Fair
2025-06-18,6:00 PM,79.5,71.2,76,SW,7.1,22.6,29.06,0.004,Light Drizzle
2025-06-18,7:00 PM,79.0,71.9,79,SW,5.4,19.9,29.05,0.004,Light Drizzle
2025-06-18,8:00 PM,77.6,72.3,84,SSW,5.7,10.7,29.06,0.004,Light Drizzle
2025-06-18,9:00 PM,70.4,70.3,100,SE,4.0,6.7,29.05,0.0,Fair
2025-06-18,10:00 PM,69.8,68.7,96,WSW,4.5,10.5,29.07,0.083,Light Rain
2025-06-18,11:00 PM,70.0,68.9,96,SSW,10.5,20.6,29.07,0.012,Light Drizzle
2025-06-19,12:00 AM,68.8,67.8,97,SSW,7.8,20.6,29.05,0.0,Fair
2025-06-19,1:00 AM,69.0,67.8,96,SSW,8.8,16.8,29.04,0.0,Fair
2025-06-19,2:00 AM,70.0,68.7,96,SSW,10.1,19.2,29.03,0.0,Fair
2025-06-19,3:00 AM,70.7,69.2,95,SSW,11.6,23.3,29.01,0.0,Fair
2025-06-19,4:00 AM,69.9,68.5,95,SW,11.9,25.3,29.01,0.0,Partly Cloudy
2025-06-19,5:00 AM,70.0,68.0,93,SW,12.5,24.8,29.02,0.004,Light Drizzle
2025-06-19,6:00 AM,69.6,67.8,94,SW,11.9,25.1,29.02,0.0,Cloudy
2025-06-19,7:00 AM,69.7,67.9,94,SW,11.0,24.8,29.03,0.0,Cloudy
2025-06-19,8:00 AM,70.0,68.3,94,SW,11.7,23.5,29.03,0.008,Light Drizzle
2025-06-19,9:00 AM,69.0,66.7,92,SW,12.5,25.5,29.03,0.0,Cloudy
2025-06-19,10:00 AM,71.2,66.3,85,SW,15.3,33.1,29.03,0.008,Light Drizzle
2025-06-19,11:00 AM,73.2,65.8,77,SW,13.3,38.0,29.02,0.004,Light Drizzle
2025-06-19,12:00 PM,75.7,65.8,71,SW,14.3,35.3,29.0,0.0,Partly Cloudy
2025-06-19,1:00 PM,75.6,65.1,70,SW,17.3,36.7,28.98,0.016,Light Drizzle
2025-06-19,2:00 PM,70.9,66.5,86,SW,12.2,37.1,28.98,0.028,Drizzle
2025-06-19,3:00 PM,75.1,67.6,78,SW,13.9,34.0,28.97,0.0,Cloudy
2025-06-19,4:00 PM,72.1,63.9,75,WSW,18.4,41.4,28.97,0.016,Light Drizzle
2025-06-19,5:00 PM,70.0,63.1,79,WNW,14.3,39.6,28.99,0.02,Drizzle
2025-06-19,6:00 PM,69.2,61.2,76,NW,15.8,36.2,29.02,0.012,Light Drizzle
2025-06-19,7:00 PM,67.0,58.8,75,NW,11.7,36.5,29.05,0.0,Fair
2025-06-19,8:00 PM,65.0,59.1,81,NW,8.9,24.4,29.09,0.0,Fair
2025-06-19,9:00 PM,63.3,59.5,87,WNW,6.6,20.1,29.13,0.0,Fair
2025-06-19,10:00 PM,62.2,59.3,90,W,5.4,13.0,29.15,0.0,Fair
2025-06-19,11:00 PM,61.4,58.9,91,WSW,5.0,10.1,29.16,0.0,Fair
2025-06-20,12:00 AM,60.8,58.6,92,WSW,6.1,11.0,29.16,0.0,Fair
2025-06-20,1:00 AM,60.3,58.1,93,SW,6.4,11.9,29.15,0.0,Fair
2025-06-20,2:00 AM,59.9,57.7,92,WSW,5.2,11.9,29.15,0.0,Partly Cloudy
2025-06-20,3:00 AM,60.7,57.7,90,SW,6.6,11.6,29.17,0.012,Light Drizzle
2025-06-20,4:00 AM,60.2,57.1,90,SW,6.6,13.6,29.17,0.02,Drizzle
2025-06-20,5:00 AM,59.5,57.6,93,SW,5.9,12.5,29.17,0.0,Fair
2025-06-20,6:00 AM,59.5,57.7,94,WSW,6.2,11.4,29.18,0.0,Fair
2025-06-20,7:00 AM,61.2,58.7,92,WSW,7.0,13.0,29.2,0.0,Fair
2025-06-20,8:00 AM,64.3,61.0,89,SW,5.6,13.6,29.21,0.0,Fair
2025-06-20,9:00 AM,67.0,61.4,82,SW,7.7,17.2,29.23,0.0,Fair
2025-06-20,10:00 AM,70.6,63.8,79,SW,7.7,18.1,29.24,0.0,Fair
2025-06-20,11:00 AM,74.0,64.9,73,WSW,7.8,21.3,29.24,0.0,Fair
2025-06-20,12:00 PM,76.8,63.0,62,W,7.9,23.0,29.24,0.004,Light Drizzle
2025-06-20,1:00 PM,78.3,61.6,57,W,8.2,23.5,29.23,0.004,Light Drizzle
2025-06-20,2:00 PM,78.8,60.5,54,W,8.6,21.7,29.23,0.004,Light Drizzle
2025-06-20,3:00 PM,79.5,61.1,53,W,7.8,21.7,29.24,0.0,Cloudy
2025-06-20,4:00 PM,79.1,61.4,55,W,7.2,19.7,29.23,0.0,Cloudy
2025-06-20,5:00 PM,78.6,62.3,57,WSW,6.4,17.4,29.21,0.0,Cloudy
2025-06-20,6:00 PM,78.3,64.2,62,W,5.2,15.9,29.23,0.0,Cloudy
2025-06-20,7:00 PM,75.5,67.2,76,WSW,2.6,12.1,29.24,0.0,Cloudy
2025-06-20,8:00 PM,73.0,68.5,86,SE,1.3,5.4,29.24,0.0,Cloudy
2025-06-20,9:00 PM,71.9,69.8,93,SSE,1.9,2.7,29.23,0.004,Light Drizzle
2025-06-20,10:00 PM,71.5,69.1,92,SSE,3.9,6.7,29.25,0.0,Fair
2025-06-20,11:00 PM,70.3,66.3,87,SSW,5.5,9.6,29.26,0.0,Fair
2025-06-21,12:00 AM,68.5,63.7,85,SSW,6.2,10.7,29.25,0.0,Fair
2025-06-21,1:00 AM,67.0,62.9,87,SSW,6.6,11.9,29.24,0.0,Fair
2025-06-21,2:00 AM,66.3,63.1,89,SSW,7.3,13.4,29.24,0.0,Fair
2025-06-21,3:00 AM,65.8,63.1,91,SSW,6.0,13.6,29.24,0.0,Fair
2025-06-21,4:00 AM,64.9,62.3,92,SW,3.4,11.0,29.25,0.0,Fair
2025-06-21,5:00 AM,64.6,62.1,92,SSW,3.4,6.3,29.28,0.0,Fair
2025-06-21,6:00 AM,64.3,61.9,92,SSW,4.5,7.8,29.29,0.0,Fair
2025-06-21,7:00 AM,65.3,63.0,92,S,5.2,9.4,29.3,0.0,Cloudy
2025-06-21,8:00 AM,68.1,65.1,90,S,3.7,9.4,29.31,0.0,Cloudy
2025-06-21,9:00 AM,72.1,68.4,88,S,4.3,11.0,29.32,0.0,Cloudy
2025-06-21,10:00 AM,75.6,69.4,81,SSW,4.4,11.9,29.32,0.0,Cloudy
2025-06-21,11:00 AM,78.2,69.6,75,SSW,5.4,13.6,29.32,0.0,Cloudy
2025-06-21,12:00 PM,80.8,67.4,64,SSW,7.4,17.4,29.32,0.0,Cloudy
2025-06-21,1:00 PM,82.3,66.0,58,SSW,8.4,19.7,29.31,0.0,Cloudy
2025-06-21,2:00 PM,83.5,65.8,55,SSW,8.2,20.4,29.29,0.0,Fair
2025-06-21,3:00 PM,84.4,66.2,55,SSW,7.1,19.2,29.29,0.0,Partly Cloudy
2025-06-21,4:00 PM,85.0,66.4,54,SSW,7.3,17.7,29.27,0.0,Fair
2025-06-21,5:00 PM,84.9,66.3,54,SSW,8.2,18.3,29.25,0.0,Cloudy
2025-06-21,6:00 PM,84.1,67.2,57,S,8.2,18.6,29.23,0.0,Cloudy
2025-06-21,7:00 PM,81.7,68.2,64,S,8.4,17.2,29.23,0.0,Cloudy
2025-06-21,8:00 PM,78.8,67.4,68,SSW,8.4,16.6,29.23,0.0,Fair
2025-06-21,9:00 PM,76.8,66.0,69,SSW,7.9,16.6,29.26,0.0,Fair
2025-06-21,10:00 PM,74.9,66.0,74,SSW,8.3,15.9,29.26,0.0,Fair
2025-06-21,11:00 PM,74.0,65.9,76,SSW,9.2,17.7,29.25,0.0,Fair
2025-06-22,12:00 AM,73.5,65.1,75,SSW,8.8,18.1,29.25,0.0,Fair
2025-06-22,1:00 AM,72.2,64.9,78,SSW,6.8,17.0,29.27,0.0,Fair
2025-06-22,2:00 AM,71.2,64.8,80,SW,7.5,13.9,29.26,0.0,Partly Cloudy
2025-06-22,3:00 AM,70.6,64.7,81,SW,6.3,14.3,29.27,0.0,Cloudy
2025-06-22,4:00 AM,70.2,64.9,83,SSW,6.3,11.6,29.28,0.0,Cloudy
2025-06-22,5:00 AM,70.0,65.0,84,SSW,7.7,14.1,29.3,0.0,Cloudy
2025-06-22,6:00 AM,70.0,65.2,85,SW,7.4,15.7,29.29,0.0,Cloudy
2025-06-22,7:00 AM,70.9,66.0,85,SW,6.5,14.1,29.31,0.0,Partly Cloudy
2025-06-22,8:00 AM,73.7,68.3,83,SW,7.1,14.8,29.31,0.0,Fair
2025-06-22,9:00 AM,77.9,70.8,79,SSW,6.7,15.2,29.35,0.0,Fair
2025-06-22,10:00 AM,80.8,72.1,75,SW,7.4,18.1,29.35,0.0,Fair
2025-06-22,11:00 AM,83.8,73.0,70,WSW,7.5,17.9,29.34,0.0,Fair
2025-06-22,12:00 PM,86.4,73.7,66,WSW,8.5,20.6,29.33,0.0,Fair
2025-06-22,1:00 PM,88.4,73.4,61,WSW,7.0,20.1,29.34,0.0,Fair
2025-06-22,2:00 PM,89.9,72.2,56,WSW,6.8,17.4,29.32,0.0,Fair
2025-06-22,3:00 PM,90.8,71.1,53,WSW,7.1,17.2,29.31,0.0,Fair
2025-06-22,4:00 PM,91.1,70.3,51,WSW,7.5,17.4,29.3,0.0,Fair
2025-06-22,5:00 PM,91.2,70.1,50,WSW,7.5,17.4,29.28,0.0,Fair
2025-06-22,6:00 PM,90.5,71.2,53,WSW,6.0,16.6,29.28,0.0,Fair
2025-06-22,7:00 PM,88.5,73.3,61,WSW,5.5,12.3,29.28,0.0,Fair
2025-06-22,8:00 PM,85.6,73.0,66,W,5.2,10.3,29.28,0.0,Fair
2025-06-22,9:00 PM,82.1,73.0,74,SW,4.9,10.1,29.29,0.0,Fair
2025-06-22,10:00 PM,79.7,73.0,80,SSW,7.8,14.1,29.31,0.0,Fair
2025-06-22,11:00 PM,79.0,72.3,80,SW,7.0,14.5,29.31,0.0,Fair
2025-06-23,12:00 AM,77.9,71.7,81,SW,6.2,13.2,29.32,0.0,Fair
2025-06-23,1:00 AM,76.8,71.4,83,SW,6.0,11.4,29.31,0.0,Fair
2025-06-23,2:00 AM,75.9,71.4,86,SW,5.4,10.7,29.31,0.0,Fair
2025-06-23,3:00 AM,75.2,71.3,88,SW,4.9,9.6,29.32,0.0,Fair
2025-06-23,4:00 AM,74.4,71.1,89,SW,4.2,8.7,29.33,0.0,Fair
2025-06-23,5:00 AM,73.5,70.8,91,SW,3.3,7.4,29.34,0.0,Fair
2025-06-23,6:00 AM,72.2,70.2,93,WSW,2.8,5.8,29.36,0.0,Fair
2025-06-23,7:00 AM,73.9,71.4,92,SW,3.8,6.3,29.37,0.0,Fair
2025-06-23,8:00 AM,77.1,73.3,88,SW,2.7,7.6,29.38,0.0,Fair
2025-06-23,9:00 AM,81.1,74.9,81,SW,2.7,8.3,29.41,0.0,Fair
2025-06-23,10:00 AM,84.2,74.8,74,WSW,3.8,11.0,29.41,0.0,Fair
2025-06-23,11:00 AM,86.6,73.6,65,W,4.7,13.0,29.41,0.0,Fair
2025-06-23,12:00 PM,88.3,72.4,59,WSW,4.6,13.0,29.4,0.0,Fair
2025-06-23,1:00 PM,90.0,70.8,53,WSW,5.0,13.9,29.39,0.0,Fair
2025-06-23,2:00 PM,91.3,69.4,49,WSW,5.3,14.1,29.38,0.0,Fair
2025-06-23,3:00 PM,92.1,68.5,46,WSW,4.9,14.3,29.36,0.0,Fair
2025-06-23,4:00 PM,92.8,67.6,44,W,4.1,13.0,29.35,0.0,Fair
2025-06-23,5:00 PM,92.8,66.7,43,WSW,3.6,11.4,29.34,0.0,Fair
2025-06-23,6:00 PM,92.1,66.2,43,WSW,2.7,9.6,29.32,0.0,Fair
2025-06-23,7:00 PM,89.1,73.6,60,SSE,2.7,6.5,29.3,0.0,Fair
2025-06-23,8:00 PM,84.7,76.3,76,SE,2.1,6.0,29.29,0.0,Fair
2025-06-23,9:00 PM,82.9,73.8,74,WSW,2.0,3.1,29.33,0.0,Fair
2025-06-23,10:00 PM,81.0,72.5,76,SSW,6.3,10.7,29.34,0.0,Fair
2025-06-23,11:00 PM,79.5,69.4,71,SSW,5.2,11.4,29.35,0.0,Fair
2025-06-24,12:00 AM,78.4,69.2,73,SW,4.8,9.4,29.35,0.0,Fair
2025-06-24,1:00 AM,77.4,69.1,76,WSW,4.6,8.5,29.36,0.0,Fair
2025-06-24,2:00 AM,76.6,68.5,76,W,4.9,8.9,29.36,0.0,Fair
2025-06-24,3:00 AM,75.6,68.5,79,W,3.8,8.7,29.36,0.0,Fair
2025-06-24,4:00 AM,74.8,68.1,80,W,4.1,7.4,29.37,0.0,Fair
2025-06-24,5:00 AM,73.9,68.1,82,WSW,3.4,7.4,29.38,0.0,Fair
2025-06-24,6:00 AM,72.9,68.1,85,WSW,3.1,6.0,29.39,0.0,Fair
2025-06-24,7:00 AM,74.6,69.3,84,WSW,2.9,5.1,29.4,0.0,Fair
2025-06-24,8:00 AM,77.4,71.3,82,SSW,1.8,5.8,29.41,0.0,Fair
2025-06-24,9:00 AM,81.4,73.5,77,SSW,2.7,8.3,29.41,0.0,Fair
2025-06-24,10:00 AM,85.2,73.9,69,SSW,2.9,9.6,29.41,0.0,Fair
2025-06-24,11:00 AM,88.8,69.7,53,WSW,3.5,10.5,29.41,0.0,Fair
2025-06-24,12:00 PM,91.0,66.3,44,WSW,3.8,11.6,29.41,0.0,Fair
2025-06-24,1:00 PM,92.3,65.4,41,WSW,4.3,13.0,29.4,0.0,Fair
2025-06-24,2:00 PM,93.0,64.7,39,W,4.7,13.6,29.39,0.0,Fair
2025-06-24,3:00 PM,93.8,63.2,36,W,4.7,13.9,29.36,0.0,Fair
2025-06-24,4:00 PM,94.1,62.5,35,WSW,4.6,13.0,29.34,0.0,Cloudy
2025-06-24,5:00 PM,93.8,62.9,36,WSW,4.7,12.3,29.32,0.0,Cloudy
2025-06-24,6:00 PM,93.0,64.0,38,WNW,4.5,11.4,29.31,0.0,Partly Cloudy
2025-06-24,7:00 PM,91.2,68.5,48,W,3.4,8.9,29.3,0.0,Fair
2025-06-24,8:00 PM,87.6,72.3,61,WNW,2.5,5.8,29.3,0.0,Fair
2025-06-24,9:00 PM,80.8,70.5,71,WSW,4.4,13.9,29.33,0.0,Fair
2025-06-24,10:00 PM,79.3,71.1,76,SSW,4.2,8.1,29.34,0.0,Fair
2025-06-24,11:00 PM,78.2,72.1,82,WSW,3.2,7.6,29.34,0.0,Fair
2025-06-25,12:00 AM,78.3,71.8,81,W,3.7,7.4,29.34,0.0,Fair
2025-06-25,1:00 AM,77.2,71.5,83,SW,3.4,6.5,29.33,0.0,Fair
2025-06-25,2:00 AM,76.3,71.4,85,SW,3.9,6.9,29.33,0.0,Fair
2025-06-25,3:00 AM,75.5,71.2,86,WSW,3.1,6.9,29.31,0.0,Fair
2025-06-25,4:00 AM,75.1,70.7,86,W,3.4,5.8,29.31,0.0,Fair
2025-06-25,5:00 AM,74.7,70.3,86,WSW,3.7,6.5,29.31,0.0,Fair
2025-06-25,6:00 AM,73.6,70.2,89,SW,2.7,6.5,29.32,0.0,Fair
2025-06-25,7:00 AM,74.8,71.2,88,SW,3.6,6.0,29.32,0.0,Fair
2025-06-25,8:00 AM,78.0,72.9,84,WSW,2.2,6.9,29.34,0.0,Fair
2025-06-25,9:00 AM,80.8,75.5,84,SW,2.1,7.4,29.35,0.0,Partly Cloudy
2025-06-25,10:00 AM,84.7,74.8,72,SW,4.9,13.2,29.35,0.0,Fair
2025-06-25,11:00 AM,86.8,73.0,64,WNW,4.6,13.6,29.34,0.0,Cloudy
2025-06-25,12:00 PM,88.0,70.0,55,W,5.8,15.0,29.34,0.008,Light Drizzle
2025-06-25,1:00 PM,82.0,71.9,72,WSW,7.3,26.8,29.35,0.031,Drizzle
2025-06-25,2:00 PM,85.6,71.9,64,W,4.9,17.2,29.33,0.0,Cloudy
2025-06-25,3:00 PM,88.1,71.7,58,W,3.7,15.7,29.29,0.0,Partly Cloudy
2025-06-25,4:00 PM,89.1,71.2,56,W,5.8,15.4,29.28,0.0,Fair
2025-06-25,5:00 PM,89.1,71.3,56,WNW,5.5,17.2,29.26,0.0,Fair
2025-06-25,6:00 PM,87.3,71.0,59,WNW,4.8,16.1,29.25,0.02,Drizzle
2025-06-25,7:00 PM,85.8,72.3,64,WNW,2.7,11.4,29.24,0.004,Light Drizzle
2025-06-25,8:00 PM,82.7,75.7,79,S,1.6,6.7,29.25,0.0,Fair
2025-06-25,9:00 PM,77.5,72.1,83,ESE,2.2,11.0,29.28,0.0,Cloudy
2025-06-25,10:00 PM,75.7,72.6,90,ESE,4.1,8.1,29.28,0.0,Fair
2025-06-25,11:00 PM,74.5,72.2,93,SSE,5.4,10.1,29.27,0.0,Partly Cloudy
2025-06-26,12:00 AM,74.3,72.0,92,SSW,6.2,11.6,29.27,0.0,Cloudy
2025-06-26,1:00 AM,74.1,72.4,94,SSW,5.6,12.1,29.26,0.0,Cloudy
2025-06-26,2:00 AM,73.6,72.7,97,SSW,5.2,10.3,29.26,0.0,Cloudy
2025-06-26,3:00 AM,73.1,72.6,98,SW,4.9,9.8,29.26,0.0,Fair
2025-06-26,4:00 AM,72.8,72.1,98,SW,3.7,8.9,29.25,0.0,Fair
2025-06-26,5:00 AM,72.5,71.7,97,SW,3.6,6.7,29.24,0.0,Fair
2025-06-26,6:00 AM,72.1,71.3,97,SSW,3.9,6.7,29.24,0.0,Fair
2025-06-26,7:00 AM,73.0,71.8,96,SW,4.1,8.5,29.25,0.0,Fair
2025-06-26,8:00 AM,75.6,72.0,89,SW,5.2,12.3,29.26,0.0,Fair
2025-06-26,9:00 AM,77.5,72.1,83,SSW,4.5,11.9,29.26,0.0,Cloudy
2025-06-26,10:00 AM,81.2,72.7,75,SW,5.0,13.4,29.26,0.0,Cloudy
2025-06-26,11:00 AM,85.0,72.7,67,SW,5.6,15.7,29.25,0.0,Cloudy
2025-06-26,12:00 PM,88.0,71.9,59,WSW,4.8,16.1,29.24,0.0,Cloudy
2025-06-26,1:00 PM,83.9,71.3,66,W,5.9,21.0,29.26,0.024,Drizzle
2025-06-26,2:00 PM,87.4,72.1,61,WSW,3.6,14.8,29.23,0.0,Fair
2025-06-26,3:00 PM,89.5,72.4,57,WNW,2.5,13.9,29.21,0.0,Partly Cloudy
2025-06-26,4:00 PM,90.0,70.7,53,WNW,1.8,11.0,29.19,0.0,Cloudy
2025-06-26,5:00 PM,83.5,73.3,72,NNE,1.9,8.7,29.18,0.114,Rain
2025-06-26,6:00 PM,77.9,73.5,86,WNW,3.2,9.4,29.18,0.079,Light Rain
2025-06-26,7:00 PM,76.8,74.1,91,S,3.9,12.8,29.2,0.004,Light Drizzle
2025-06-26,8:00 PM,75.7,73.6,93,S,4.5,9.4,29.2,0.0,Cloudy
2025-06-26,9:00 PM,75.7,73.9,94,WSW,1.5,8.5,29.21,0.0,Cloudy
2025-06-26,10:00 PM,75.5,73.7,94,SSE,1.0,2.5,29.22,0.0,Cloudy
2025-06-26,11:00 PM,75.1,73.6,95,S,1.1,2.2,29.22,0.004,Light Drizzle
2025-06-27,12:00 AM,74.8,73.4,96,SSW,3.6,6.3,29.24,0.016,Light Drizzle
2025-06-27,1:00 AM,73.6,72.3,96,SW,1.6,6.7,29.23,0.008,Light Drizzle
2025-06-27,2:00 AM,73.3,71.9,95,SW,1.7,2.7,29.23,0.0,Cloudy
2025-06-27,3:00 AM,73.0,71.8,96,SW,4.1,7.4,29.23,0.004,Light Drizzle
2025-06-27,4:00 AM,72.7,71.6,96,SSW,3.4,7.2,29.23,0.0,Cloudy
2025-06-27,5:00 AM,72.7,72.1,98,SSW,4.3,7.8,29.23,0.0,Cloudy
2025-06-27,6:00 AM,72.7,72.3,99,SSW,2.9,7.8,29.24,0.0,Cloudy
2025-06-27,7:00 AM,73.3,72.8,98,SW,3.2,6.3,29.25,0.0,Cloudy
2025-06-27,8:00 AM,74.9,72.7,93,SSW,3.8,8.9,29.25,0.0,Cloudy
2025-06-27,9:00 AM,73.8,72.1,95,S,4.9,16.3,29.26,0.0,Cloudy
2025-06-27,10:00 AM,75.6,72.1,89,S,8.0,16.8,29.26,0.024,Drizzle
2025-06-27,11:00 AM,77.0,73.0,87,SSW,7.1,17.4,29.26,0.012,Light Drizzle
2025-06-27,12:00 PM,78.9,73.6,84,SW,6.9,18.8,29.27,0.012,Light Drizzle
2025-06-27,1:00 PM,80.7,74.1,80,SSW,5.6,17.2,29.26,0.012,Light Drizzle
2025-06-27,2:00 PM,82.0,73.9,77,SSW,6.0,17.7,29.23,0.012,Light Drizzle
2025-06-27,3:00 PM,82.6,73.6,74,SW,4.5,17.7,29.21,0.016,Light Drizzle
2025-06-27,4:00 PM,79.3,72.6,80,SSW,6.3,15.9,29.2,0.134,Rain
2025-06-27,5:00 PM,76.8,73.1,88,SE,4.5,15.9,29.19,0.11,Rain
2025-06-27,6:00 PM,76.0,73.4,92,SE,6.3,13.6,29.21,0.0,Partly Cloudy
2025-06-27,7:00 PM,76.1,73.5,92,SE,5.7,14.8,29.19,0.0,Cloudy
2025-06-27,8:00 PM,75.4,73.2,93,SSE,7.9,15.4,29.21,0.0,Cloudy
2025-06-27,9:00 PM,76.5,72.3,87,SSE,7.2,14.5,29.18,0.0,Fair
2025-06-27,10:00 PM,75.7,72.3,89,SSE,8.0,15.4,29.21,0.0,Fair
2025-06-27,11:00 PM,75.4,72.3,90,S,8.3,15.9,29.21,0.0,Fair
2025-06-28,12:00 AM,74.9,72.4,92,S,9.2,18.3,29.21,0.0,Fair
2025-06-28,1:00 AM,74.4,71.1,89,SSW,8.1,18.3,29.22,0.0,Cloudy
2025-06-28,2:00 AM,73.3,70.0,89,SSW,7.1,16.1,29.21,0.0,Fair
2025-06-28,3:00 AM,72.5,70.0,92,SSW,7.7,15.0,29.21,0.0,Fair
2025-06-28,4:00 AM,71.9,70.0,94,SSW,6.8,15.0,29.2,0.0,Cloudy
2025-06-28,5:00 AM,71.7,70.3,95,SW,7.0,13.6,29.21,0.0,Cloudy
2025-06-28,6:00 AM,71.4,70.4,97,SSW,6.9,13.9,29.22,0.0,Fair
2025-06-28,7:00 AM,72.3,70.8,95,SW,7.3,14.3,29.23,0.0,Fair
2025-06-28,8:00 AM,74.6,71.1,89,SW,8.6,18.6,29.24,0.0,Fair
2025-06-28,9:00 AM,75.5,71.9,89,W,5.0,12.5,29.26,0.043,Drizzle
2025-06-28,10:00 AM,75.2,71.7,89,WSW,6.7,19.2,29.26,0.02,Drizzle
2025-06-28,11:00 AM,76.0,71.1,85,SW,7.8,21.0,29.26,0.008,Light Drizzle
2025-06-28,12:00 PM,80.1,71.8,76,WSW,8.9,23.9,29.24,0.0,Cloudy
2025-06-28,1:00 PM,83.0,73.5,73,SW,7.9,23.5,29.23,0.0,Fair
2025-06-28,2:00 PM,84.6,73.2,69,SW,8.6,23.5,29.21,0.004,Light Drizzle
2025-06-28,3:00 PM,85.6,71.9,64,WSW,9.7,25.7,29.19,0.0,Fair
2025-06-28,4:00 PM,86.1,66.9,53,WSW,10.9,26.6,29.17,0.004,Light Drizzle
2025-06-28,5:00 PM,86.5,65.5,50,WSW,8.4,23.7,29.15,0.0,Fair
2025-06-28,6:00 PM,82.6,68.5,62,NNW,9.9,21.9,29.16,0.004,Light Drizzle
2025-06-28,7:00 PM,77.9,71.1,80,N,3.3,22.6,29.16,0.0,Cloudy
2025-06-28,8:00 PM,77.8,72.2,83,WNW,2.7,7.8,29.18,0.0,Cloudy
2025-06-28,9:00 PM,75.5,69.4,81,SSW,5.0,9.4,29.19,0.0,Cloudy
2025-06-28,10:00 PM,74.4,69.0,83,SW,5.1,9.6,29.2,0.0,Cloudy
2025-06-28,11:00 PM,73.4,68.7,85,SW,5.2,9.8,29.21,0.0,Cloudy
2025-06-29,12:00 AM,72.7,68.5,87,SW,5.1,9.8,29.22,0.0,Cloudy
2025-06-29,1:00 AM,72.2,68.5,88,SW,4.1,9.4,29.21,0.0,Cloudy
2025-06-29,2:00 AM,71.6,68.7,91,WSW,3.0,7.2,29.2,0.0,Cloudy
2025-06-29,3:00 AM,70.9,68.6,93,SW,4.1,7.2,29.2,0.0,Fair
2025-06-29,4:00 AM,70.2,68.5,94,SW,4.4,8.1,29.2,0.0,Fair
2025-06-29,5:00 AM,69.6,68.3,95,WSW,3.5,7.8,29.21,0.0,Fair
2025-06-29,6:00 AM,69.0,68.0,97,WSW,3.7,6.7,29.23,0.0,Fair
2025-06-29,7:00 AM,70.3,68.8,95,W,5.0,9.8,29.25,0.0,Cloudy
2025-06-29,8:00 AM,71.2,69.5,94,WNW,4.9,11.4,29.26,0.0,Cloudy
2025-06-29,9:00 AM,73.0,69.4,89,SW,3.2,9.2,29.26,0.0,Cloudy
2025-06-29,10:00 AM,75.1,70.0,84,SSW,3.2,9.2,29.26,0.0,Cloudy
2025-06-29,11:00 AM,77.9,70.5,78,SSW,3.1,9.8,29.24,0.004,Light Drizzle
2025-06-29,12:00 PM,80.3,69.7,70,SW,2.9,10.5,29.24,0.004,Light Drizzle
2025-06-29,1:00 PM,82.9,69.6,64,WSW,2.3,9.8,29.23,0.0,Fair
2025-06-29,2:00 PM,84.8,68.6,58,WNW,2.4,9.6,29.22,0.0,Fair
2025-06-29,3:00 PM,85.8,67.6,55,WNW,2.9,11.9,29.21,0.0,Fair
2025-06-29,4:00 PM,85.9,67.2,54,W,2.6,11.4,29.19,0.0,Cloudy
2025-06-29,5:00 PM,85.9,66.9,53,NW,1.8,8.7,29.16,0.0,Cloudy
2025-06-29,6:00 PM,85.0,67.7,56,ESE,1.1,6.7,29.15,0.0,Fair
2025-06-29,7:00 PM,83.7,68.9,61,SE,3.6,7.6,29.15,0.0,Cloudy
2025-06-29,8:00 PM,81.0,70.9,72,ESE,4.5,7.8,29.15,0.0,Cloudy
2025-06-29,9:00 PM,77.6,71.7,82,SW,5.1,9.8,29.16,0.0,Cloudy
2025-06-29,10:00 PM,75.7,70.5,84,SSW,3.2,9.6,29.17,0.0,Cloudy
2025-06-29,11:00 PM,74.7,70.5,87,SSE,3.1,6.0,29.17,0.0,Cloudy
2025-06-30,12:00 AM,74.2,70.5,88,S,3.4,6.0,29.16,0.0,Cloudy
2025-06-30,1:00 AM,74.0,70.8,90,SSW,3.4,6.0,29.17,0.0,Cloudy
2025-06-30,2:00 AM,73.9,71.0,91,SSW,3.4,6.5,29.17,0.0,Cloudy
2025-06-30,3:00 AM,73.7,71.2,92,S,4.1,7.6,29.17,0.0,Cloudy
2025-06-30,4:00 AM,73.3,71.0,92,SSW,3.6,7.6,29.16,0.0,Cloudy
2025-06-30,5:00 AM,72.9,70.8,93,S,3.6,6.5,29.16,0.0,Cloudy
2025-06-30,6:00 AM,72.2,70.4,94,S,3.2,6.7,29.17,0.0,Cloudy
2025-06-30,7:00 AM,72.8,71.0,94,S,3.7,6.5,29.17,0.0,Cloudy
2025-06-30,8:00 AM,74.5,71.8,91,S,3.3,8.3,29.18,0.0,Cloudy
2025-06-30,9:00 AM,72.5,70.8,94,SE,3.2,9.6,29.17,0.008,Light Drizzle
2025-06-30,10:00 AM,75.7,72.3,89,SSE,4.9,12.3,29.16,0.008,Light Drizzle
2025-06-30,11:00 AM,79.7,73.0,80,S,7.3,17.4,29.16,0.0,Cloudy
2025-06-30,12:00 PM,82.8,72.3,71,S,7.7,20.4,29.15,0.004,Light Drizzle
2025-06-30,1:00 PM,84.4,71.7,66,SSW,9.7,23.9,29.13,0.004,Light Drizzle
2025-06-30,2:00 PM,82.4,73.0,73,S,7.4,25.9,29.09,0.024,Drizzle
2025-06-30,3:00 PM,81.0,72.1,74,SSW,10.0,20.4,29.07,0.02,Drizzle
2025-06-30,4:00 PM,79.9,71.8,76,SW,6.0,21.3,29.07,0.067,Light Rain
2025-06-30,5:00 PM,81.2,70.5,70,SSW,9.1,21.9,29.05,0.004,Light Drizzle
2025-06-30,6:00 PM,82.0,71.5,71,SW,7.5,21.5,29.03,0.0,Cloudy
2025-06-30,7:00 PM,77.0,70.6,81,WSW,12.0,22.8,29.05,0.098,Rain
2025-06-30,8:00 PM,73.9,72.1,94,SSW,4.4,23.3,29.06,0.055,Light Rain
2025-06-30,9:00 PM,74.1,72.7,95,SSW,5.6,14.5,29.05,0.0,Cloudy
2025-06-30,10:00 PM,73.5,72.1,95,SW,7.3,13.6,29.06,0.004,Light Drizzle
2025-06-30,11:00 PM,73.4,72.1,96,SW,7.5,14.3,29.07,0.0,Cloudy
2025-07-01,12:00 AM,72.8,72.1,98,SSW,6.7,14.1,29.06,0.0,Cloudy
2025-07-01,1:00 AM,72.8,72.1,98,SSW,7.7,15.2,29.06,0.0,Partly Cloudy
2025-07-01,2:00 AM,72.3,71.8,98,SW,7.1,15.0,29.05,0.0,Fair
2025-07-01,3:00 AM,72.0,71.4,98,SSW,7.4,14.3,29.06,0.0,Partly Cloudy
2025-07-01,4:00 AM,71.8,71.2,98,SW,7.5,14.8,29.06,0.0,Cloudy
2025-07-01,5:00 AM,71.8,71.2,98,SW,6.7,14.8,29.07,0.0,Cloudy
2025-07-01,6:00 AM,71.9,71.2,98,SW,6.8,13.4,29.08,0.0,Cloudy
2025-07-01,7:00 AM,72.3,71.2,96,SW,6.2,13.2,29.08,0.0,Cloudy
2025-07-01,8:00 AM,73.4,71.0,92,WSW,7.4,17.0,29.1,0.0,Cloudy
2025-07-01,9:00 AM,71.6,71.0,98,WSW,2.6,10.3,29.1,0.067,Light Rain
2025-07-01,10:00 AM,73.0,70.9,93,W,5.7,13.2,29.09,0.004,Light Drizzle
2025-07-01,11:00 AM,75.7,71.2,86,WNW,2.9,12.3,29.1,0.016,Light Drizzle
2025-07-01,12:00 PM,76.3,71.2,84,W,2.7,8.9,29.1,0.016,Light Drizzle
2025-07-01,1:00 PM,75.4,71.1,86,W,3.7,9.2,29.09,0.016,Light Drizzle
2025-07-01,2:00 PM,76.3,68.5,77,WNW,2.4,10.3,29.08,0.004,Light Drizzle
2025-07-01,3:00 PM,74.8,69.2,83,SW,2.1,7.6,29.06,0.004,Light Drizzle
2025-07-01,4:00 PM,75.2,67.0,76,SSW,4.2,9.6,29.05,0.0,Cloudy
2025-07-01,5:00 PM,74.2,67.4,79,WSW,3.9,10.5,29.04,0.0,Cloudy
2025-07-01,6:00 PM,74.5,68.5,82,WNW,4.2,10.5,29.05,0.0,Cloudy
2025-07-01,7:00 PM,74.8,69.5,84,WSW,2.9,8.9,29.05,0.0,Cloudy
2025-07-01,8:00 PM,74.3,70.4,88,W,2.1,6.7,29.06,0.0,Cloudy
2025-07-01,9:00 PM,71.3,67.8,89,W,3.7,6.9,29.08,0.0,Fair
2025-07-01,10:00 PM,70.4,67.3,90,W,3.6,6.5,29.09,0.0,Partly Cloudy
2025-07-01,11:00 PM,69.9,67.3,91,W,4.2,7.2,29.09,0.0,Fair
2025-07-02,12:00 AM,69.3,67.2,93,WSW,3.7,7.2,29.09,0.0,Fair
2025-07-02,1:00 AM,68.5,67.0,95,WSW,3.5,6.5,29.1,0.0,Fair
2025-07-02,2:00 AM,67.6,66.2,95,W,2.9,6.0,29.1,0.0,Fair
2025-07-02,3:00 AM,66.4,65.0,95,WNW,2.6,5.1,29.1,0.0,Fair
2025-07-02,4:00 AM,65.8,64.5,95,WNW,2.0,4.5,29.1,0.0,Fair
2025-07-02,5:00 AM,65.5,64.4,96,NW,2.5,4.3,29.11,0.0,Fair
2025-07-02,6:00 AM,65.1,64.1,97,NNW,3.1,5.8,29.11,0.0,Fair
2025-07-02,7:00 AM,66.9,65.4,95,NNW,3.7,6.5,29.14,0.0,Fair
2025-07-02,8:00 AM,69.7,67.1,91,N,2.4,7.2,29.16,0.0,Fair
2025-07-02,9:00 AM,72.1,68.2,87,ESE,0.6,5.6,29.16,0.0,Fair
2025-07-02,10:00 AM,75.4,68.5,79,SSE,1.4,7.6,29.16,0.0,Fair
2025-07-02,11:00 AM,77.6,65.3,66,NNE,0.9,7.6,29.17,0.004,Light Drizzle
2025-07-02,12:00 PM,79.0,63.4,59,NW,2.5,9.2,29.18,0.0,Fair
2025-07-02,1:00 PM,80.9,62.2,53,NW,3.4,11.2,29.18,0.0,Fair
2025-07-02,2:00 PM,82.1,61.6,50,NW,2.9,11.2,29.15,0.0,Fair
2025-07-02,3:00 PM,83.3,61.9,49,NW,3.0,10.1,29.13,0.0,Fair
2025-07-02,4:00 PM,83.7,60.5,46,NW,3.7,10.7,29.12,0.0,Fair
2025-07-02,5:00 PM,83.4,60.9,47,NNW,3.5,10.7,29.1,0.0,Fair
2025-07-02,6:00 PM,82.9,60.3,46,NNE,2.9,9.6,29.09,0.0,Fair
2025-07-02,7:00 PM,81.6,63.2,54,NE,3.1,7.6,29.1,0.0,Cloudy
2025-07-02,8:00 PM,78.0,65.1,65,N,5.2,8.9,29.11,0.0,Cloudy
2025-07-02,9:00 PM,75.7,70.2,83,WNW,2.1,4.3,29.11,0.0,Fair
2025-07-02,10:00 PM,74.8,68.5,81,WNW,0.5,3.6,29.12,0.0,Fair
2025-07-02,11:00 PM,72.7,67.9,85,W,1.1,2.2,29.12,0.0,Fair
2025-07-03,12:00 AM,71.0,66.6,86,W,3.4,5.1,29.12,0.0,Fair
2025-07-03,1:00 AM,70.1,63.2,79,WNW,4.7,8.7,29.13,0.0,Fair
2025-07-03,2:00 AM,68.9,61.3,77,WNW,4.0,8.5,29.12,0.0,Fair
2025-07-03,3:00 AM,68.2,60.8,77,WNW,4.0,7.4,29.1,0.0,Fair
2025-07-03,4:00 AM,67.6,60.9,79,WSW,4.1,7.4,29.1,0.0,Fair
2025-07-03,5:00 AM,66.7,61.2,82,WSW,4.6,8.3,29.1,0.0,Fair
2025-07-03,6:00 AM,66.4,61.1,83,WSW,5.1,8.9,29.1,0.0,Fair
2025-07-03,7:00 AM,67.0,61.9,84,W,5.9,11.0,29.13,0.0,Fair
2025-07-03,8:00 AM,69.8,63.9,81,W,4.4,11.0,29.14,0.0,Fair
2025-07-03,9:00 AM,74.1,66.0,76,W,4.5,11.4,29.15,0.0,Fair
2025-07-03,10:00 AM,77.2,66.1,69,WNW,4.9,12.8,29.16,0.0,Fair
2025-07-03,11:00 AM,80.2,65.4,61,WNW,5.3,17.0,29.16,0.0,Fair
2025-07-03,12:00 PM,81.8,61.3,50,WNW,7.0,19.5,29.16,0.0,Fair
2025-07-03,1:00 PM,82.6,59.6,46,NW,7.8,18.3,29.15,0.0,Fair
2025-07-03,2:00 PM,83.3,59.2,44,NW,8.2,19.5,29.15,0.0,Fair
2025-07-03,3:00 PM,82.8,58.6,44,NW,9.1,20.8,29.15,0.004,Light Drizzle
2025-07-03,4:00 PM,81.2,60.6,50,NNW,8.5,21.0,29.15,0.004,Light Drizzle
2025-07-03,5:00 PM,82.0,60.2,48,NNW,5.9,19.0,29.14,0.0,Fair
2025-07-03,6:00 PM,82.0,59.2,46,NNW,5.8,14.1,29.14,0.0,Fair
2025-07-03,7:00 PM,80.2,61.7,53,N,5.7,12.8,29.15,0.0,Fair
2025-07-03,8:00 PM,76.6,63.2,63,N,6.1,12.3,29.17,0.0,Fair
2025-07-03,9:00 PM,74.0,63.0,68,N,4.6,14.1,29.19,0.0,Fair
2025-07-03,10:00 PM,72.1,63.8,75,NNE,3.3,8.3,29.21,0.0,Fair
2025-07-03,11:00 PM,70.3,63.7,80,NNE,3.1,6.0,29.23,0.0,Fair
2025-07-04,12:00 AM,68.9,63.2,82,ENE,3.0,5.4,29.24,0.0,Fair
2025-07-04,1:00 AM,67.7,62.2,83,ENE,3.0,5.4,29.25,0.0,Fair
2025-07-04,2:00 AM,66.4,61.3,84,E,2.8,5.1,29.25,0.0,Fair
2025-07-04,3:00 AM,65.4,60.4,84,E,2.8,4.7,29.25,0.0,Fair
2025-07-04,4:00 AM,64.9,59.5,82,E,3.4,5.8,29.26,0.0,Fair
2025-07-04,5:00 AM,64.7,59.0,82,ESE,3.2,6.3,29.26,0.0,Fair
2025-07-04,6:00 AM,63.5,58.8,85,E,2.5,5.4,29.27,0.0,Fair
2025-07-04,7:00 AM,65.0,59.0,81,E,2.9,4.9,29.28,0.0,Fair
2025-07-04,8:00 AM,67.9,60.4,77,ENE,1.8,5.8,29.31,0.0,Fair
2025-07-04,9:00 AM,72.3,60.0,65,ESE,2.8,8.3,29.32,0.0,Fair
2025-07-04,10:00 AM,76.1,58.3,54,SE,3.6,10.5,29.32,0.0,Fair
2025-07-04,11:00 AM,79.0,58.5,49,SE,3.4,11.0,29.32,0.0,Fair
2025-07-04,12:00 PM,81.3,59.9,48,S,1.9,11.0,29.32,0.0,Fair
2025-07-04,1:00 PM,83.4,60.4,46,WNW,1.3,8.7,29.31,0.0,Fair
2025-07-04,2:00 PM,84.5,59.8,43,N,2.0,10.7,29.31,0.0,Fair
2025-07-04,3:00 PM,85.5,59.5,42,ENE,2.3,9.2,29.3,0.0,Fair
2025-07-04,4:00 PM,85.8,59.3,41,E,3.0,10.3,29.29,0.0,Fair
2025-07-04,5:00 PM,85.6,59.2,41,SE,4.1,11.2,29.26,0.0,Fair
2025-07-04,6:00 PM,85.1,59.5,42,ESE,4.3,11.2,29.25,0.0,Fair
2025-07-04,7:00 PM,83.8,62.4,49,ENE,4.2,10.3,29.24,0.0,Fair
2025-07-04,8:00 PM,80.8,62.6,54,E,4.7,8.7,29.25,0.0,Fair
2025-07-04,9:00 PM,75.8,62.5,63,ESE,3.8,6.7,29.27,0.0,Fair
2025-07-04,10:00 PM,73.6,61.3,65,SE,3.6,6.3,29.28,0.0,Fair
2025-07-04,11:00 PM,72.5,61.0,67,SE,2.8,5.8,29.3,0.0,Fair
2025-07-05,12:00 AM,71.5,60.2,67,SE,4.5,7.4,29.3,0.0,Cloudy
2025-07-05,1:00 AM,69.8,61.3,74,S,4.1,8.1,29.3,0.0,Partly Cloudy
2025-07-05,2:00 AM,69.0,62.2,79,SSW,4.1,7.4,29.3,0.0,Fair
2025-07-05,3:00 AM,68.4,62.5,82,SSW,3.3,7.2,29.3,0.0,Cloudy
2025-07-05,4:00 AM,67.6,62.7,84,SSW,3.2,5.6,29.29,0.0,Fair
2025-07-05,5:00 AM,67.5,62.8,85,S,3.5,6.0,29.29,0.0,Fair
2025-07-05,6:00 AM,66.8,62.6,86,SSW,3.4,6.3,29.3,0.0,Fair
2025-07-05,7:00 AM,68.1,63.2,84,S,4.2,7.2,29.3,0.0,Partly Cloudy
2025-07-05,8:00 AM,71.4,64.8,80,S,3.7,8.7,29.3,0.0,Partly Cloudy
2025-07-05,9:00 AM,75.4,66.6,74,SSW,3.1,9.4,29.32,0.0,Cloudy
2025-07-05,10:00 AM,80.6,66.6,62,SSW,4.6,12.3,29.33,0.0,Cloudy
2025-07-05,11:00 AM,84.2,64.0,51,SSW,4.9,13.9,29.33,0.0,Partly Cloudy
2025-07-05,12:00 PM,85.8,62.2,45,SSW,2.8,13.6,29.33,0.0,Partly Cloudy
2025-07-05,1:00 PM,86.9,61.7,43,S,2.4,9.8,29.31,0.0,Cloudy
2025-07-05,2:00 PM,88.6,61.0,40,S,2.6,10.1,29.29,0.0,Cloudy
2025-07-05,3:00 PM,89.7,60.0,37,SW,2.7,10.1,29.27,0.0,Cloudy
2025-07-05,4:00 PM,90.5,59.4,35,SW,2.5,9.4,29.26,0.004,Light Drizzle
2025-07-05,5:00 PM,90.4,59.9,36,S,3.0,8.9,29.24,0.004,Light Drizzle
2025-07-05,6:00 PM,89.8,60.0,37,SSE,3.6,9.2,29.22,0.004,Light Drizzle
2025-07-05,7:00 PM,88.3,61.8,41,SE,4.5,9.6,29.21,0.0,Partly Cloudy
2025-07-05,8:00 PM,83.8,64.3,52,SE,5.3,10.1,29.21,0.0,Cloudy
2025-07-05,9:00 PM,79.6,68.2,68,SE,2.1,4.5,29.22,0.0,Cloudy
2025-07-05,10:00 PM,77.7,66.0,67,SE,3.8,6.7,29.22,0.0,Cloudy
2025-07-05,11:00 PM,75.3,66.6,74,SSE,3.4,6.9,29.22,0.0,Cloudy
2025-07-06,12:00 AM,74.1,66.2,76,SSE,3.8,6.5,29.22,0.0,Cloudy
2025-07-06,1:00 AM,72.8,65.7,78,SSE,3.2,6.7,29.21,0.0,Cloudy
2025-07-06,2:00 AM,72.1,65.3,79,S,3.4,6.0,29.21,0.0,Cloudy
2025-07-06,3:00 AM,71.7,65.0,80,S,5.0,8.3,29.2,0.0,Partly Cloudy
2025-07-06,4:00 AM,71.3,65.1,81,S,6.9,12.5,29.19,0.0,Fair
2025-07-06,5:00 AM,70.6,65.3,83,SSW,7.4,13.9,29.2,0.0,Fair
2025-07-06,6:00 AM,69.7,65.1,85,SSW,6.9,13.9,29.2,0.0,Fair
2025-07-06,7:00 AM,70.3,65.3,84,SSW,6.7,13.0,29.21,0.0,Fair
2025-07-06,8:00 AM,73.1,65.7,77,SSW,5.6,13.2,29.21,0.0,Fair
2025-07-06,9:00 AM,76.4,67.0,73,SSW,5.9,14.5,29.22,0.0,Fair
2025-07-06,10:00 AM,80.2,66.8,64,SSW,6.7,17.0,29.22,0.0,Fair
2025-07-06,11:00 AM,83.9,66.0,55,SSW,7.6,19.0,29.22,0.0,Fair
2025-07-06,12:00 PM,86.9,63.6,46,SSW,7.5,19.5,29.21,0.0,Fair
2025-07-06,1:00 PM,88.9,62.8,42,SSW,7.2,19.0,29.19,0.0,Fair
2025-07-06,2:00 PM,90.4,62.0,39,SSW,7.3,18.3,29.17,0.0,Fair
2025-07-06,3:00 PM,91.4,60.8,36,SSW,7.7,19.2,29.14,0.0,Fair
2025-07-06,4:00 PM,91.8,60.4,35,SSW,6.7,19.0,29.12,0.0,Fair
2025-07-06,5:00 PM,92.1,59.5,34,SSW,6.6,16.8,29.1,0.0,Fair
2025-07-06,6:00 PM,91.4,58.4,33,SSW,7.3,17.7,29.09,0.0,Fair
2025-07-06,7:00 PM,89.2,60.7,39,SSE,6.7,17.7,29.08,0.0,Cloudy
2025-07-06,8:00 PM,86.3,60.2,42,SE,8.2,15.9,29.07,0.0,Cloudy
2025-07-06,9:00 PM,81.0,64.0,56,S,6.5,11.9,29.1,0.0,Cloudy
2025-07-06,10:00 PM,79.4,64.0,59,SSW,6.7,12.5,29.12,0.0,Cloudy
2025-07-06,11:00 PM,78.0,64.4,63,S,6.0,12.5,29.12,0.0,Cloudy
2025-07-07,12:00 AM,76.6,64.7,67,S,5.4,11.0,29.12,0.0,Partly Cloudy
2025-07-07,1:00 AM,75.7,65.1,70,SSW,4.9,9.6,29.13,0.0,Partly Cloudy
2025-07-07,2:00 AM,75.1,65.3,72,SSW,5.1,9.4,29.12,0.0,Partly Cloudy
2025-07-07,3:00 AM,74.3,65.2,73,SSW,5.6,10.1,29.1,0.0,Fair
2025-07-07,4:00 AM,73.5,65.5,76,SSW,5.0,10.3,29.1,0.0,Fair
2025-07-07,5:00 AM,72.6,65.9,80,S,4.7,8.9,29.1,0.0,Fair
2025-07-07,6:00 AM,71.9,66.1,82,SSW,4.9,8.7,29.11,0.0,Fair
2025-07-07,7:00 AM,72.7,66.7,81,SSW,5.8,10.7,29.13,0.0,Fair
2025-07-07,8:00 AM,76.0,67.7,76,SSW,4.7,11.2,29.14,0.0,Fair
2025-07-07,9:00 AM,80.5,69.9,70,SSW,4.9,12.5,29.15,0.0,Fair
2025-07-07,10:00 AM,83.9,70.8,65,WSW,6.5,18.1,29.15,0.028,Drizzle
2025-07-07,11:00 AM,81.0,71.4,73,WSW,6.5,19.0,29.16,0.091,Light Rain
2025-07-07,12:00 PM,84.8,72.1,66,SW,6.0,19.0,29.15,0.0,Fair
2025-07-07,1:00 PM,88.8,71.2,56,WSW,7.8,22.4,29.14,0.0,Fair
2025-07-07,2:00 PM,91.3,68.5,47,WSW,7.4,21.7,29.1,0.0,Cloudy
2025-07-07,3:00 PM,79.1,71.5,78,W,3.1,30.4,29.1,0.118,Rain
2025-07-07,4:00 PM,82.8,70.7,67,W,7.5,17.7,29.12,0.031,Drizzle
2025-07-07,5:00 PM,75.8,72.5,89,WNW,6.3,22.6,29.14,0.248,Rain
2025-07-07,6:00 PM,76.7,72.2,86,NW,5.3,14.5,29.14,0.004,Light Drizzle
2025-07-07,7:00 PM,77.7,72.6,84,SW,2.8,11.4,29.13,0.0,Partly Cloudy
2025-07-07,8:00 PM,77.2,73.0,87,SSW,1.8,7.6,29.15,0.0,Cloudy
2025-07-07,9:00 PM,74.4,73.0,95,SW,2.8,9.2,29.16,0.0,Cloudy
2025-07-07,10:00 PM,72.2,72.1,99,WSW,4.6,17.2,29.2,0.138,Rain
2025-07-07,11:00 PM,72.5,72.1,99,NNW,3.6,8.1,29.22,0.024,Drizzle
2025-07-08,12:00 AM,72.3,71.9,98,WNW,1.2,6.9,29.21,0.016,Light Drizzle
2025-07-08,1:00 AM,71.9,71.5,99,WSW,3.0,6.5,29.21,0.016,Light Drizzle
2025-07-08,2:00 AM,71.6,71.2,99,SW,1.9,6.3,29.2,0.0,Fair
2025-07-08,3:00 AM,71.1,70.9,99,SW,3.2,6.0,29.2,0.0,Cloudy
2025-07-08,4:00 AM,71.0,70.6,99,WSW,2.9,7.2,29.2,0.0,Cloudy
2025-07-08,5:00 AM,70.8,70.3,98,SW,3.4,6.9,29.21,0.004,Light Drizzle
2025-07-08,6:00 AM,70.8,70.5,99,SW,3.7,7.4,29.22,0.012,Light Drizzle
2025-07-08,7:00 AM,70.2,70.1,100,SW,4.0,8.1,29.23,0.047,Drizzle
2025-07-08,8:00 AM,70.0,69.5,98,WSW,2.7,11.4,29.25,0.169,Rain
2025-07-08,9:00 AM,71.5,68.8,91,WSW,5.4,16.6,29.25,0.039,Drizzle
2025-07-08,10:00 AM,73.4,70.3,90,W,5.6,14.3,29.26,0.0,Cloudy
2025-07-08,11:00 AM,75.7,70.3,83,W,5.1,14.3,29.27,0.004,Light Drizzle
2025-07-08,12:00 PM,77.1,69.4,77,WNW,5.1,14.5,29.27,0.012,Light Drizzle
2025-07-08,1:00 PM,76.8,69.5,78,NW,6.3,16.1,29.26,0.012,Light Drizzle
2025-07-08,2:00 PM,79.8,69.1,70,WNW,5.0,15.2,29.24,0.004,Light Drizzle
2025-07-08,3:00 PM,82.0,67.5,61,WNW,6.0,15.9,29.23,0.0,Fair
2025-07-08,4:00 PM,83.2,66.9,58,WNW,5.8,15.7,29.22,0.0,Fair
2025-07-08,5:00 PM,83.8,66.2,56,WNW,5.4,14.8,29.19,0.0,Fair
2025-07-08,6:00 PM,83.3,65.4,55,WNW,5.1,13.4,29.18,0.0,Fair
2025-07-08,7:00 PM,82.6,67.1,60,WNW,2.7,11.6,29.18,0.0,Fair
2025-07-08,8:00 PM,80.4,68.3,67,N,2.6,5.1,29.19,0.0,Fair
2025-07-08,9:00 PM,76.7,70.5,81,SSW,0.9,5.4,29.21,0.0,Partly Cloudy
2025-07-08,10:00 PM,74.8,70.3,86,NW,1.0,1.8,29.23,0.0,Partly Cloudy
2025-07-08,11:00 PM,73.9,69.4,86,N,5.2,8.3,29.23,0.0,Fair
2025-07-09,12:00 AM,71.7,64.9,79,NNE,6.3,12.8,29.24,0.0,Fair
2025-07-09,1:00 AM,69.5,64.3,83,NNE,4.1,11.9,29.23,0.0,Cloudy
2025-07-09,2:00 AM,69.2,64.7,86,NNE,2.7,7.2,29.23,0.0,Cloudy
2025-07-09,3:00 AM,69.4,65.0,86,NE,2.3,4.7,29.22,0.0,Cloudy
2025-07-09,4:00 AM,69.2,65.0,87,E,2.9,5.6,29.21,0.0,Cloudy
2025-07-09,5:00 AM,69.0,65.6,89,ENE,1.6,5.4,29.22,0.0,Cloudy
2025-07-09,6:00 AM,68.7,65.6,90,NE,1.6,3.4,29.22,0.0,Cloudy
2025-07-09,7:00 AM,69.0,65.8,89,ESE,3.3,5.6,29.23,0.0,Cloudy
2025-07-09,8:00 AM,70.3,66.4,87,E,0.3,6.5,29.25,0.0,Cloudy
2025-07-09,9:00 AM,72.5,67.7,85,SW,0.6,5.1,29.25,0.0,Cloudy
2025-07-09,10:00 AM,75.0,69.0,82,E,0.7,5.4,29.25,0.0,Cloudy
2025-07-09,11:00 AM,77.3,68.7,75,NNW,0.4,5.6,29.25,0.0,Cloudy
2025-07-09,12:00 PM,78.2,67.8,71,NW,1.1,5.8,29.24,0.0,Cloudy
2025-07-09,1:00 PM,79.9,66.9,65,NW,1.3,7.2,29.23,0.0,Cloudy
2025-07-09,2:00 PM,81.7,65.8,59,W,1.5,11.0,29.21,0.0,Cloudy
2025-07-09,3:00 PM,74.8,68.5,81,S,6.2,17.2,29.19,0.024,Drizzle
2025-07-09,4:00 PM,74.1,68.9,84,S,4.2,13.9,29.17,0.008,Light Drizzle
2025-07-09,5:00 PM,76.3,69.4,79,S,3.2,11.9,29.14,0.0,Cloudy
2025-07-09,6:00 PM,77.9,69.9,76,S,3.4,9.6,29.13,0.0,Cloudy
2025-07-09,7:00 PM,77.1,70.1,79,SSE,3.8,10.5,29.14,0.0,Cloudy
2025-07-09,8:00 PM,75.4,70.8,86,SE,3.2,9.4,29.15,0.0,Cloudy
2025-07-09,9:00 PM,71.9,69.4,92,SSE,3.3,6.0,29.15,0.0,Cloudy
2025-07-09,10:00 PM,70.6,68.8,94,S,2.5,6.5,29.17,0.0,Partly Cloudy
2025-07-09,11:00 PM,70.1,68.7,95,S,5.1,8.7,29.17,0.0,Cloudy
2025-07-10,12:00 AM,69.3,68.3,97,S,4.3,10.1,29.18,0.0,Cloudy
2025-07-10,1:00 AM,68.8,68.0,97,SSW,2.6,7.6,29.17,0.0,Cloudy
2025-07-10,2:00 AM,68.5,68.0,98,S,4.3,7.6,29.16,0.0,Cloudy
2025-07-10,3:00 AM,68.3,67.8,98,SSW,3.7,8.3,29.15,0.0,Cloudy
2025-07-10,4:00 AM,67.4,67.4,100,SW,2.7,6.5,29.14,0.0,Cloudy
2025-07-10,5:00 AM,67.6,67.6,100,SW,2.4,6.0,29.15,0.0,Cloudy
2025-07-10,6:00 AM,68.0,67.9,100,SW,3.7,7.6,29.15,0.0,Cloudy
2025-07-10,7:00 AM,68.2,68.0,99,SW,3.0,8.1,29.17,0.0,Cloudy
2025-07-10,8:00 AM,68.7,68.4,99,SW,2.5,8.5,29.17,0.0,Cloudy
2025-07-10,9:00 AM,70.6,67.7,91,S,3.8,10.3,29.18,0.0,Cloudy
2025-07-10,10:00 AM,73.9,67.7,81,S,3.4,10.7,29.18,0.0,Partly Cloudy
2025-07-10,11:00 AM,77.9,66.4,68,S,4.1,12.3,29.18,0.0,Partly Cloudy
2025-07-10,12:00 PM,80.5,67.7,65,SSW,3.8,12.3,29.19,0.0,Fair
2025-07-10,1:00 PM,82.0,68.4,63,SW,3.5,12.3,29.18,0.004,Light Drizzle
2025-07-10,2:00 PM,83.1,68.0,60,SSW,4.5,13.4,29.16,0.004,Light Drizzle
2025-07-10,3:00 PM,84.8,66.6,54,SSW,4.5,13.6,29.13,0.0,Partly Cloudy
2025-07-10,4:00 PM,82.2,65.5,57,W,4.4,12.8,29.13,0.008,Light Drizzle
2025-07-10,5:00 PM,79.7,66.7,65,NW,1.8,14.3,29.13,0.016,Light Drizzle
2025-07-10,6:00 PM,79.9,66.9,65,SW,2.4,7.6,29.11,0.0,Partly Cloudy
2025-07-10,7:00 PM,79.5,66.9,65,NNW,3.2,8.3,29.12,0.0,Fair
2025-07-10,8:00 PM,76.8,69.1,77,NNE,3.0,8.5,29.12,0.0,Fair
2025-07-10,9:00 PM,72.1,70.5,95,ESE,3.0,7.6,29.13,0.0,Fair
2025-07-10,10:00 PM,70.7,69.4,96,S,0.6,5.6,29.13,0.0,Fair
2025-07-10,11:00 PM,70.2,69.4,98,W,0.1,1.1,29.14,0.0,Fair
2025-07-11,12:00 AM,69.8,69.2,98,S,3.0,4.7,29.15,0.0,Fair
2025-07-11,1:00 AM,69.7,68.5,96,SSW,3.2,6.5,29.15,0.0,Cloudy
2025-07-11,2:00 AM,68.8,67.7,96,S,2.9,5.8,29.15,0.0,Cloudy
2025-07-11,3:00 AM,67.6,66.7,97,S,2.5,4.9,29.14,0.0,Fair
2025-07-11,4:00 AM,67.9,66.8,96,S,3.1,5.1,29.13,0.0,Fair
2025-07-11,5:00 AM,67.2,65.9,96,SSW,2.3,5.6,29.13,0.0,Cloudy
2025-07-11,6:00 AM,67.1,65.9,96,SW,1.3,3.8,29.15,0.0,Cloudy
2025-07-11,7:00 AM,69.0,67.6,95,S,2.3,3.4,29.16,0.0,Cloudy
2025-07-11,8:00 AM,71.0,69.5,95,SSE,2.4,6.9,29.18,0.0,Cloudy
2025-07-11,9:00 AM,72.8,70.2,92,S,2.2,10.3,29.2,0.004,Light Drizzle
2025-07-11,10:00 AM,76.4,70.5,82,S,3.9,11.6,29.21,0.0,Fair
2025-07-11,11:00 AM,80.0,71.3,75,SW,3.2,11.6,29.21,0.0,Fair
2025-07-11,12:00 PM,83.3,70.3,65,WSW,2.7,11.2,29.21,0.0,Fair
2025-07-11,1:00 PM,85.8,68.5,56,WSW,2.5,11.0,29.21,0.0,Fair
2025-07-11,2:00 PM,86.8,67.6,53,WSW,3.6,11.4,29.2,0.0,Fair
2025-07-11,3:00 PM,87.9,66.4,49,SW,4.4,12.5,29.18,0.0,Fair
2025-07-11,4:00 PM,87.6,66.2,49,WSW,4.4,13.4,29.18,0.0,Fair
2025-07-11,5:00 PM,87.1,65.9,50,WSW,3.7,12.1,29.17,0.0,Fair
2025-07-11,6:00 PM,86.8,66.4,51,W,2.9,11.2,29.15,0.0,Fair
2025-07-11,7:00 PM,86.0,66.8,53,SW,2.5,8.5,29.15,0.0,Fair
2025-07-11,8:00 PM,83.6,69.7,63,SSW,2.3,5.8,29.15,0.0,Fair
2025-07-11,9:00 PM,80.0,68.2,67,S,2.2,3.6,29.14,0.0,Fair
2025-07-11,10:00 PM,77.5,68.8,75,SSW,2.5,4.3,29.15,0.0,Fair
2025-07-11,11:00 PM,75.7,68.8,79,SSW,2.4,4.0,29.18,0.0,Fair
2025-07-12,12:00 AM,75.0,68.1,79,S,3.7,6.3,29.19,0.0,Fair
2025-07-12,1:00 AM,74.5,68.2,81,SSW,4.1,7.2,29.2,0.0,Fair
2025-07-12,2:00 AM,73.4,68.9,86,SSW,4.5,7.8,29.19,0.0,Fair
2025-07-12,3:00 AM,72.5,69.2,89,SSW,3.7,8.7,29.19,0.0,Fair
2025-07-12,4:00 AM,71.2,68.6,92,SSW,2.5,6.5,29.2,0.0,Fair
2025-07-12,5:00 AM,71.4,68.9,92,S,4.0,6.9,29.19,0.0,Fair
2025-07-12,6:00 AM,70.9,68.5,92,S,3.4,7.2,29.19,0.0,Fair
2025-07-12,7:00 AM,71.6,69.0,91,S,4.4,7.4,29.2,0.0,Fair
2025-07-12,8:00 AM,74.8,69.9,85,S,4.2,9.8,29.21,0.0,Fair
2025-07-12,9:00 AM,79.5,71.5,77,SSW,4.3,11.2,29.22,0.0,Fair
2025-07-12,10:00 AM,82.9,71.2,68,SSW,6.1,15.2,29.21,0.0,Fair
2025-07-12,11:00 AM,85.6,68.6,57,SSW,6.7,16.8,29.21,0.0,Fair
2025-07-12,12:00 PM,88.2,66.7,49,SSW,7.5,18.6,29.21,0.0,Fair
2025-07-12,1:00 PM,90.2,66.7,46,SSW,7.2,19.2,29.19,0.0,Fair
2025-07-12,2:00 PM,91.9,65.3,42,SSW,8.4,20.8,29.18,0.0,Fair
2025-07-12,3:00 PM,91.9,64.4,40,SW,9.6,22.6,29.15,0.0,Fair
2025-07-12,4:00 PM,91.1,64.9,42,SW,9.3,22.8,29.14,0.0,Fair
2025-07-12,5:00 PM,91.3,64.4,41,SW,8.5,21.9,29.13,0.0,Partly Cloudy
2025-07-12,6:00 PM,90.0,64.1,42,SSW,8.7,20.8,29.12,0.0,Partly Cloudy
2025-07-12,7:00 PM,89.2,64.0,43,SSW,5.9,19.0,29.12,0.0,Cloudy
2025-07-12,8:00 PM,86.2,65.7,51,SSW,4.3,13.0,29.13,0.0,Fair
2025-07-12,9:00 PM,79.0,65.8,64,W,5.2,22.4,29.18,0.0,Cloudy
2025-07-12,10:00 PM,76.7,66.9,72,S,2.2,10.3,29.18,0.0,Cloudy
2025-07-12,11:00 PM,75.1,66.7,75,S,3.4,5.8,29.18,0.0,Partly Cloudy
2025-07-13,12:00 AM,73.9,66.2,77,SSW,4.6,8.3,29.17,0.0,Fair
2025-07-13,1:00 AM,73.1,66.1,79,SSW,5.5,9.6,29.17,0.0,Fair
2025-07-13,2:00 AM,72.5,66.4,81,SSW,6.4,12.3,29.18,0.0,Partly Cloudy
2025-07-13,3:00 AM,71.8,66.7,84,SSW,6.3,12.3,29.18,0.0,Partly Cloudy
2025-07-13,4:00 AM,72.0,67.2,85,SW,5.7,12.3,29.18,0.0,Cloudy
2025-07-13,5:00 AM,71.3,67.6,88,SSW,5.5,11.2,29.19,0.0,Fair
2025-07-13,6:00 AM,70.5,67.7,91,SSW,5.3,10.3,29.21,0.0,Partly Cloudy
2025-07-13,7:00 AM,71.2,68.3,90,SSW,5.0,9.6,29.22,0.0,Fair
2025-07-13,8:00 AM,73.9,68.7,84,SSW,4.9,11.9,29.22,0.0,Fair
2025-07-13,9:00 AM,76.6,69.8,80,SSW,6.2,15.9,29.22,0.0,Fair
2025-07-13,10:00 AM,80.8,69.4,68,SW,7.1,18.6,29.24,0.0,Partly Cloudy
2025-07-13,11:00 AM,82.9,70.2,66,SW,7.4,18.6,29.23,0.0,Partly Cloudy
2025-07-13,12:00 PM,79.3,70.1,73,WSW,7.5,20.4,29.23,0.031,Drizzle
2025-07-13,1:00 PM,80.6,71.0,73,SW,8.5,19.9,29.22,0.051,Light Rain
2025-07-13,2:00 PM,81.8,72.1,73,SW,7.2,20.4,29.21,0.035,Drizzle
2025-07-13,3:00 PM,84.7,70.3,62,SW,7.4,19.2,29.18,0.004,Light Drizzle
2025-07-13,4:00 PM,81.7,71.1,70,WSW,8.2,19.2,29.18,0.031,Drizzle
2025-07-13,5:00 PM,82.7,68.9,63,SW,9.2,19.0,29.17,0.02,Drizzle
2025-07-13,6:00 PM,82.2,69.8,66,SW,7.2,19.9,29.15,0.008,Light Drizzle
2025-07-13,7:00 PM,82.1,69.5,66,WSW,6.4,15.9,29.15,0.0,Fair
2025-07-13,8:00 PM,80.9,70.3,70,WSW,4.4,13.6,29.17,0.0,Fair
2025-07-13,9:00 PM,74.3,70.7,89,NE,6.1,10.3,29.19,0.031,Drizzle
2025-07-13,10:00 PM,72.8,69.9,91,ESE,4.3,12.5,29.2,0.0,Fair
2025-07-13,11:00 PM,72.4,69.7,91,SSE,4.4,8.5,29.21,0.0,Fair
2025-07-14,12:00 AM,72.8,69.7,90,SSW,3.3,7.8,29.2,0.0,Fair
2025-07-14,1:00 AM,72.6,69.7,91,SSW,3.1,5.8,29.2,0.0,Fair
2025-07-14,2:00 AM,72.4,70.2,93,S,3.7,6.5,29.19,0.0,Fair
2025-07-14,3:00 AM,72.1,71.0,96,S,3.9,7.8,29.19,0.0,Fair
2025-07-14,4:00 AM,71.2,70.6,98,SSE,2.6,6.7,29.18,0.0,Partly Cloudy
2025-07-14,5:00 AM,71.2,70.7,98,SSE,4.1,7.4,29.19,0.004,Light Drizzle
2025-07-14,6:00 AM,71.1,70.8,99,S,4.2,7.8,29.2,0.0,Cloudy
2025-07-14,7:00 AM,71.3,70.6,98,SSW,4.9,9.8,29.21,0.008,Light Drizzle
2025-07-14,8:00 AM,69.8,69.4,98,WSW,7.8,21.0,29.25,0.122,Rain
2025-07-14,9:00 AM,75.3,73.0,93,SE,2.6,7.6,29.24,0.0,Cloudy
2025-07-14,10:00 AM,76.3,72.5,88,SSW,3.0,10.1,29.25,0.0,Cloudy
2025-07-14,11:00 AM,76.2,71.9,87,SW,3.0,8.3,29.25,0.012,Light Drizzle
2025-07-14,12:00 PM,74.6,73.3,96,WSW,3.6,8.1,29.25,0.071,Light Rain
2025-07-14,1:00 PM,73.9,72.9,97,W,4.5,9.8,29.24,0.079,Light Rain
2025-07-14,2:00 PM,74.8,71.5,90,NW,2.9,10.3,29.24,0.024,Drizzle
2025-07-14,3:00 PM,78.6,69.6,74,WSW,1.6,11.0,29.22,0.008,Light Drizzle
2025-07-14,4:00 PM,80.2,69.8,71,S,1.7,11.2,29.21,0.0,Fair
2025-07-14,5:00 PM,81.1,69.0,67,S,3.4,10.5,29.19,0.004,Light Drizzle
2025-07-14,6:00 PM,80.4,69.1,68,SSE,2.9,10.7,29.19,0.012,Light Drizzle
2025-07-14,7:00 PM,79.3,69.7,73,SE,3.4,9.2,29.19,0.012,Light Drizzle
2025-07-14,8:00 PM,77.5,70.9,80,SE,3.2,8.9,29.21,0.008,Light Drizzle
2025-07-14,9:00 PM,77.3,71.1,81,SW,2.0,3.4,29.21,0.0,Fair
2025-07-14,10:00 PM,75.7,71.2,86,WNW,1.9,3.4,29.23,0.0,Fair
2025-07-14,11:00 PM,75.5,70.7,85,SW,0.2,3.4,29.25,0.0,Fair
2025-07-15,12:00 AM,73.9,70.7,90,S,0.6,1.3,29.25,0.0,Fair
2025-07-15,1:00 AM,72.9,70.7,93,S,0.6,1.6,29.26,0.0,Fair
2025-07-15,2:00 AM,71.5,70.5,97,S,1.8,3.1,29.26,0.0,Fair
2025-07-15,3:00 AM,70.9,70.4,98,SW,0.9,3.1,29.25,0.0,Fair
2025-07-15,4:00 AM,70.4,70.1,99,WNW,0.4,1.6,29.25,0.0,Fair
2025-07-15,5:00 AM,70.1,69.8,99,WSW,0.3,1.1,29.26,0.0,Cloudy
2025-07-15,6:00 AM,69.6,69.6,100,SE,0.3,0.9,29.27,0.0,Cloudy
2025-07-15,7:00 AM,70.8,70.6,99,ENE,0.6,1.8,29.27,0.0,Cloudy
2025-07-15,8:00 AM,71.8,71.2,98,ESE,1.7,5.8,29.28,0.0,Cloudy
2025-07-15,9:00 AM,75.5,71.2,87,ESE,3.0,8.9,29.29,0.0,Fair
2025-07-15,10:00 AM,78.6,71.5,79,SE,4.0,11.9,29.29,0.004,Light Drizzle
2025-07-15,11:00 AM,80.7,72.1,75,SSE,2.6,11.4,29.28,0.0,Partly Cloudy
2025-07-15,12:00 PM,83.2,72.0,69,SSE,1.7,10.1,29.29,0.0,Cloudy
2025-07-15,1:00 PM,84.6,71.2,64,SE,1.2,9.4,29.27,0.004,Light Drizzle
2025-07-15,2:00 PM,85.7,70.6,61,SE,0.7,8.5,29.26,0.0,Cloudy
2025-07-15,3:00 PM,86.5,70.0,58,S,0.8,7.4,29.24,0.0,Cloudy
2025-07-15,4:00 PM,87.2,70.2,57,N,0.1,7.6,29.22,0.0,Cloudy
2025-07-15,5:00 PM,86.3,69.8,58,NNW,1.7,7.8,29.2,0.0,Cloudy
2025-07-15,6:00 PM,86.0,69.4,58,N,1.1,7.6,29.19,0.0,Cloudy
2025-07-15,7:00 PM,82.2,69.9,66,ENE,4.6,10.1,29.19,0.004,Light Drizzle
2025-07-15,8:00 PM,79.8,70.6,74,E,4.2,11.0,29.2,0.0,Cloudy
2025-07-15,9:00 PM,77.0,72.8,87,ENE,2.7,4.7,29.21,0.0,Cloudy
2025-07-15,10:00 PM,75.6,71.4,87,ESE,2.6,4.7,29.2,0.0,Cloudy
2025-07-15,11:00 PM,74.6,71.1,89,ESE,3.0,6.5,29.2,0.0,Cloudy
2025-07-16,12:00 AM,73.7,71.0,91,SE,3.1,5.6,29.19,0.0,Cloudy
2025-07-16,1:00 AM,73.4,71.1,92,S,2.8,6.3,29.2,0.0,Cloudy
2025-07-16,2:00 AM,72.9,70.6,93,S,1.7,5.1,29.19,0.0,Cloudy
2025-07-16,3:00 AM,72.4,70.6,94,SSE,1.7,3.1,29.19,0.0,Cloudy
2025-07-16,4:00 AM,72.3,70.7,95,S,1.4,3.1,29.19,0.0,Cloudy
2025-07-16,5:00 AM,71.2,70.3,97,SSW,2.5,4.3,29.18,0.0,Partly Cloudy
2025-07-16,6:00 AM,71.9,70.8,96,S,3.6,6.3,29.17,0.0,Partly Cloudy
2025-07-16,7:00 AM,72.4,71.1,96,S,5.1,9.2,29.18,0.0,Cloudy
2025-07-16,8:00 AM,75.0,71.7,89,SSW,4.1,9.8,29.2,0.0,Cloudy
2025-07-16,9:00 AM,76.6,73.2,89,SSW,4.8,10.7,29.2,0.0,Cloudy
2025-07-16,10:00 AM,78.0,72.9,84,SSW,5.5,13.0,29.2,0.0,Cloudy
2025-07-16,11:00 AM,81.0,72.5,76,SSW,5.6,16.1,29.19,0.0,Cloudy
2025-07-16,12:00 PM,83.8,72.6,69,SSW,8.0,22.1,29.18,0.008,Light Drizzle
2025-07-16,1:00 PM,84.7,71.1,64,SW,9.4,23.0,29.16,0.004,Light Drizzle
2025-07-16,2:00 PM,85.6,70.5,61,SW,11.8,25.9,29.13,0.004,Light Drizzle
2025-07-16,3:00 PM,75.4,71.7,88,WSW,9.7,29.8,29.13,0.11,Rain
2025-07-16,4:00 PM,79.5,73.0,80,SW,4.0,19.2,29.13,0.0,Cloudy
2025-07-16,5:00 PM,81.4,73.6,77,SSW,4.3,17.2,29.1,0.0,Partly Cloudy
2025-07-16,6:00 PM,82.9,73.1,73,S,4.8,17.2,29.08,0.0,Cloudy
2025-07-16,7:00 PM,77.5,70.6,79,SW,10.8,22.6,29.09,0.169,Rain
2025-07-16,8:00 PM,72.5,71.9,98,SSE,4.1,22.4,29.11,0.185,Rain
2025-07-16,9:00 PM,72.4,72.1,99,S,7.4,14.5,29.08,0.075,Light Rain
2025-07-16,10:00 PM,72.6,71.7,97,SSW,6.7,14.3,29.09,0.012,Light Drizzle
2025-07-16,11:00 PM,71.9,70.8,96,SW,9.8,17.9,29.08,0.004,Light Drizzle
2025-07-17,12:00 AM,71.3,70.5,97,SSW,9.0,19.5,29.09,0.004,Light Drizzle
2025-07-17,1:00 AM,71.0,70.3,98,SSW,9.7,18.8,29.09,0.004,Light Drizzle
2025-07-17,2:00 AM,71.0,70.3,98,SSW,8.7,18.6,29.08,0.0,Fair
2025-07-17,3:00 AM,71.2,70.5,98,SSW,8.3,16.8,29.06,0.0,Fair
2025-07-17,4:00 AM,71.5,70.6,97,SW,9.2,17.4,29.07,0.0,Fair
2025-07-17,5:00 AM,71.5,70.6,97,SW,9.3,17.9,29.08,0.0,Cloudy
2025-07-17,6:00 AM,71.7,70.8,97,SW,9.9,19.2,29.09,0.0,Cloudy
2025-07-17,7:00 AM,72.3,71.2,96,SW,10.0,19.5,29.12,0.0,Cloudy
2025-07-17,8:00 AM,73.9,72.1,94,SW,10.9,22.4,29.13,0.0,Fair
2025-07-17,9:00 AM,76.5,72.3,87,WSW,14.7,29.1,29.12,0.0,Partly Cloudy
2025-07-17,10:00 AM,78.3,72.1,82,WSW,14.6,32.7,29.13,0.0,Fair
2025-07-17,11:00 AM,81.2,71.7,73,W,14.1,33.8,29.13,0.0,Partly Cloudy
2025-07-17,12:00 PM,82.4,71.2,69,W,14.1,32.0,29.14,0.0,Fair
2025-07-17,1:00 PM,83.8,69.4,62,W,13.1,30.9,29.14,0.0,Fair
2025-07-17,2:00 PM,84.8,68.1,57,W,12.2,31.5,29.12,0.0,Cloudy
2025-07-17,3:00 PM,85.1,68.0,57,W,12.1,29.1,29.13,0.0,Cloudy
2025-07-17,4:00 PM,84.7,67.5,56,WNW,10.4,29.1,29.14,0.0,Cloudy
2025-07-17,5:00 PM,84.5,67.1,56,WNW,10.1,23.3,29.14,0.0,Partly Cloudy
2025-07-17,6:00 PM,83.7,67.3,58,WNW,8.4,22.4,29.13,0.0,Fair
2025-07-17,7:00 PM,82.2,68.0,62,WNW,6.9,18.1,29.13,0.0,Partly Cloudy
2025-07-17,8:00 PM,79.7,69.6,71,W,3.9,13.9,29.15,0.0,Cloudy
2025-07-17,9:00 PM,76.6,70.6,82,W,4.2,13.2,29.19,0.016,Light Drizzle
2025-07-17,10:00 PM,75.7,71.0,85,WNW,3.3,7.4,29.21,0.008,Light Drizzle
2025-07-17,11:00 PM,73.8,70.6,90,W,2.5,6.0,29.22,0.008,Light Drizzle
2025-07-18,12:00 AM,73.1,70.9,93,WSW,2.9,5.1,29.22,0.0,Cloudy
2025-07-18,1:00 AM,73.0,70.9,93,NW,4.2,7.4,29.23,0.0,Cloudy
2025-07-18,2:00 AM,72.1,67.5,85,N,7.8,15.2,29.23,0.0,Fair
2025-07-18,3:00 AM,68.8,66.6,93,N,5.7,15.2,29.24,0.0,Partly Cloudy
2025-07-18,4:00 AM,67.9,66.0,94,NNE,6.0,11.6,29.25,0.0,Cloudy
2025-07-18,5:00 AM,67.6,64.9,91,NNE,6.2,13.9,29.26,0.0,Cloudy
2025-07-18,6:00 AM,67.3,64.0,89,NNE,4.4,12.3,29.28,0.0,Cloudy
2025-07-18,7:00 AM,67.3,63.3,87,NE,4.5,9.2,29.28,0.012,Light Drizzle
2025-07-18,8:00 AM,67.3,63.2,87,NE,3.7,9.4,29.3,0.012,Light Drizzle
2025-07-18,9:00 AM,70.6,65.6,84,ENE,3.6,10.1,29.3,0.004,Light Drizzle
2025-07-18,10:00 AM,71.2,66.4,85,E,1.5,9.6,29.31,0.02,Drizzle
2025-07-18,11:00 AM,71.7,67.7,87,SE,1.5,6.9,29.31,0.016,Light Drizzle
2025-07-18,12:00 PM,72.1,67.7,86,ESE,1.7,7.8,29.31,0.012,Light Drizzle
2025-07-18,1:00 PM,74.3,67.4,79,ENE,2.0,9.2,29.3,0.004,Light Drizzle
2025-07-18,2:00 PM,74.8,68.3,80,NE,1.7,8.7,29.29,0.008,Light Drizzle
2025-07-18,3:00 PM,74.3,68.0,81,N,4.8,12.5,29.27,0.004,Light Drizzle
2025-07-18,4:00 PM,75.6,67.9,77,NNE,2.9,13.0,29.25,0.0,Partly Cloudy
2025-07-18,5:00 PM,78.1,67.8,71,NE,2.7,9.8,29.24,0.0,Cloudy
2025-07-18,6:00 PM,78.4,67.6,69,ENE,3.0,9.6,29.23,0.0,Partly Cloudy
2025-07-18,7:00 PM,77.9,67.6,71,E,2.0,8.5,29.23,0.0,Fair
2025-07-18,8:00 PM,76.6,69.4,78,SSE,2.6,5.8,29.23,0.0,Fair
2025-07-18,9:00 PM,72.5,68.8,88,N,3.2,5.6,29.26,0.0,Cloudy
2025-07-18,10:00 PM,72.1,68.9,90,N,2.9,6.5,29.27,0.0,Cloudy
2025-07-18,11:00 PM,71.7,69.4,92,NNW,0.9,5.1,29.28,0.0,Cloudy
2025-07-19,12:00 AM,71.2,68.8,92,NE,0.3,1.6,29.27,0.0,Fair
2025-07-19,1:00 AM,70.1,68.5,95,WNW,0.8,1.8,29.26,0.0,Partly Cloudy
2025-07-19,2:00 AM,69.7,68.3,95,W,1.1,2.5,29.26,0.0,Cloudy
2025-07-19,3:00 AM,70.2,68.5,95,W,1.6,3.4,29.24,0.0,Cloudy
2025-07-19,4:00 AM,69.3,67.9,95,W,1.3,3.1,29.23,0.0,Cloudy
2025-07-19,5:00 AM,68.0,67.3,98,W,1.1,2.7,29.23,0.0,Cloudy
2025-07-19,6:00 AM,67.4,66.9,98,WNW,1.7,2.9,29.23,0.0,Cloudy
2025-07-19,7:00 AM,68.1,67.6,98,WSW,1.0,3.1,29.25,0.0,Cloudy
2025-07-19,8:00 AM,70.2,67.9,93,SE,0.6,4.0,29.25,0.0,Cloudy
2025-07-19,9:00 AM,73.1,67.8,83,W,1.6,6.3,29.26,0.0,Fair
2025-07-19,10:00 AM,76.2,67.6,75,W,2.1,8.9,29.25,0.004,Light Drizzle
2025-07-19,11:00 AM,77.6,67.1,70,SW,2.5,8.7,29.25,0.0,Cloudy
2025-07-19,12:00 PM,79.4,66.5,65,WSW,3.3,10.1,29.25,0.0,Cloudy
2025-07-19,1:00 PM,81.0,66.4,61,WSW,5.0,13.2,29.23,0.0,Cloudy
2025-07-19,2:00 PM,82.0,65.7,58,W,5.4,13.9,29.21,0.0,Cloudy
2025-07-19,3:00 PM,84.4,65.7,54,WSW,4.9,14.5,29.17,0.0,Fair
2025-07-19,4:00 PM,85.2,64.9,51,W,4.9,13.6,29.15,0.0,Fair
2025-07-19,5:00 PM,85.1,65.2,51,W,5.3,13.6,29.14,0.0,Fair
2025-07-19,6:00 PM,84.7,65.0,52,WSW,4.0,13.9,29.13,0.0,Fair
2025-07-19,7:00 PM,83.7,66.1,56,SW,3.4,9.8,29.13,0.0,Cloudy
2025-07-19,8:00 PM,80.7,69.3,68,SW,2.2,6.9,29.14,0.0,Cloudy
2025-07-19,9:00 PM,77.4,69.7,77,WSW,2.8,8.3,29.13,0.0,Cloudy
2025-07-19,10:00 PM,76.6,69.8,79,SSW,2.8,5.4,29.14,0.004,Light Drizzle
2025-07-19,11:00 PM,75.7,69.5,81,SSW,5.0,8.7,29.13,0.024,Drizzle
2025-07-20,12:00 AM,74.7,70.1,86,SSW,4.2,8.9,29.1,0.0,Cloudy
2025-07-20,1:00 AM,72.9,69.5,89,SW,11.2,20.8,29.1,0.008,Light Drizzle
2025-07-20,2:00 AM,69.6,69.1,98,SSW,5.0,23.0,29.08,0.134,Rain
2025-07-20,3:00 AM,70.2,69.4,97,SSW,6.9,13.2,29.06,0.008,Light Drizzle
2025-07-20,4:00 AM,70.6,69.9,98,SW,7.7,15.2,29.06,0.0,Cloudy
2025-07-20,5:00 AM,70.5,69.7,97,WSW,7.9,15.2,29.08,0.004,Light Drizzle
2025-07-20,6:00 AM,70.3,69.7,98,WSW,7.8,15.2,29.08,0.008,Light Drizzle
2025-07-20,7:00 AM,70.6,70.0,98,W,7.4,15.0,29.1,0.004,Light Drizzle
2025-07-20,8:00 AM,71.2,70.3,97,W,7.6,15.0,29.1,0.004,Light Drizzle
2025-07-20,9:00 AM,73.8,70.2,89,W,9.7,20.1,29.11,0.004,Light Drizzle
2025-07-20,10:00 AM,76.1,69.2,79,W,10.4,23.3,29.13,0.004,Light Drizzle
2025-07-20,11:00 AM,78.5,68.2,71,W,10.5,23.7,29.13,0.0,Cloudy
2025-07-20,12:00 PM,80.2,67.6,66,WNW,11.5,25.5,29.13,0.008,Light Drizzle
2025-07-20,1:00 PM,81.6,67.6,63,WNW,11.4,26.4,29.12,0.004,Light Drizzle
2025-07-20,2:00 PM,83.2,66.8,58,WNW,11.5,26.4,29.11,0.0,Cloudy
2025-07-20,3:00 PM,84.4,66.3,55,WNW,11.0,25.9,29.1,0.0,Cloudy
2025-07-20,4:00 PM,84.0,66.4,55,WNW,10.0,24.8,29.08,0.004,Light Drizzle
2025-07-20,5:00 PM,84.0,66.7,56,NW,8.8,22.4,29.07,0.0,Cloudy
2025-07-20,6:00 PM,83.1,66.3,57,WNW,9.5,21.3,29.08,0.0,Cloudy
2025-07-20,7:00 PM,79.7,67.7,67,NW,5.9,20.6,29.09,0.004,Light Drizzle
2025-07-20,8:00 PM,76.9,68.6,76,NNW,5.1,12.1,29.09,0.031,Drizzle
2025-07-20,9:00 PM,74.7,70.4,87,WNW,5.1,10.5,29.12,0.004,Light Drizzle
2025-07-20,10:00 PM,73.8,70.7,90,WNW,5.8,11.2,29.13,0.004,Light Drizzle
2025-07-20,11:00 PM,72.6,69.7,91,NW,6.5,12.3,29.14,0.008,Light Drizzle
2025-07-21,12:00 AM,71.2,69.0,93,NNW,7.3,13.9,29.14,0.0,Partly Cloudy
2025-07-21,1:00 AM,70.0,66.7,89,N,8.1,16.6,29.15,0.0,Cloudy
2025-07-21,2:00 AM,68.9,64.4,86,N,6.2,15.4,29.16,0.0,Partly Cloudy
2025-07-21,3:00 AM,67.0,63.2,88,N,6.0,12.1,29.15,0.0,Fair
2025-07-21,4:00 AM,64.9,62.4,92,N,5.7,11.6,29.15,0.0,Fair
2025-07-21,5:00 AM,63.4,61.9,95,N,5.8,11.0,29.15,0.0,Fair
2025-07-21,6:00 AM,62.4,61.3,96,N,5.5,11.0,29.17,0.0,Fair
2025-07-21,7:00 AM,62.6,61.3,96,NNW,5.0,10.3,29.19,0.0,Fair
2025-07-21,8:00 AM,64.8,61.3,89,N,4.3,10.3,29.21,0.0,Fair
2025-07-21,9:00 AM,67.7,62.2,82,NNE,4.7,12.1,29.22,0.0,Cloudy
2025-07-21,10:00 AM,70.7,61.7,73,NNE,3.9,12.1,29.23,0.0,Cloudy
2025-07-21,11:00 AM,72.4,61.7,69,N,3.5,11.4,29.23,0.0,Cloudy
2025-07-21,12:00 PM,75.6,58.3,55,N,3.3,11.6,29.23,0.0,Cloudy
2025-07-21,1:00 PM,77.7,56.0,47,NNW,4.6,13.6,29.22,0.0,Cloudy
2025-07-21,2:00 PM,79.4,53.7,41,NNW,5.5,15.4,29.21,0.0,Cloudy
2025-07-21,3:00 PM,80.4,52.9,39,N,5.7,15.7,29.2,0.0,Fair
2025-07-21,4:00 PM,80.4,53.1,39,N,6.7,17.0,29.19,0.0,Fair
2025-07-21,5:00 PM,80.1,54.1,41,N,6.8,17.0,29.18,0.0,Fair
2025-07-21,6:00 PM,79.0,56.1,45,N,6.7,16.8,29.17,0.0,Fair
2025-07-21,7:00 PM,77.5,57.5,50,N,6.2,15.4,29.18,0.0,Fair
2025-07-21,8:00 PM,74.7,60.2,61,N,4.3,13.0,29.19,0.0,Fair
2025-07-21,9:00 PM,72.1,59.2,64,NNW,4.7,8.3,29.21,0.0,Fair
2025-07-21,10:00 PM,70.4,59.2,68,N,5.9,10.3,29.22,0.0,Cloudy
2025-07-21,11:00 PM,68.5,60.1,74,NNE,7.3,13.9,29.23,0.0,Fair
2025-07-22,12:00 AM,66.3,59.5,79,NNE,6.5,13.9,29.24,0.0,Fair
2025-07-22,1:00 AM,64.7,58.7,81,NNE,6.4,12.5,29.24,0.0,Fair
2025-07-22,2:00 AM,63.4,58.0,83,NNE,5.5,12.1,29.25,0.0,Fair
2025-07-22,3:00 AM,62.4,57.0,82,NE,5.6,10.3,29.25,0.0,Fair
2025-07-22,4:00 AM,61.3,55.7,82,NE,5.4,10.3,29.24,0.0,Fair
2025-07-22,5:00 AM,60.4,54.7,81,NE,4.8,9.8,29.25,0.0,Fair
2025-07-22,6:00 AM,59.6,54.6,83,NE,4.0,8.7,29.26,0.0,Fair
2025-07-22,7:00 AM,59.8,55.0,84,NE,4.6,8.3,29.28,0.0,Fair
2025-07-22,8:00 AM,62.3,56.0,80,NE,3.3,8.7,29.29,0.0,Fair
2025-07-22,9:00 AM,65.9,57.7,75,NE,2.4,8.5,29.31,0.0,Fair
2025-07-22,10:00 AM,70.8,58.0,64,NE,1.8,8.5,29.31,0.0,Fair
2025-07-22,11:00 AM,74.6,55.0,51,NNE,2.4,9.6,29.31,0.0,Fair
2025-07-22,12:00 PM,77.1,54.2,45,NNE,3.0,11.0,29.3,0.0,Fair
2025-07-22,1:00 PM,79.3,52.3,39,NNE,3.4,12.1,29.29,0.0,Fair
2025-07-22,2:00 PM,81.1,51.0,35,N,3.4,11.9,29.28,0.0,Fair
2025-07-22,3:00 PM,82.3,50.4,33,N,3.7,12.1,29.27,0.0,Partly Cloudy
2025-07-22,4:00 PM,82.9,51.0,33,N,4.3,12.8,29.27,0.0,Cloudy
2025-07-22,5:00 PM,82.8,52.0,35,N,4.6,12.8,29.26,0.0,Cloudy
2025-07-22,6:00 PM,81.7,52.8,37,N,5.1,12.8,29.25,0.0,Cloudy
2025-07-22,7:00 PM,79.7,54.4,42,N,5.5,12.5,29.25,0.0,Fair
2025-07-22,8:00 PM,75.8,56.5,51,N,5.9,11.9,29.25,0.0,Fair
2025-07-22,9:00 PM,71.5,57.1,60,N,4.5,9.2,29.28,0.0,Fair
2025-07-22,10:00 PM,69.4,57.2,65,NNE,4.4,8.5,29.29,0.0,Fair
2025-07-22,11:00 PM,67.8,57.5,69,NNE,3.7,7.6,29.3,0.0,Fair
2025-07-23,12:00 AM,66.7,57.7,73,NE,3.8,6.9,29.3,0.0,Fair
2025-07-23,1:00 AM,65.3,58.1,78,NNE,3.6,6.5,29.3,0.0,Fair
2025-07-23,2:00 AM,64.8,58.3,80,NNE,4.0,6.9,29.3,0.0,Fair
2025-07-23,3:00 AM,64.0,58.5,82,NNE,3.8,6.9,29.3,0.0,Fair
2025-07-23,4:00 AM,62.8,58.4,86,NE,3.1,6.7,29.28,0.0,Fair
2025-07-23,5:00 AM,61.6,58.3,89,NE,2.0,5.4,29.28,0.0,Fair
2025-07-23,6:00 AM,61.4,58.4,90,ENE,1.1,3.4,29.29,0.0,Fair
2025-07-23,7:00 AM,62.4,59.5,90,ENE,1.4,2.5,29.31,0.0,Fair
2025-07-23,8:00 AM,66.0,60.4,82,SSE,1.0,4.7,29.34,0.0,Partly Cloudy
2025-07-23,9:00 AM,70.1,61.2,73,S,1.3,6.3,29.35,0.0,Fair
2025-07-23,10:00 AM,75.7,61.9,62,S,1.2,7.2,29.34,0.0,Fair
2025-07-23,11:00 AM,80.3,60.4,51,SSW,1.2,7.6,29.35,0.0,Fair
2025-07-23,12:00 PM,83.5,58.5,43,SSW,2.0,9.2,29.35,0.0,Partly Cloudy
2025-07-23,1:00 PM,85.7,58.6,40,SW,2.9,11.0,29.35,0.0,Cloudy
2025-07-23,2:00 PM,87.6,60.8,41,WSW,3.1,11.2,29.33,0.0,Fair
2025-07-23,3:00 PM,89.2,61.5,40,WSW,4.7,13.6,29.31,0.0,Fair
2025-07-23,4:00 PM,89.5,61.3,39,SW,6.5,16.8,29.29,0.0,Fair
2025-07-23,5:00 PM,89.8,60.3,37,SW,6.7,17.0,29.28,0.0,Fair
2025-07-23,6:00 PM,89.5,59.5,37,SW,7.5,17.0,29.28,0.0,Fair
2025-07-23,7:00 PM,86.9,62.6,44,SSW,8.2,19.0,29.28,0.0,Partly Cloudy
2025-07-23,8:00 PM,83.7,64.1,52,SSW,4.8,17.0,29.29,0.0,Partly Cloudy
2025-07-23,9:00 PM,79.9,69.7,71,SSW,3.0,7.6,29.29,0.0,Cloudy
2025-07-23,10:00 PM,78.4,69.9,75,SSW,3.4,6.3,29.3,0.0,Cloudy
2025-07-23,11:00 PM,76.6,69.9,80,SSW,3.3,6.0,29.3,0.0,Fair
2025-07-24,12:00 AM,75.4,70.1,84,SSW,3.6,6.3,29.3,0.0,Fair
2025-07-24,1:00 AM,74.4,70.3,87,S,4.1,6.9,29.31,0.0,Fair
2025-07-24,2:00 AM,73.5,70.4,90,S,5.0,8.7,29.3,0.0,Fair
2025-07-24,3:00 AM,72.9,70.3,92,S,6.4,11.2,29.29,0.0,Fair
2025-07-24,4:00 AM,72.6,69.2,89,SSW,7.9,14.8,29.28,0.0,Fair
2025-07-24,5:00 AM,72.1,66.1,81,SSW,8.0,15.9,29.3,0.0,Partly Cloudy
2025-07-24,6:00 AM,71.2,64.2,79,SSW,7.5,15.9,29.31,0.0,Fair
2025-07-24,7:00 AM,71.0,63.8,78,SSW,7.2,14.5,29.34,0.0,Fair
2025-07-24,8:00 AM,73.3,64.2,73,SSW,6.1,14.3,29.35,0.0,Fair
2025-07-24,9:00 AM,76.6,66.0,70,SSW,7.5,17.4,29.35,0.0,Fair
2025-07-24,10:00 AM,80.1,67.1,65,SSW,7.1,17.7,29.34,0.0,Fair
2025-07-24,11:00 AM,83.3,68.5,61,SW,7.5,19.2,29.34,0.0,Fair
2025-07-24,12:00 PM,86.8,68.7,55,SW,9.2,22.4,29.33,0.0,Partly Cloudy
2025-07-24,1:00 PM,88.1,68.1,52,SW,8.7,22.6,29.31,0.0,Cloudy
2025-07-24,2:00 PM,89.9,67.2,47,SW,8.1,21.5,29.29,0.0,Cloudy
2025-07-24,3:00 PM,90.2,66.9,46,WSW,7.4,20.6,29.28,0.0,Cloudy
2025-07-24,4:00 PM,90.7,67.0,46,SW,6.8,18.6,29.25,0.0,Fair
2025-07-24,5:00 PM,90.7,67.2,46,SW,7.5,18.3,29.23,0.0,Fair
2025-07-24,6:00 PM,89.9,68.2,49,SW,7.6,18.8,29.22,0.0,Fair
2025-07-24,7:00 PM,88.8,68.9,52,SW,7.7,17.7,29.22,0.0,Fair
2025-07-24,8:00 PM,86.5,69.7,57,SSW,6.3,16.6,29.22,0.0,Fair
2025-07-24,9:00 PM,81.6,73.0,75,SSW,5.8,11.9,29.23,0.0,Fair
2025-07-24,10:00 PM,80.8,72.9,77,SSW,6.9,13.2,29.23,0.0,Fair
2025-07-24,11:00 PM,79.7,72.9,80,SSW,7.0,13.6,29.23,0.0,Fair
2025-07-25,12:00 AM,79.2,73.0,81,SW,7.5,14.5,29.23,0.0,Fair
2025-07-25,1:00 AM,78.8,72.9,82,WSW,6.4,17.0,29.24,0.0,Partly Cloudy
2025-07-25,2:00 AM,77.8,72.4,84,WSW,6.7,12.5,29.22,0.0,Fair
2025-07-25,3:00 AM,75.1,70.5,86,W,6.5,22.1,29.23,0.004,Light Drizzle
2025-07-25,4:00 AM,73.6,70.0,89,SW,6.4,14.1,29.23,0.0,Partly Cloudy
2025-07-25,5:00 AM,72.6,70.0,92,SW,6.8,13.6,29.23,0.0,Partly Cloudy
2025-07-25,6:00 AM,71.9,70.0,94,SW,6.6,13.9,29.23,0.0,Fair
2025-07-25,7:00 AM,72.3,70.3,93,SW,6.5,13.2,29.24,0.0,Fair
2025-07-25,8:00 AM,75.1,70.9,87,SW,5.1,13.6,29.25,0.0,Fair
2025-07-25,9:00 AM,74.0,71.2,91,W,6.1,20.6,29.28,0.118,Rain
2025-07-25,10:00 AM,79.1,72.8,81,W,7.5,15.7,29.27,0.0,Cloudy
2025-07-25,11:00 AM,83.9,72.0,67,W,8.0,18.8,29.27,0.0,Partly Cloudy
2025-07-25,12:00 PM,87.4,71.6,60,W,5.4,21.3,29.26,0.0,Fair
2025-07-25,1:00 PM,90.1,69.1,50,WSW,6.6,19.5,29.24,0.0,Fair
2025-07-25,2:00 PM,91.4,67.3,45,W,8.3,20.4,29.22,0.0,Fair
2025-07-25,3:00 PM,91.9,66.5,43,W,9.6,22.1,29.21,0.0,Cloudy
2025-07-25,4:00 PM,90.9,66.3,45,W,9.2,22.4,29.18,0.0,Cloudy
2025-07-25,5:00 PM,92.6,66.3,42,W,8.2,21.0,29.18,0.0,Cloudy
2025-07-25,6:00 PM,87.7,67.6,52,NNW,8.1,19.2,29.19,0.008,Light Drizzle
2025-07-25,7:00 PM,86.4,69.7,58,NNW,3.5,18.1,29.2,0.004,Light Drizzle
2025-07-25,8:00 PM,82.6,72.6,72,NE,2.7,7.4,29.22,0.0,Cloudy
2025-07-25,9:00 PM,81.1,70.7,71,WSW,5.5,12.1,29.23,0.0,Cloudy
2025-07-25,10:00 PM,79.3,70.6,75,SSW,2.3,10.3,29.24,0.0,Cloudy
2025-07-25,11:00 PM,77.7,70.5,79,SSW,4.0,6.7,29.25,0.0,Cloudy
2025-07-26,12:00 AM,76.8,70.6,81,WSW,3.8,8.1,29.26,0.0,Cloudy
2025-07-26,1:00 AM,76.1,70.9,84,SSW,3.4,6.7,29.26,0.0,Cloudy
2025-07-26,2:00 AM,75.1,71.2,88,SW,4.3,7.4,29.25,0.0,Cloudy
2025-07-26,3:00 AM,74.3,71.5,91,SW,4.1,7.6,29.24,0.0,Partly Cloudy
2025-07-26,4:00 AM,73.3,71.7,95,SW,3.4,6.9,29.24,0.0,Partly Cloudy
2025-07-26,5:00 AM,72.7,71.5,96,SW,4.8,8.5,29.25,0.0,Cloudy
2025-07-26,6:00 AM,72.4,71.3,96,SSW,4.8,9.6,29.26,0.0,Cloudy
2025-07-26,7:00 AM,72.6,71.1,95,SW,4.9,9.2,29.26,0.0,Cloudy
2025-07-26,8:00 AM,75.1,70.7,86,SW,3.0,9.8,29.28,0.0,Cloudy
2025-07-26,9:00 AM,75.3,71.3,88,NW,4.6,10.7,29.3,0.0,Cloudy
2025-07-26,10:00 AM,77.7,70.8,79,SW,4.2,15.0,29.28,0.004,Light Drizzle
2025-07-26,11:00 AM,82.5,70.6,67,SSW,5.0,14.3,29.28,0.0,Fair
2025-07-26,12:00 PM,86.4,71.4,61,WSW,6.5,19.2,29.28,0.0,Fair
2025-07-26,1:00 PM,89.2,71.3,56,WSW,8.1,21.5,29.27,0.0,Partly Cloudy
2025-07-26,2:00 PM,90.7,70.2,51,WSW,8.2,22.1,29.26,0.0,Fair
2025-07-26,3:00 PM,91.5,68.7,47,WSW,7.6,21.3,29.23,0.0,Fair
2025-07-26,4:00 PM,91.8,68.1,46,WSW,7.6,19.7,29.21,0.0,Fair
2025-07-26,5:00 PM,91.9,67.8,45,SW,7.6,19.0,29.19,0.0,Fair
2025-07-26,6:00 PM,91.1,68.1,47,WSW,7.2,19.5,29.18,0.0,Fair
2025-07-26,7:00 PM,80.5,71.6,74,N,4.1,18.8,29.21,0.13,Rain
2025-07-26,8:00 PM,77.9,73.1,85,SE,2.9,13.6,29.21,0.004,Light Drizzle
2025-07-26,9:00 PM,75.1,71.8,89,SE,4.5,9.8,29.23,0.0,Partly Cloudy
2025-07-26,10:00 PM,74.5,71.7,91,SSE,3.3,7.8,29.24,0.0,Cloudy
2025-07-26,11:00 PM,74.3,71.4,91,SSE,4.2,7.2,29.23,0.0,Partly Cloudy
2025-07-27,12:00 AM,74.4,70.9,89,SSW,4.7,8.5,29.23,0.0,Fair
2025-07-27,1:00 AM,74.1,70.8,89,SSW,5.2,8.9,29.21,0.0,Fair
2025-07-27,2:00 AM,73.9,71.2,91,SSW,5.7,10.5,29.21,0.0,Cloudy
2025-07-27,3:00 AM,72.6,70.7,94,SSW,8.6,14.8,29.21,0.138,Rain
2025-07-27,4:00 AM,71.7,70.8,97,SSW,8.1,18.3,29.2,0.012,Light Drizzle
2025-07-27,5:00 AM,72.2,71.2,97,SW,6.9,15.4,29.2,0.0,Cloudy
2025-07-27,6:00 AM,72.9,71.7,96,SW,6.4,12.8,29.21,0.0,Cloudy
2025-07-27,7:00 AM,73.3,72.0,96,WSW,7.2,13.4,29.21,0.0,Fair
2025-07-27,8:00 AM,73.9,72.1,94,W,7.5,15.9,29.23,0.134,Rain
2025-07-27,9:00 AM,75.0,72.7,92,W,9.8,20.6,29.25,0.122,Rain
2025-07-27,10:00 AM,75.4,73.0,92,W,7.6,19.0,29.26,0.008,Light Drizzle
2025-07-27,11:00 AM,77.5,72.1,83,W,7.7,18.8,29.25,0.004,Light Drizzle
2025-07-27,12:00 PM,79.9,72.5,78,WSW,6.2,17.4,29.26,0.004,Light Drizzle
2025-07-27,1:00 PM,82.1,72.2,72,W,8.0,22.4,29.25,0.0,Cloudy
2025-07-27,2:00 PM,84.1,72.7,69,W,7.6,22.8,29.23,0.0,Cloudy
2025-07-27,3:00 PM,84.9,72.4,66,W,7.9,21.5,29.23,0.0,Cloudy
2025-07-27,4:00 PM,85.2,71.7,64,W,7.8,19.5,29.22,0.0,Cloudy
2025-07-27,5:00 PM,82.5,71.5,70,WSW,10.8,23.7,29.22,0.004,Light Drizzle
2025-07-27,6:00 PM,81.1,72.2,74,W,8.8,24.8,29.22,0.004,Light Drizzle
2025-07-27,7:00 PM,81.0,72.9,76,WNW,6.9,19.0,29.22,0.0,Fair
2025-07-27,8:00 PM,79.7,73.3,81,WNW,3.5,15.0,29.22,0.0,Fair
2025-07-27,9:00 PM,77.6,74.7,91,WSW,6.0,12.8,29.24,0.0,Cloudy
2025-07-27,10:00 PM,76.6,74.0,92,W,5.8,11.9,29.26,0.0,Cloudy
2025-07-27,11:00 PM,75.5,73.8,94,W,4.1,10.7,29.26,0.0,Fair
2025-07-28,12:00 AM,74.4,73.0,96,W,3.5,6.9,29.26,0.0,Fair
2025-07-28,1:00 AM,73.3,72.5,97,W,2.9,6.0,29.26,0.0,Fair
2025-07-28,2:00 AM,72.1,72.0,99,W,3.0,5.1,29.26,0.0,Cloudy
2025-07-28,3:00 AM,71.4,71.4,100,W,3.2,5.6,29.26,0.0,Cloudy
2025-07-28,4:00 AM,71.2,71.1,100,WNW,3.0,6.0,29.26,0.0,Cloudy
2025-07-28,5:00 AM,70.8,70.6,99,NW,2.3,5.8,29.27,0.0,Cloudy
2025-07-28,6:00 AM,70.3,70.3,100,NNW,1.5,5.1,29.28,0.0,Cloudy
2025-07-28,7:00 AM,70.7,70.4,99,NW,1.3,5.1,29.29,0.0,Cloudy
2025-07-28,8:00 AM,71.2,70.9,99,SW,1.3,5.4,29.3,0.0,Cloudy
2025-07-28,9:00 AM,73.0,71.9,96,SW,2.6,7.8,29.32,0.0,Cloudy
2025-07-28,10:00 AM,76.8,72.1,85,SSW,3.8,10.5,29.32,0.0,Cloudy
2025-07-28,11:00 AM,80.4,70.8,73,SSW,4.1,11.9,29.31,0.0,Fair
2025-07-28,12:00 PM,83.1,69.9,64,SW,5.4,14.8,29.31,0.0,Fair
2025-07-28,1:00 PM,85.3,69.4,59,SW,5.5,15.9,29.29,0.0,Fair
2025-07-28,2:00 PM,86.8,69.2,56,SSW,5.1,15.0,29.26,0.0,Fair
2025-07-28,3:00 PM,88.2,68.7,53,SW,4.2,14.3,29.24,0.0,Fair
2025-07-28,4:00 PM,88.9,68.0,50,SW,3.2,12.3,29.23,0.0,Partly Cloudy
2025-07-28,5:00 PM,89.0,67.9,50,SW,2.8,10.3,29.22,0.0,Fair
2025-07-28,6:00 PM,88.4,68.0,51,SW,2.1,8.7,29.21,0.0,Fair
2025-07-28,7:00 PM,87.1,70.4,58,W,2.6,6.5,29.22,0.0,Fair
2025-07-28,8:00 PM,83.7,73.0,70,WSW,4.2,7.6,29.22,0.0,Cloudy
2025-07-28,9:00 PM,79.9,73.8,82,WSW,2.5,4.3,29.24,0.0,Cloudy
2025-07-28,10:00 PM,79.4,73.6,82,SW,3.8,6.5,29.24,0.0,Cloudy
2025-07-28,11:00 PM,78.4,73.7,85,SSW,3.4,6.7,29.23,0.0,Cloudy
2025-07-29,12:00 AM,77.5,73.6,88,SSW,4.5,7.8,29.22,0.0,Cloudy
2025-07-29,1:00 AM,76.2,73.6,92,WSW,3.9,8.1,29.23,0.0,Cloudy
2025-07-29,2:00 AM,75.0,73.5,95,SW,2.7,6.9,29.22,0.004,Light Drizzle
2025-07-29,3:00 AM,74.0,73.2,97,SSW,4.1,7.6,29.22,0.004,Light Drizzle
2025-07-29,4:00 AM,73.5,72.7,97,SSW,3.6,7.6,29.23,0.004,Light Drizzle
2025-07-29,5:00 AM,72.8,72.1,98,WSW,3.0,6.5,29.24,0.0,Cloudy
2025-07-29,6:00 AM,72.6,72.1,98,SW,2.9,5.4,29.25,0.0,Partly Cloudy
2025-07-29,7:00 AM,72.3,72.0,99,SSW,3.5,6.3,29.26,0.0,Fair
2025-07-29,8:00 AM,74.4,72.1,93,SW,2.6,7.8,29.26,0.0,Fair
2025-07-29,9:00 AM,74.6,73.1,95,W,3.1,8.9,29.28,0.035,Drizzle
2025-07-29,10:00 AM,71.1,69.7,96,SW,2.4,11.2,29.29,0.142,Rain
2025-07-29,11:00 AM,73.7,70.6,90,NW,2.6,8.7,29.29,0.02,Drizzle
2025-07-29,12:00 PM,77.1,72.0,84,SE,3.3,10.5,29.29,0.0,Partly Cloudy
2025-07-29,1:00 PM,80.1,72.7,78,SSW,2.7,12.5,29.27,0.0,Partly Cloudy
2025-07-29,2:00 PM,82.5,72.6,72,E,2.1,10.1,29.26,0.0,Fair
2025-07-29,3:00 PM,84.4,72.5,68,NE,1.7,9.4,29.25,0.004,Light Drizzle
2025-07-29,4:00 PM,85.6,72.3,65,NNE,2.2,8.9,29.23,0.004,Light Drizzle
2025-07-29,5:00 PM,86.7,72.2,62,E,2.5,9.4,29.22,0.0,Fair
2025-07-29,6:00 PM,86.9,71.7,61,E,2.3,9.6,29.21,0.0,Cloudy
2025-07-29,7:00 PM,85.5,72.4,65,ESE,3.1,8.9,29.2,0.0,Fair
2025-07-29,8:00 PM,82.1,76.0,82,SSW,1.1,7.4,29.21,0.0,Partly Cloudy
2025-07-29,9:00 PM,78.7,76.0,91,SSW,0.4,2.0,29.23,0.0,Fair
2025-07-29,10:00 PM,77.6,75.7,94,WSW,2.9,4.9,29.24,0.0,Fair
2025-07-29,11:00 PM,76.5,74.7,94,WSW,1.7,6.0,29.24,0.0,Fair
2025-07-30,12:00 AM,75.7,74.1,95,S,1.2,2.7,29.23,0.004,Light Drizzle
2025-07-30,1:00 AM,75.3,74.1,96,W,3.2,5.6,29.22,0.0,Fair
2025-07-30,2:00 AM,74.0,72.7,96,NW,2.5,6.0,29.21,0.0,Fair
2025-07-30,3:00 AM,74.0,72.3,94,NNW,4.4,7.6,29.22,0.0,Fair
2025-07-30,4:00 AM,73.1,71.1,93,N,4.1,8.1,29.22,0.0,Fair
2025-07-30,5:00 AM,71.5,69.6,94,NNE,2.6,7.4,29.23,0.0,Fair
2025-07-30,6:00 AM,70.8,69.0,94,NNE,2.8,4.9,29.24,0.0,Fair
2025-07-30,7:00 AM,71.5,69.5,93,NNE,3.5,6.3,29.26,0.0,Fair
2025-07-30,8:00 AM,73.7,70.3,89,N,4.3,9.6,29.27,0.0,Fair
2025-07-30,9:00 AM,76.5,73.3,90,NNW,1.3,6.5,29.25,0.0,Fair
2025-07-30,10:00 AM,79.9,73.8,82,NNW,1.0,7.2,29.25,0.0,Fair
2025-07-30,11:00 AM,83.5,73.4,72,NW,1.1,7.2,29.25,0.0,Fair
2025-07-30,12:00 PM,86.5,70.3,58,NNW,3.1,10.5,29.25,0.0,Fair
2025-07-30,1:00 PM,88.2,69.0,53,NW,3.1,10.7,29.23,0.0,Fair
2025-07-30,2:00 PM,89.7,67.8,49,NNW,2.8,10.5,29.21,0.0,Fair
2025-07-30,3:00 PM,90.8,66.6,45,NNW,2.9,10.3,29.19,0.0,Partly Cloudy
2025-07-30,4:00 PM,91.0,65.0,42,NNW,2.9,10.1,29.16,0.0,Cloudy
2025-07-30,5:00 PM,91.0,64.2,41,NNW,2.0,9.4,29.15,0.0,Fair
2025-07-30,6:00 PM,90.4,64.4,42,NNW,2.7,7.8,29.14,0.0,Fair
2025-07-30,7:00 PM,88.4,68.5,52,NW,2.6,7.2,29.14,0.0,Fair
2025-07-30,8:00 PM,84.9,69.3,60,N,4.5,7.4,29.15,0.0,Fair
2025-07-30,9:00 PM,79.1,70.0,74,NNE,5.2,14.3,29.17,0.0,Cloudy
2025-07-30,10:00 PM,77.7,70.0,77,NNE,5.8,10.7,29.18,0.0,Cloudy
2025-07-30,11:00 PM,76.6,69.9,80,NNE,3.8,10.7,29.18,0.0,Fair
2025-07-31,12:00 AM,76.0,70.6,83,E,0.7,6.7,29.19,0.0,Fair
2025-07-31,1:00 AM,75.6,70.5,84,N,0.8,1.8,29.18,0.0,Fair
2025-07-31,2:00 AM,74.6,70.6,87,NE,2.1,3.6,29.16,0.0,Partly Cloudy
2025-07-31,3:00 AM,73.9,70.3,89,NE,2.5,4.5,29.15,0.0,Fair
2025-07-31,4:00 AM,73.0,69.8,90,NNE,2.5,4.5,29.14,0.0,Fair
2025-07-31,5:00 AM,72.1,69.1,90,NNE,2.5,4.5,29.14,0.0,Fair
2025-07-31,6:00 AM,71.6,68.8,91,N,4.6,7.6,29.15,0.0,Fair
2025-07-31,7:00 AM,71.2,68.3,91,NE,4.9,10.3,29.16,0.0,Partly Cloudy
2025-07-31,8:00 AM,73.2,68.5,85,NNE,3.2,9.2,29.17,0.0,Cloudy
2025-07-31,9:00 AM,73.9,67.7,81,N,4.0,10.5,29.18,0.0,Cloudy
2025-07-31,10:00 AM,75.0,67.7,78,N,4.8,12.8,29.18,0.004,Light Drizzle
2025-07-31,11:00 AM,75.9,68.2,77,N,3.8,12.3,29.18,0.004,Light Drizzle
2025-07-31,12:00 PM,79.4,69.0,70,N,5.0,14.1,29.19,0.0,Cloudy
2025-07-31,1:00 PM,79.1,69.6,73,NNW,3.0,14.5,29.17,0.02,Drizzle
2025-07-31,2:00 PM,79.6,69.9,72,NNW,5.1,13.4,29.17,0.008,Light Drizzle
2025-07-31,3:00 PM,76.6,69.4,78,NNW,8.5,19.0,29.16,0.012,Light Drizzle
2025-07-31,4:00 PM,74.1,69.0,84,N,9.8,23.0,29.16,0.02,Drizzle
2025-07-31,5:00 PM,75.5,68.5,79,N,8.2,22.6,29.16,0.004,Light Drizzle
2025-07-31,6:00 PM,73.3,67.6,82,NNE,7.8,18.8,29.17,0.004,Light Drizzle
2025-07-31,7:00 PM,71.2,66.6,85,N,9.4,20.1,29.19,0.0,Cloudy
2025-07-31,8:00 PM,68.4,64.4,87,N,10.7,24.2,29.2,0.012,Light Drizzle
2025-07-31,9:00 PM,67.3,61.4,82,NNE,8.9,20.8,29.24,0.0,Cloudy
2025-07-31,10:00 PM,66.1,60.9,83,NNE,9.7,19.9,29.26,0.0,Cloudy
2025-07-31,11:00 PM,64.4,59.3,83,NNE,10.1,20.8,29.28,0.0,Cloudy
2025-08-01,12:00 AM,63.1,57.3,81,NNE,10.1,21.3,29.29,0.0,Cloudy
2025-08-01,1:00 AM,62.3,55.7,79,NNE,9.6,20.8,29.29,0.0,Partly Cloudy
2025-08-01,2:00 AM,61.7,54.2,76,NNE,9.0,19.9,29.3,0.0,Fair
2025-08-01,3:00 AM,61.1,53.2,75,NNE,8.7,18.8,29.3,0.0,Fair
2025-08-01,4:00 AM,60.5,53.1,76,NNE,8.4,17.9,29.31,0.0,Fair
2025-08-01,5:00 AM,60.0,53.4,79,NNE,8.2,17.2,29.32,0.0,Fair
2025-08-01,6:00 AM,59.6,53.5,80,NNE,8.1,16.8,29.34,0.0,Fair
2025-08-01,7:00 AM,59.7,53.2,79,NNE,8.1,16.8,29.35,0.0,Partly Cloudy
2025-08-01,8:00 AM,61.1,53.1,75,NNE,7.8,17.0,29.37,0.0,Fair
2025-08-01,9:00 AM,63.7,54.9,73,NNE,7.4,17.4,29.38,0.0,Fair
2025-08-01,10:00 AM,66.9,55.5,67,NNE,7.5,18.1,29.39,0.0,Fair
2025-08-01,11:00 AM,70.3,55.7,60,NNE,7.8,19.2,29.39,0.0,Fair
2025-08-01,12:00 PM,73.1,55.1,53,NNE,8.2,20.4,29.4,0.0,Fair
2025-08-01,1:00 PM,75.3,54.7,49,NE,7.9,20.4,29.39,0.0,Fair
2025-08-01,2:00 PM,77.0,53.8,45,NNE,7.9,19.9,29.39,0.0,Fair
2025-08-01,3:00 PM,77.6,52.2,41,NNE,8.6,20.6,29.38,0.0,Fair
2025-08-01,4:00 PM,77.8,50.7,39,NNE,8.9,21.0,29.37,0.0,Fair
2025-08-01,5:00 PM,77.5,49.6,38,NNE,9.2,21.0,29.36,0.0,Fair
2025-08-01,6:00 PM,76.1,49.5,39,NNE,9.7,21.5,29.36,0.0,Fair
2025-08-01,7:00 PM,73.9,51.1,45,N,9.7,21.9,29.38,0.0,Fair
2025-08-01,8:00 PM,70.6,51.6,51,N,8.2,20.1,29.39,0.0,Fair
2025-08-01,9:00 PM,67.5,51.5,57,N,6.7,15.7,29.41,0.0,Fair
2025-08-01,10:00 PM,65.8,52.1,61,N,7.8,15.2,29.43,0.0,Fair
2025-08-01,11:00 PM,64.6,53.2,66,NNE,7.8,15.9,29.44,0.0,Fair
2025-08-02,12:00 AM,63.3,53.7,71,NNE,7.5,15.4,29.44,0.0,Fair
2025-08-02,1:00 AM,62.5,53.9,73,NNE,7.4,14.8,29.44,0.0,Fair
2025-08-02,2:00 AM,62.1,53.7,74,NNE,7.5,14.5,29.44,0.0,Cloudy
2025-08-02,3:00 AM,61.9,53.2,73,NE,6.8,15.0,29.43,0.0,Cloudy
2025-08-02,4:00 AM,61.1,52.6,74,NE,7.3,14.1,29.43,0.0,Partly Cloudy
2025-08-02,5:00 AM,59.8,52.3,76,NE,7.0,14.3,29.44,0.0,Fair
2025-08-02,6:00 AM,58.9,52.1,78,NE,6.4,13.6,29.44,0.0,Fair
2025-08-02,7:00 AM,58.8,52.2,79,NE,6.1,12.1,29.45,0.0,Cloudy
2025-08-02,8:00 AM,61.4,53.2,74,NNE,6.0,12.8,29.46,0.0,Cloudy
2025-08-02,9:00 AM,64.1,53.1,67,NE,6.0,14.3,29.47,0.0,Cloudy
2025-08-02,10:00 AM,68.2,52.6,58,ENE,6.1,15.0,29.47,0.0,Cloudy
2025-08-02,11:00 AM,71.3,51.0,49,ENE,5.9,15.4,29.47,0.0,Cloudy
2025-08-02,12:00 PM,73.6,50.7,45,ENE,5.7,15.4,29.46,0.0,Cloudy
2025-08-02,1:00 PM,75.7,50.5,41,NE,5.3,15.2,29.44,0.0,Cloudy
2025-08-02,2:00 PM,76.9,50.0,39,NNE,5.5,15.4,29.42,0.0,Cloudy
2025-08-02,3:00 PM,76.8,47.7,36,NNE,5.9,15.7,29.41,0.0,Cloudy
2025-08-02,4:00 PM,76.6,44.2,31,NNE,6.6,16.3,29.39,0.0,Cloudy
2025-08-02,5:00 PM,76.6,42.0,29,NNE,6.9,16.8,29.37,0.0,Cloudy
2025-08-02,6:00 PM,75.9,41.9,30,NE,6.5,16.3,29.37,0.0,Fair
2025-08-02,7:00 PM,74.7,44.0,33,NE,5.2,14.5,29.36,0.0,Partly Cloudy
2025-08-02,8:00 PM,70.5,49.4,47,ENE,3.5,11.2,29.36,0.0,Cloudy
2025-08-02,9:00 PM,66.6,50.6,57,NE,4.2,8.3,29.37,0.0,Fair
2025-08-02,10:00 PM,64.3,52.2,65,NNE,3.8,7.6,29.38,0.0,Partly Cloudy
2025-08-02,11:00 PM,62.9,53.2,71,N,5.4,9.4,29.38,0.0,Fair
2025-08-03,12:00 AM,61.6,53.1,74,NNE,4.9,9.8,29.37,0.0,Fair
2025-08-03,1:00 AM,60.4,53.4,78,NNE,4.2,8.5,29.36,0.0,Fair
2025-08-03,2:00 AM,59.5,53.9,81,NNE,3.4,7.4,29.35,0.0,Fair
2025-08-03,3:00 AM,59.2,53.8,82,NE,3.8,6.5,29.35,0.0,Fair
2025-08-03,4:00 AM,58.7,53.3,82,NE,4.7,8.3,29.34,0.0,Fair
2025-08-03,5:00 AM,58.2,52.7,82,NE,5.2,9.4,29.35,0.0,Fair
2025-08-03,6:00 AM,57.7,52.2,82,ENE,4.9,9.4,29.36,0.0,Fair
2025-08-03,7:00 AM,57.7,52.2,82,ENE,4.8,8.7,29.36,0.0,Fair
2025-08-03,8:00 AM,61.0,54.1,78,ENE,4.0,8.7,29.37,0.0,Fair
2025-08-03,9:00 AM,64.9,55.6,72,ENE,1.9,7.2,29.38,0.0,Fair
2025-08-03,10:00 AM,70.8,54.1,55,E,3.5,10.5,29.39,0.0,Fair
2025-08-03,11:00 AM,73.9,52.1,46,E,4.7,13.2,29.38,0.0,Fair
2025-08-03,12:00 PM,75.8,51.0,42,ESE,5.6,15.4,29.37,0.0,Fair
2025-08-03,1:00 PM,77.5,49.2,37,ESE,6.5,17.2,29.35,0.0,Fair
2025-08-03,2:00 PM,78.6,48.1,34,ESE,6.7,17.7,29.34,0.0,Fair
2025-08-03,3:00 PM,79.6,48.0,33,ESE,6.1,17.4,29.31,0.0,Fair
2025-08-03,4:00 PM,80.2,47.7,32,ESE,5.7,16.3,29.3,0.0,Fair
2025-08-03,5:00 PM,80.1,47.9,32,ESE,5.5,15.2,29.29,0.0,Fair
2025-08-03,6:00 PM,79.3,47.0,32,ESE,5.9,14.1,29.28,0.0,Fair
2025-08-03,7:00 PM,77.5,47.4,35,SE,5.8,13.9,29.28,0.0,Fair
2025-08-03,8:00 PM,73.5,51.4,46,SE,4.2,12.1,29.28,0.0,Fair
2025-08-03,9:00 PM,69.8,54.2,58,ESE,3.4,6.3,29.29,0.0,Fair
2025-08-03,10:00 PM,67.6,54.6,63,ENE,3.6,5.8,29.3,0.0,Fair
2025-08-03,11:00 PM,66.0,54.5,66,ENE,3.7,6.3,29.3,0.0,Fair
2025-08-04,12:00 AM,65.0,54.1,68,ENE,4.2,7.4,29.29,0.0,Fair
2025-08-04,1:00 AM,64.0,53.8,69,ESE,4.4,7.4,29.28,0.0,Fair
2025-08-04,2:00 AM,63.2,54.0,72,SE,4.7,9.4,29.28,0.0,Fair
2025-08-04,3:00 AM,61.6,54.4,77,SE,1.7,8.3,29.29,0.0,Fair
2025-08-04,4:00 AM,60.6,54.5,80,NE,0.6,3.1,29.3,0.0,Fair
2025-08-04,5:00 AM,59.2,55.3,87,NE,2.1,3.8,29.31,0.0,Fair
2025-08-04,6:00 AM,57.9,55.0,90,ENE,2.5,4.3,29.33,0.0,Fair
2025-08-04,7:00 AM,58.8,55.1,88,E,4.0,6.5,29.34,0.0,Fair
2025-08-04,8:00 AM,62.8,55.9,78,ESE,3.5,8.1,29.35,0.0,Cloudy
2025-08-04,9:00 AM,66.0,56.3,71,SE,3.2,9.2,29.37,0.0,Cloudy
2025-08-04,10:00 AM,70.6,57.0,62,SSE,4.1,11.6,29.37,0.0,Cloudy
2025-08-04,11:00 AM,74.6,54.9,50,SE,5.4,14.3,29.36,0.0,Cloudy
2025-08-04,12:00 PM,77.3,52.9,43,SE,5.5,15.7,29.36,0.0,Cloudy
2025-08-04,1:00 PM,78.8,51.4,39,SE,5.1,15.2,29.35,0.0,Cloudy
2025-08-04,2:00 PM,80.3,49.8,35,SE,5.8,15.7,29.34,0.0,Cloudy
2025-08-04,3:00 PM,82.0,49.5,32,SE,5.6,16.1,29.33,0.0,Cloudy
2025-08-04,4:00 PM,82.4,49.5,32,SE,5.0,15.4,29.31,0.0,Partly Cloudy
2025-08-04,5:00 PM,82.5,50.2,33,SE,4.2,14.1,29.31,0.0,Cloudy
2025-08-04,6:00 PM,81.9,51.1,34,ESE,3.8,11.9,29.3,0.0,Cloudy
2025-08-04,7:00 PM,80.2,54.4,41,ESE,2.8,9.6,29.3,0.0,Cloudy
2025-08-04,8:00 PM,77.1,58.1,52,ENE,2.3,5.6,29.3,0.0,Fair
2025-08-04,9:00 PM,74.3,56.1,53,E,4.0,6.3,29.33,0.0,Cloudy
2025-08-04,10:00 PM,74.2,53.9,49,ESE,7.1,13.2,29.33,0.0,Partly Cloudy
2025-08-04,11:00 PM,72.2,54.2,53,ESE,6.4,13.4,29.33,0.0,Cloudy
2025-08-05,12:00 AM,71.6,54.5,55,ESE,5.7,12.1,29.34,0.0,Cloudy
2025-08-05,1:00 AM,69.4,55.0,60,ESE,4.9,10.7,29.35,0.0,Cloudy
2025-08-05,2:00 AM,68.8,55.3,62,ESE,5.5,10.1,29.35,0.0,Cloudy
2025-08-05,3:00 AM,67.8,55.9,66,SE,5.4,10.1,29.35,0.0,Cloudy
2025-08-05,4:00 AM,67.1,56.7,69,SE,4.6,9.8,29.36,0.0,Partly Cloudy
2025-08-05,5:00 AM,66.9,57.3,71,SSE,4.7,8.3,29.36,0.0,Partly Cloudy
2025-08-05,6:00 AM,67.2,57.8,72,S,5.6,10.1,29.38,0.0,Cloudy
2025-08-05,7:00 AM,67.2,58.5,74,S,4.8,10.5,29.4,0.0,Cloudy
2025-08-05,8:00 AM,68.9,59.0,71,S,3.9,9.2,29.41,0.0,Partly Cloudy
2025-08-05,9:00 AM,71.2,59.9,67,S,2.9,8.5,29.43,0.0,Fair
2025-08-05,10:00 AM,74.0,59.5,60,S,4.6,12.8,29.44,0.0,Partly Cloudy
2025-08-05,11:00 AM,74.8,59.1,58,S,5.4,13.6,29.45,0.0,Cloudy
2025-08-05,12:00 PM,75.7,58.9,56,S,4.6,14.1,29.46,0.0,Partly Cloudy
2025-08-05,1:00 PM,78.3,57.7,49,S,3.2,12.5,29.45,0.0,Partly Cloudy
2025-08-05,2:00 PM,80.2,57.1,45,SSE,2.6,10.5,29.44,0.0,Fair
2025-08-05,3:00 PM,84.0,56.6,39,SE,3.8,12.1,29.42,0.0,Partly Cloudy
2025-08-05,4:00 PM,84.1,56.1,38,SE,7.1,17.7,29.4,0.0,Cloudy
2025-08-05,5:00 PM,81.7,55.6,41,SE,7.9,18.8,29.4,0.0,Fair
2025-08-05,6:00 PM,81.4,55.8,41,SE,6.4,18.3,29.39,0.0,Fair
2025-08-05,7:00 PM,80.9,56.9,44,SE,5.1,14.5,29.39,0.0,Partly Cloudy
2025-08-05,8:00 PM,77.8,59.7,54,ESE,3.5,10.7,29.39,0.0,Cloudy
2025-08-05,9:00 PM,75.2,62.5,65,ENE,2.2,4.5,29.4,0.0,Cloudy
2025-08-05,10:00 PM,73.8,58.9,60,ENE,4.4,7.6,29.41,0.0,Cloudy
2025-08-05,11:00 PM,72.4,57.7,60,ESE,5.6,10.1,29.43,0.0,Cloudy
2025-08-06,12:00 AM,71.4,57.1,61,SE,5.3,10.5,29.44,0.0,Cloudy
2025-08-06,1:00 AM,70.8,57.5,63,SE,5.0,9.8,29.45,0.0,Cloudy
2025-08-06,2:00 AM,69.5,57.6,66,SE,5.6,10.5,29.44,0.0,Cloudy
2025-08-06,3:00 AM,68.2,57.7,69,SE,5.4,10.5,29.43,0.0,Cloudy
2025-08-06,4:00 AM,67.1,58.2,73,SE,4.5,9.8,29.43,0.0,Cloudy
2025-08-06,5:00 AM,66.2,58.6,76,SE,4.0,8.1,29.43,0.0,Cloudy
2025-08-06,6:00 AM,64.9,58.9,81,ESE,2.9,7.2,29.44,0.0,Cloudy
2025-08-06,7:00 AM,65.4,59.1,80,E,3.5,6.0,29.47,0.0,Cloudy
2025-08-06,8:00 AM,67.8,59.8,76,E,3.4,7.6,29.48,0.0,Cloudy
2025-08-06,9:00 AM,70.7,60.6,70,ESE,3.5,8.7,29.49,0.0,Partly Cloudy
2025-08-06,10:00 AM,74.7,59.4,59,ESE,5.7,14.1,29.5,0.0,Fair
2025-08-06,11:00 AM,77.8,56.8,48,SE,6.3,16.8,29.5,0.0,Fair
2025-08-06,12:00 PM,81.1,53.8,39,SE,5.4,17.0,29.5,0.0,Fair
2025-08-06,1:00 PM,83.5,51.0,33,SE,7.3,19.2,29.48,0.0,Fair
2025-08-06,2:00 PM,84.6,51.4,32,SE,9.0,22.4,29.46,0.0,Fair
2025-08-06,3:00 PM,85.5,51.3,31,SE,9.3,23.5,29.43,0.0,Fair
2025-08-06,4:00 PM,85.6,51.9,31,SE,8.3,23.0,29.43,0.0,Fair
2025-08-06,5:00 PM,84.9,52.6,33,SE,8.5,20.6,29.42,0.0,Fair
2025-08-06,6:00 PM,83.8,52.9,35,SE,8.6,20.8,29.41,0.0,Fair
2025-08-06,7:00 PM,82.0,53.1,37,ESE,8.3,20.1,29.41,0.0,Fair
2025-08-06,8:00 PM,78.8,54.7,43,ESE,8.1,18.1,29.42,0.0,Fair
2025-08-06,9:00 PM,75.2,53.8,47,SE,7.9,15.2,29.44,0.0,Fair
2025-08-06,10:00 PM,73.1,54.4,52,ESE,7.9,16.1,29.46,0.0,Fair
2025-08-06,11:00 PM,71.2,55.0,56,ESE,7.9,15.7,29.46,0.0,Fair
2025-08-07,12:00 AM,69.5,54.7,59,ESE,7.0,15.4,29.47,0.0,Fair
2025-08-07,1:00 AM,67.8,53.6,60,ESE,6.5,13.4,29.46,0.0,Fair
2025-08-07,2:00 AM,66.4,52.4,61,ESE,5.8,12.1,29.45,0.0,Fair
2025-08-07,3:00 AM,65.2,51.6,61,ESE,5.8,10.5,29.45,0.0,Fair
2025-08-07,4:00 AM,64.3,51.8,64,SE,5.4,10.5,29.44,0.0,Fair
2025-08-07,5:00 AM,63.8,52.5,67,ESE,5.0,9.8,29.44,0.0,Fair
2025-08-07,6:00 AM,63.3,53.3,70,SE,4.8,8.9,29.44,0.0,Fair
2025-08-07,7:00 AM,63.4,53.8,71,ESE,4.9,8.7,29.45,0.0,Fair
2025-08-07,8:00 AM,66.1,53.6,64,ESE,4.3,10.3,29.47,0.0,Fair
2025-08-07,9:00 AM,68.5,57.4,68,SE,4.1,11.2,29.47,0.0,Partly Cloudy
2025-08-07,10:00 AM,72.3,57.8,60,SSE,4.6,13.2,29.46,0.0,Fair
2025-08-07,11:00 AM,75.8,58.6,55,SSE,4.8,14.3,29.45,0.0,Cloudy
2025-08-07,12:00 PM,78.8,58.7,50,SSE,5.4,15.4,29.44,0.0,Cloudy
2025-08-07,1:00 PM,81.8,58.9,46,SSE,5.8,16.8,29.42,0.0,Cloudy
2025-08-07,2:00 PM,83.4,58.0,42,SSE,4.7,16.3,29.4,0.0,Cloudy
2025-08-07,3:00 PM,84.9,57.5,39,SSE,4.5,15.2,29.39,0.0,Fair
2025-08-07,4:00 PM,86.0,57.1,38,SSE,3.8,14.5,29.37,0.0,Fair
2025-08-07,5:00 PM,86.2,56.4,36,SSW,4.2,13.2,29.35,0.0,Cloudy
2025-08-07,6:00 PM,84.6,55.8,37,SSW,4.3,13.2,29.34,0.0,Cloudy
2025-08-07,7:00 PM,83.9,55.4,38,WSW,1.9,11.4,29.33,0.0,Cloudy
2025-08-07,8:00 PM,80.2,62.5,55,SSE,1.8,5.4,29.33,0.0,Cloudy
2025-08-07,9:00 PM,75.8,62.4,63,SW,2.2,6.7,29.36,0.0,Fair
2025-08-07,10:00 PM,73.9,61.3,65,SSE,2.9,4.7,29.37,0.0,Fair
2025-08-07,11:00 PM,73.3,59.3,61,SE,5.7,10.1,29.37,0.0,Fair
2025-08-08,12:00 AM,71.6,59.5,66,SE,6.3,11.6,29.38,0.0,Fair
2025-08-08,1:00 AM,70.4,60.1,70,SE,6.2,11.6,29.37,0.0,Fair
2025-08-08,2:00 AM,69.4,60.1,72,SSE,6.7,12.5,29.36,0.0,Fair
2025-08-08,3:00 AM,68.5,60.3,75,SSE,6.5,12.8,29.35,0.0,Fair
2025-08-08,4:00 AM,67.6,60.4,78,SSE,5.3,12.3,29.35,0.0,Fair
2025-08-08,5:00 AM,66.7,60.4,80,SSE,5.1,9.4,29.35,0.0,Fair
2025-08-08,6:00 AM,66.0,60.4,82,SSE,4.7,9.2,29.36,0.0,Fair
2025-08-08,7:00 AM,65.8,60.4,83,SSE,4.5,8.5,29.36,0.0,Fair
2025-08-08,8:00 AM,68.5,60.5,76,SE,3.4,8.3,29.39,0.0,Partly Cloudy
2025-08-08,9:00 AM,71.2,61.4,71,SSE,4.6,12.1,29.4,0.004,Light Drizzle
2025-08-08,10:00 AM,73.8,61.9,66,S,4.6,13.0,29.41,0.004,Light Drizzle
2025-08-08,11:00 AM,76.2,61.3,60,S,3.6,13.2,29.41,0.004,Light Drizzle
2025-08-08,12:00 PM,79.6,60.4,52,S,3.5,12.1,29.39,0.0,Fair
2025-08-08,1:00 PM,82.5,59.7,46,SSE,3.1,12.3,29.37,0.0,Fair
2025-08-08,2:00 PM,83.9,59.5,44,SE,3.2,12.3,29.35,0.0,Fair
2025-08-08,3:00 PM,84.8,59.5,43,SE,2.2,12.3,29.34,0.0,Partly Cloudy
2025-08-08,4:00 PM,85.2,59.2,41,SE,3.2,11.2,29.32,0.0,Partly Cloudy
2025-08-08,5:00 PM,85.4,59.2,41,SE,4.5,13.0,29.3,0.0,Fair
2025-08-08,6:00 PM,84.8,58.8,41,SE,4.8,13.4,29.29,0.0,Fair
2025-08-08,7:00 PM,83.8,58.9,43,ESE,5.1,12.8,29.28,0.0,Fair
2025-08-08,8:00 PM,80.6,59.8,49,ESE,5.2,11.4,29.28,0.0,Fair
2025-08-08,9:00 PM,77.3,60.3,56,ESE,4.6,7.6,29.31,0.0,Fair
2025-08-08,10:00 PM,75.1,60.4,60,ESE,5.1,8.9,29.33,0.0,Fair
2025-08-08,11:00 PM,73.4,61.0,65,SE,5.2,9.2,29.34,0.0,Fair
2025-08-09,12:00 AM,72.1,61.3,69,SSE,5.6,10.3,29.34,0.0,Fair
2025-08-09,1:00 AM,70.8,62.1,74,SSE,5.2,10.1,29.34,0.0,Fair
2025-08-09,2:00 AM,69.5,62.6,79,SSE,4.0,9.2,29.34,0.0,Fair
2025-08-09,3:00 AM,68.5,62.7,82,SSE,4.2,7.4,29.34,0.0,Fair
2025-08-09,4:00 AM,67.6,62.5,84,SSE,5.3,9.2,29.33,0.0,Fair
2025-08-09,5:00 AM,66.4,62.4,87,SSE,5.5,10.5,29.32,0.0,Fair
2025-08-09,6:00 AM,65.7,62.5,90,SSE,4.4,9.8,29.34,0.0,Fair
2025-08-09,7:00 AM,65.6,62.6,90,SSE,4.5,7.8,29.36,0.0,Fair
2025-08-09,8:00 AM,68.4,62.8,82,S,3.4,8.5,29.39,0.0,Fair
2025-08-09,9:00 AM,71.7,62.6,73,SSW,3.7,10.7,29.41,0.0,Fair
2025-08-09,10:00 AM,75.8,62.5,63,SSW,3.7,11.9,29.4,0.0,Fair
2025-08-09,11:00 AM,79.8,62.1,55,SSW,2.5,11.6,29.39,0.0,Fair
2025-08-09,12:00 PM,82.9,60.4,47,S,2.7,11.2,29.38,0.0,Fair
2025-08-09,1:00 PM,85.6,59.1,41,SSE,3.6,13.0,29.37,0.0,Fair
2025-08-09,2:00 PM,87.4,57.7,37,SE,3.2,13.0,29.34,0.0,Fair
2025-08-09,3:00 PM,88.4,56.8,34,SE,1.0,12.1,29.33,0.0,Fair
2025-08-09,4:00 PM,89.5,55.4,32,NNW,3.0,11.2,29.32,0.0,Fair
2025-08-09,5:00 PM,89.2,55.8,32,NNE,3.8,12.5,29.3,0.0,Fair
2025-08-09,6:00 PM,88.0,56.4,34,ENE,7.0,16.1,29.29,0.0,Fair
2025-08-09,7:00 PM,85.5,56.9,38,ESE,9.1,19.7,29.31,0.0,Fair
2025-08-09,8:00 PM,82.3,57.4,43,ESE,7.4,19.5,29.31,0.0,Fair
2025-08-09,9:00 PM,78.4,62.1,57,SW,4.3,11.4,29.32,0.0,Partly Cloudy
2025-08-09,10:00 PM,76.1,64.1,66,ESE,1.6,7.4,29.33,0.0,Cloudy
2025-08-09,11:00 PM,74.8,62.8,66,SSE,4.6,8.3,29.33,0.0,Fair
2025-08-10,12:00 AM,73.1,64.0,73,S,2.7,8.1,29.34,0.0,Fair
2025-08-10,1:00 AM,72.0,64.2,77,SSE,2.4,4.5,29.33,0.0,Fair
2025-08-10,2:00 AM,70.8,64.2,80,S,2.6,4.5,29.33,0.0,Fair
2025-08-10,3:00 AM,70.0,64.0,81,ESE,3.2,5.4,29.34,0.0,Fair
2025-08-10,4:00 AM,68.6,63.9,85,SSE,2.5,5.8,29.34,0.0,Fair
2025-08-10,5:00 AM,68.4,63.2,84,SSE,3.4,5.8,29.34,0.0,Fair
2025-08-10,6:00 AM,67.5,63.1,86,S,2.8,6.0,29.35,0.0,Fair
2025-08-10,7:00 AM,67.6,63.2,86,SSW,3.9,6.5,29.37,0.0,Fair
2025-08-10,8:00 AM,70.3,63.9,80,SSW,3.6,8.5,29.39,0.0,Cloudy
2025-08-10,9:00 AM,72.7,63.5,73,SSW,4.5,11.9,29.39,0.0,Fair
2025-08-10,10:00 AM,76.8,63.1,63,S,5.1,14.3,29.38,0.0,Fair
2025-08-10,11:00 AM,80.9,62.7,54,SSW,5.0,14.5,29.38,0.0,Fair
2025-08-10,12:00 PM,84.3,62.0,47,SSW,5.4,15.4,29.38,0.0,Fair
2025-08-10,1:00 PM,87.0,60.9,42,SW,5.1,15.9,29.38,0.0,Fair
2025-08-10,2:00 PM,88.4,59.9,38,SW,4.4,15.4,29.36,0.0,Fair
2025-08-10,3:00 PM,89.8,59.2,36,WSW,3.5,13.9,29.34,0.0,Fair
2025-08-10,4:00 PM,90.6,58.2,34,W,3.7,12.3,29.32,0.0,Partly Cloudy
2025-08-10,5:00 PM,90.2,57.7,33,W,5.3,13.9,29.31,0.0,Fair
2025-08-10,6:00 PM,89.7,58.1,35,W,4.0,14.1,29.3,0.0,Fair
2025-08-10,7:00 PM,88.1,59.6,38,WSW,1.9,10.7,29.29,0.0,Fair
2025-08-10,8:00 PM,84.1,67.7,58,SW,0.9,3.8,29.29,0.0,Fair
2025-08-10,9:00 PM,79.2,64.8,61,WSW,2.5,11.6,29.32,0.0,Fair
2025-08-10,10:00 PM,77.4,63.1,62,S,2.6,4.3,29.32,0.0,Fair
2025-08-10,11:00 PM,75.2,64.0,68,S,2.7,4.7,29.32,0.0,Fair
2025-08-11,12:00 AM,74.0,64.1,71,SSW,3.5,6.3,29.32,0.0,Fair
2025-08-11,1:00 AM,72.0,65.1,79,SSE,2.3,5.8,29.31,0.0,Fair
2025-08-11,2:00 AM,70.8,65.2,83,SSE,2.1,3.8,29.31,0.0,Fair
2025-08-11,3:00 AM,70.3,64.8,83,SE,3.9,6.0,29.31,0.0,Fair
2025-08-11,4:00 AM,69.7,63.4,80,SSE,5.4,9.8,29.31,0.0,Fair
2025-08-11,5:00 AM,69.3,62.9,80,S,5.1,9.6,29.32,0.0,Fair
2025-08-11,6:00 AM,68.6,62.9,82,SSW,5.7,10.1,29.34,0.0,Fair
2025-08-11,7:00 AM,68.4,63.1,83,SSW,6.0,11.0,29.35,0.0,Fair
2025-08-11,8:00 AM,71.0,63.2,77,SSW,4.5,11.2,29.36,0.0,Fair
2025-08-11,9:00 AM,73.9,63.7,70,SSW,5.0,12.8,29.37,0.0,Fair
2025-08-11,10:00 AM,78.1,63.8,61,SSW,5.0,14.1,29.36,0.0,Fair
2025-08-11,11:00 AM,82.1,64.1,55,SSW,4.4,14.1,29.35,0.0,Fair
2025-08-11,12:00 PM,85.5,62.7,47,SSW,4.4,13.9,29.34,0.0,Fair
2025-08-11,1:00 PM,87.6,61.2,41,SSW,4.8,15.2,29.33,0.0,Fair
2025-08-11,2:00 PM,88.8,60.8,39,SSW,5.1,15.7,29.32,0.0,Fair
2025-08-11,3:00 PM,89.8,60.3,37,SSW,5.6,16.1,29.31,0.0,Fair
2025-08-11,4:00 PM,89.8,60.3,37,SSW,5.2,16.3,29.28,0.0,Fair
2025-08-11,5:00 PM,89.5,60.4,38,SW,5.1,15.2,29.26,0.0,Fair
2025-08-11,6:00 PM,88.2,60.2,39,SW,4.2,14.3,29.25,0.0,Fair
2025-08-11,7:00 PM,87.3,60.4,40,SW,3.1,11.4,29.25,0.0,Fair
2025-08-11,8:00 PM,83.8,67.6,58,WSW,1.6,7.6,29.24,0.0,Fair
2025-08-11,9:00 PM,82.2,62.9,52,SW,3.6,5.6,29.27,0.0,Fair
2025-08-11,10:00 PM,80.3,62.9,55,SW,4.3,8.5,29.27,0.0,Fair
2025-08-11,11:00 PM,78.2,63.6,61,S,3.7,7.4,29.26,0.0,Fair
2025-08-12,12:00 AM,76.4,64.3,66,S,4.3,7.4,29.25,0.0,Fair
2025-08-12,1:00 AM,75.6,65.7,71,SSW,6.1,11.0,29.25,0.0,Fair
2025-08-12,2:00 AM,74.3,67.4,79,SSW,5.3,11.2,29.26,0.0,Fair
2025-08-12,3:00 AM,73.3,68.0,83,SSW,4.9,9.4,29.26,0.0,Fair
2025-08-12,4:00 AM,72.4,68.2,87,SSW,4.9,8.9,29.25,0.0,Fair
2025-08-12,5:00 AM,71.6,68.2,89,SSW,4.6,8.7,29.26,0.0,Fair
2025-08-12,6:00 AM,70.8,68.2,91,S,4.3,8.1,29.26,0.0,Fair
2025-08-12,7:00 AM,70.4,68.2,93,S,4.6,8.1,29.27,0.0,Fair
2025-08-12,8:00 AM,73.3,68.5,85,S,3.9,9.4,29.28,0.0,Fair
2025-08-12,9:00 AM,76.9,68.7,76,S,3.8,11.0,29.28,0.0,Fair
2025-08-12,10:00 AM,81.6,68.6,65,SSW,3.6,11.6,29.26,0.0,Fair
2025-08-12,11:00 AM,85.6,65.0,50,S,2.9,12.1,29.26,0.0,Fair
2025-08-12,12:00 PM,87.6,63.2,44,SSE,2.6,11.4,29.25,0.0,Fair
2025-08-12,1:00 PM,89.1,61.9,40,S,2.6,11.4,29.23,0.0,Fair
2025-08-12,2:00 PM,90.5,61.4,38,SSE,1.8,11.2,29.21,0.0,Fair
2025-08-12,3:00 PM,92.1,60.7,35,SSW,3.2,12.1,29.19,0.0,Fair
2025-08-12,4:00 PM,92.4,59.9,34,SSW,4.7,14.5,29.16,0.0,Fair
2025-08-12,5:00 PM,91.3,59.4,34,SSW,4.8,14.5,29.14,0.0,Fair
2025-08-12,6:00 PM,90.5,59.5,36,SSW,4.4,13.9,29.12,0.0,Fair
2025-08-12,7:00 PM,89.1,60.2,38,SW,5.1,12.3,29.11,0.0,Fair
2025-08-12,8:00 PM,86.0,62.2,45,SW,4.9,11.6,29.12,0.0,Fair
2025-08-12,9:00 PM,84.1,61.6,47,WSW,4.5,7.8,29.13,0.0,Fair
2025-08-12,10:00 PM,82.6,62.0,50,SW,4.4,7.6,29.14,0.0,Partly Cloudy
2025-08-12,11:00 PM,80.7,62.5,54,SW,3.8,7.4,29.13,0.0,Cloudy
2025-08-13,12:00 AM,79.3,63.3,58,SW,4.5,8.1,29.12,0.0,Fair
2025-08-13,1:00 AM,78.0,64.6,63,WSW,3.3,8.3,29.11,0.0,Fair
2025-08-13,2:00 AM,76.7,65.4,68,SSW,4.4,7.2,29.11,0.0,Cloudy
2025-08-13,3:00 AM,73.8,66.9,79,W,5.6,11.6,29.14,0.047,Drizzle
2025-08-13,4:00 AM,71.7,69.0,91,SE,3.5,9.4,29.11,0.016,Light Drizzle
2025-08-13,5:00 AM,70.6,69.6,97,S,4.7,8.5,29.11,0.012,Light Drizzle
2025-08-13,6:00 AM,70.1,69.4,98,S,5.6,10.5,29.11,0.0,Cloudy
2025-08-13,7:00 AM,70.3,69.4,97,S,6.3,11.9,29.12,0.0,Cloudy
2025-08-13,8:00 AM,71.5,70.2,96,SSW,7.6,13.6,29.13,0.0,Cloudy
2025-08-13,9:00 AM,71.6,71.1,98,S,1.5,5.8,29.13,0.047,Drizzle
2025-08-13,10:00 AM,73.9,71.2,91,WSW,6.7,15.4,29.14,0.051,Light Rain
2025-08-13,11:00 AM,73.2,70.8,92,WSW,2.9,16.6,29.12,0.004,Light Drizzle
2025-08-13,12:00 PM,78.4,70.8,78,SSW,4.5,14.5,29.13,0.004,Light Drizzle
2025-08-13,1:00 PM,80.6,71.2,73,WSW,5.7,15.0,29.11,0.008,Light Drizzle
2025-08-13,2:00 PM,80.9,71.0,72,W,6.5,16.8,29.1,0.012,Light Drizzle
2025-08-13,3:00 PM,82.3,71.0,69,W,6.9,18.6,29.08,0.004,Light Drizzle
2025-08-13,4:00 PM,82.9,70.5,66,W,5.5,17.9,29.05,0.004,Light Drizzle
2025-08-13,5:00 PM,83.1,69.7,64,W,5.3,15.9,29.04,0.0,Cloudy
2025-08-13,6:00 PM,80.1,69.0,69,W,6.1,13.9,29.04,0.043,Drizzle
2025-08-13,7:00 PM,73.7,71.6,93,WNW,1.5,15.9,29.07,0.173,Rain
2025-08-13,8:00 PM,73.1,69.9,90,SW,0.3,10.5,29.07,0.031,Drizzle
2025-08-13,9:00 PM,73.0,72.1,97,W,3.0,6.0,29.08,0.012,Light Drizzle
2025-08-13,10:00 PM,72.8,71.7,96,NW,1.7,5.8,29.1,0.0,Partly Cloudy
2025-08-13,11:00 PM,71.9,71.3,98,NW,2.1,3.8,29.1,0.0,Partly Cloudy
2025-08-14,12:00 AM,71.2,70.9,99,WSW,2.4,4.0,29.11,0.0,Partly Cloudy
2025-08-14,1:00 AM,70.9,70.6,99,WNW,3.0,5.4,29.11,0.004,Light Drizzle
2025-08-14,2:00 AM,70.3,70.2,99,WNW,2.9,6.7,29.1,0.0,Fair
2025-08-14,3:00 AM,69.6,69.4,99,WNW,1.7,5.1,29.09,0.0,Fair
2025-08-14,4:00 AM,69.0,68.9,100,NNW,2.3,4.0,29.1,0.0,Cloudy
2025-08-14,5:00 AM,68.6,68.6,100,NW,2.1,4.0,29.11,0.0,Cloudy
2025-08-14,6:00 AM,68.6,68.5,100,NW,2.5,4.9,29.13,0.0,Cloudy
2025-08-14,7:00 AM,68.6,68.5,100,N,3.1,5.1,29.14,0.0,Cloudy
2025-08-14,8:00 AM,69.8,69.2,98,N,3.5,8.5,29.16,0.0,Cloudy
2025-08-14,9:00 AM,71.6,69.6,93,NNW,3.1,8.7,29.18,0.0,Cloudy
2025-08-14,10:00 AM,73.9,69.8,87,NNW,3.8,10.3,29.2,0.0,Cloudy
2025-08-14,11:00 AM,77.0,70.2,79,NNW,4.3,13.0,29.21,0.004,Light Drizzle
2025-08-14,12:00 PM,79.7,70.2,73,NNW,4.6,14.3,29.22,0.0,Fair
2025-08-14,1:00 PM,80.8,69.5,69,N,5.2,14.8,29.21,0.004,Light Drizzle
2025-08-14,2:00 PM,81.7,67.5,62,N,5.3,14.5,29.21,0.004,Light Drizzle
2025-08-14,3:00 PM,82.3,66.2,58,N,5.9,15.2,29.19,0.0,Fair
2025-08-14,4:00 PM,82.3,65.5,57,N,7.0,17.0,29.18,0.0,Fair
2025-08-14,5:00 PM,82.0,64.4,55,N,6.7,17.7,29.18,0.0,Fair
2025-08-14,6:00 PM,81.7,63.1,53,NNE,5.8,15.7,29.18,0.0,Fair
2025-08-14,7:00 PM,79.9,64.0,58,NNE,4.9,12.5,29.19,0.0,Fair
2025-08-14,8:00 PM,76.2,63.8,65,NNE,5.6,10.1,29.21,0.0,Fair
2025-08-14,9:00 PM,75.5,65.8,72,NNE,6.0,9.8,29.22,0.0,Fair
2025-08-14,10:00 PM,72.9,61.3,67,NNE,6.3,12.1,29.24,0.0,Fair
2025-08-14,11:00 PM,70.9,60.1,69,NE,5.5,11.6,29.25,0.0,Fair
2025-08-15,12:00 AM,69.6,60.2,72,NNE,4.4,9.8,29.26,0.0,Fair
2025-08-15,1:00 AM,68.1,60.8,78,NNE,3.1,7.8,29.26,0.0,Fair
2025-08-15,2:00 AM,67.0,61.3,82,NE,2.3,5.1,29.27,0.0,Fair
2025-08-15,3:00 AM,66.3,61.4,84,NNE,1.8,3.8,29.26,0.0,Fair
2025-08-15,4:00 AM,65.8,61.3,85,NNE,3.5,5.6,29.26,0.0,Fair
2025-08-15,5:00 AM,64.9,60.8,87,NNE,2.9,6.3,29.26,0.0,Fair
2025-08-15,6:00 AM,63.7,60.6,90,NNE,2.3,5.1,29.27,0.0,Fair
2025-08-15,7:00 AM,63.9,60.9,90,NNE,2.9,4.7,29.29,0.0,Fair
2025-08-15,8:00 AM,66.4,62.2,87,NE,1.8,5.6,29.31,0.0,Fair
2025-08-15,9:00 AM,70.6,62.8,76,ESE,0.5,5.1,29.33,0.0,Fair
2025-08-15,10:00 AM,75.7,64.0,67,SSW,0.5,5.6,29.34,0.0,Fair
2025-08-15,11:00 AM,80.6,62.7,55,SSW,0.6,6.0,29.35,0.0,Fair
2025-08-15,12:00 PM,83.7,61.7,48,W,0.6,6.3,29.35,0.0,Fair
2025-08-15,1:00 PM,85.1,62.4,47,WNW,2.7,9.6,29.34,0.0,Fair
2025-08-15,2:00 PM,85.9,62.5,46,NW,3.5,10.7,29.32,0.0,Fair
2025-08-15,3:00 PM,84.2,62.2,48,NW,5.1,12.5,29.32,0.0,Fair
2025-08-15,4:00 PM,84.9,62.2,47,NNW,3.8,13.4,29.3,0.0,Fair
2025-08-15,5:00 PM,85.6,62.1,45,NW,2.6,10.3,29.3,0.0,Fair
2025-08-15,6:00 PM,85.0,62.8,47,NNW,3.3,7.8,29.29,0.0,Fair
2025-08-15,7:00 PM,82.8,65.9,57,NNE,3.8,8.5,29.28,0.0,Fair
2025-08-15,8:00 PM,78.5,66.6,67,NNE,3.3,7.4,29.28,0.0,Fair
2025-08-15,9:00 PM,76.9,67.9,74,NNE,3.2,5.8,29.28,0.0,Fair
2025-08-15,10:00 PM,75.5,67.6,77,NNE,3.3,5.4,29.3,0.0,Fair
2025-08-15,11:00 PM,74.2,67.8,80,NNE,3.6,6.0,29.3,0.0,Fair
2025-08-16,12:00 AM,72.9,67.4,83,E,1.8,6.0,29.31,0.0,Fair
2025-08-16,1:00 AM,72.2,67.1,84,SW,0.4,2.9,29.32,0.0,Fair
2025-08-16,2:00 AM,71.2,67.1,87,N,0.7,1.6,29.31,0.0,Fair
2025-08-16,3:00 AM,69.5,67.1,92,NNE,2.0,3.1,29.3,0.0,Fair
2025-08-16,4:00 AM,69.0,66.6,92,ENE,1.2,3.1,29.28,0.0,Fair
2025-08-16,5:00 AM,68.2,66.0,93,SE,2.3,3.8,29.27,0.0,Fair
2025-08-16,6:00 AM,67.9,65.2,91,S,0.9,3.8,29.27,0.0,Fair
2025-08-16,7:00 AM,68.1,65.6,92,S,0.8,1.6,29.28,0.0,Fair
2025-08-16,8:00 AM,71.2,67.0,87,WNW,1.0,3.8,29.31,0.0,Fair
2025-08-16,9:00 AM,74.8,67.1,77,S,1.3,5.8,29.31,0.0,Fair
2025-08-16,10:00 AM,80.2,67.6,66,SW,1.8,7.2,29.32,0.0,Fair
2025-08-16,11:00 AM,83.6,67.5,58,WSW,3.0,9.6,29.31,0.0,Fair
2025-08-16,12:00 PM,85.0,66.7,54,WSW,4.1,11.9,29.3,0.0,Fair
2025-08-16,1:00 PM,86.9,66.7,51,W,4.8,13.9,29.3,0.0,Fair
2025-08-16,2:00 PM,88.3,67.0,50,W,4.7,14.3,29.28,0.0,Fair
2025-08-16,3:00 PM,89.2,66.7,48,W,4.4,13.9,29.27,0.0,Fair
2025-08-16,4:00 PM,89.4,66.0,46,WNW,4.8,13.2,29.25,0.0,Fair
2025-08-16,5:00 PM,88.5,65.8,47,NW,5.3,13.0,29.23,0.0,Fair
2025-08-16,6:00 PM,86.9,65.5,49,WNW,4.8,13.2,29.21,0.0,Partly Cloudy
2025-08-16,7:00 PM,84.7,69.1,60,WSW,2.2,11.0,29.2,0.0,Cloudy
2025-08-16,8:00 PM,81.4,72.1,74,NW,1.5,4.0,29.21,0.0,Fair
2025-08-16,9:00 PM,75.5,70.8,85,S,0.8,9.2,29.22,0.0,Fair
2025-08-16,10:00 PM,74.1,70.3,88,SSW,3.6,5.4,29.22,0.0,Fair
2025-08-16,11:00 PM,73.7,69.8,88,SW,3.2,6.7,29.2,0.0,Fair
2025-08-17,12:00 AM,73.0,69.2,88,SW,4.1,6.5,29.21,0.0,Fair
2025-08-17,1:00 AM,72.5,68.6,88,SSW,4.6,7.8,29.2,0.0,Cloudy
2025-08-17,2:00 AM,72.1,68.6,89,SW,4.4,8.1,29.19,0.0,Cloudy
2025-08-17,3:00 AM,71.7,68.4,89,WSW,3.5,7.6,29.18,0.0,Fair
2025-08-17,4:00 AM,71.2,67.9,90,SW,3.0,6.0,29.17,0.0,Fair
2025-08-17,5:00 AM,71.0,67.8,90,SSW,3.7,6.0,29.15,0.0,Cloudy
2025-08-17,6:00 AM,70.3,67.7,91,SW,4.5,7.4,29.15,0.0,Cloudy
2025-08-17,7:00 AM,70.3,67.7,91,WSW,5.0,8.7,29.18,0.0,Cloudy
2025-08-17,8:00 AM,73.1,69.0,87,WSW,3.6,8.9,29.2,0.0,Cloudy
2025-08-17,9:00 AM,74.5,68.5,82,W,6.5,18.3,29.18,0.016,Light Drizzle
2025-08-17,10:00 AM,73.6,70.4,90,SE,0.3,13.0,29.18,0.059,Light Rain
2025-08-17,11:00 AM,78.0,71.0,79,W,4.9,12.8,29.19,0.008,Light Drizzle
2025-08-17,12:00 PM,82.0,71.9,72,W,6.2,20.1,29.18,0.0,Cloudy
2025-08-17,1:00 PM,85.3,72.4,65,WNW,7.5,20.1,29.16,0.004,Light Drizzle
2025-08-17,2:00 PM,81.1,72.0,74,NNW,9.1,24.8,29.15,0.051,Light Rain
2025-08-17,3:00 PM,82.8,69.5,64,NW,9.7,22.8,29.15,0.0,Cloudy
2025-08-17,4:00 PM,84.3,67.5,57,NNW,11.8,26.2,29.13,0.004,Light Drizzle
2025-08-17,5:00 PM,84.4,65.4,53,NNW,11.3,26.2,29.13,0.0,Cloudy
2025-08-17,6:00 PM,82.6,64.6,55,NNW,11.9,28.0,29.15,0.0,Cloudy
2025-08-17,7:00 PM,80.0,65.7,62,N,9.2,27.3,29.15,0.0,Cloudy
2025-08-17,8:00 PM,77.3,66.0,68,N,6.4,19.2,29.15,0.0,Cloudy
2025-08-17,9:00 PM,75.5,66.3,73,N,8.6,17.4,29.18,0.0,Fair
2025-08-17,10:00 PM,73.3,67.0,81,N,7.5,17.7,29.2,0.0,Fair
2025-08-17,11:00 PM,72.0,67.2,85,N,6.9,15.0,29.21,0.0,Cloudy
2025-08-18,12:00 AM,71.0,67.1,88,N,7.0,13.9,29.21,0.0,Cloudy
2025-08-18,1:00 AM,69.9,67.2,91,N,6.3,13.6,29.21,0.0,Cloudy
2025-08-18,2:00 AM,69.2,67.6,95,N,6.1,12.3,29.22,0.0,Cloudy
2025-08-18,3:00 AM,68.5,67.1,95,NNE,6.5,12.8,29.22,0.0,Cloudy
2025-08-18,4:00 AM,67.7,66.3,95,NNE,6.1,12.8,29.22,0.0,Cloudy
2025-08-18,5:00 AM,67.2,65.7,95,NNE,5.6,12.1,29.23,0.0,Cloudy
2025-08-18,6:00 AM,66.5,65.2,96,NNE,5.4,11.0,29.24,0.0,Cloudy
2025-08-18,7:00 AM,66.2,64.6,95,NNE,5.5,10.5,29.26,0.0,Cloudy
2025-08-18,8:00 AM,67.1,63.1,87,NE,6.2,13.9,29.28,0.0,Fair
2025-08-18,9:00 AM,69.8,64.8,84,NE,4.7,11.9,29.29,0.0,Cloudy
2025-08-18,10:00 AM,71.4,64.4,79,NE,4.8,12.5,29.31,0.0,Cloudy
2025-08-18,11:00 AM,73.9,63.5,70,NNE,4.5,12.8,29.31,0.0,Fair
2025-08-18,12:00 PM,77.0,62.6,61,NNE,4.3,13.4,29.31,0.0,Fair
2025-08-18,1:00 PM,79.5,61.1,53,N,4.0,13.4,29.3,0.0,Fair
2025-08-18,2:00 PM,81.1,60.3,49,N,4.5,13.9,29.29,0.0,Fair
2025-08-18,3:00 PM,82.2,58.0,44,N,5.1,14.8,29.29,0.0,Fair
2025-08-18,4:00 PM,82.7,55.4,39,N,4.7,14.8,29.27,0.0,Fair
2025-08-18,5:00 PM,82.6,53.3,37,N,4.4,13.4,29.25,0.0,Fair
2025-08-18,6:00 PM,81.7,52.5,37,N,5.4,13.0,29.25,0.0,Fair
2025-08-18,7:00 PM,79.6,54.8,42,N,4.6,13.0,29.24,0.0,Fair
2025-08-18,8:00 PM,75.4,57.9,55,N,4.5,9.8,29.23,0.0,Fair
2025-08-18,9:00 PM,72.5,60.0,65,NNE,3.3,5.6,29.25,0.0,Fair
2025-08-18,10:00 PM,70.9,59.2,67,NNE,4.0,6.7,29.26,0.0,Fair
2025-08-18,11:00 PM,69.0,58.3,69,NE,3.9,7.4,29.25,0.0,Fair
2025-08-19,12:00 AM,67.4,59.3,75,ENE,2.4,6.7,29.26,0.0,Fair
2025-08-19,1:00 AM,66.7,59.1,77,E,2.4,4.0,29.27,0.0,Fair
2025-08-19,2:00 AM,66.4,58.9,77,ESE,3.0,4.9,29.26,0.0,Fair
2025-08-19,3:00 AM,66.6,61.7,84,SE,3.4,6.3,29.26,0.0,Fair
2025-08-19,4:00 AM,66.5,63.9,91,SE,3.6,6.3,29.25,0.0,Fair
2025-08-19,5:00 AM,66.2,64.3,94,SE,3.7,6.7,29.25,0.0,Fair
2025-08-19,6:00 AM,65.8,64.2,95,SE,3.6,6.3,29.25,0.0,Fair
2025-08-19,7:00 AM,65.8,64.1,94,SE,4.0,7.2,29.26,0.0,Fair
2025-08-19,8:00 AM,68.5,65.2,89,SE,3.6,8.1,29.27,0.0,Fair
2025-08-19,9:00 AM,71.2,65.8,83,S,2.9,8.5,29.27,0.0,Fair
2025-08-19,10:00 AM,75.8,66.8,74,SSW,2.8,9.4,29.27,0.0,Fair
2025-08-19,11:00 AM,80.2,63.5,57,SW,3.5,11.0,29.27,0.0,Fair
2025-08-19,12:00 PM,83.2,61.1,47,SSW,4.3,12.8,29.25,0.0,Fair
2025-08-19,1:00 PM,85.3,60.5,43,SW,4.2,12.8,29.22,0.0,Fair
2025-08-19,2:00 PM,86.6,60.9,42,SW,4.4,13.2,29.2,0.0,Fair
2025-08-19,3:00 PM,87.9,61.4,41,WSW,5.1,14.3,29.18,0.0,Fair
2025-08-19,4:00 PM,87.9,62.4,43,WSW,6.7,16.8,29.14,0.0,Fair
2025-08-19,5:00 PM,87.5,62.7,44,WSW,7.5,17.7,29.12,0.0,Fair
2025-08-19,6:00 PM,86.8,63.4,46,WSW,7.0,17.4,29.1,0.0,Fair
2025-08-19,7:00 PM,84.9,65.5,52,WSW,6.3,15.4,29.1,0.0,Fair
2025-08-19,8:00 PM,81.7,66.2,59,SW,5.6,13.0,29.1,0.0,Fair
2025-08-19,9:00 PM,79.6,67.2,66,S,6.0,10.1,29.12,0.0,Partly Cloudy
2025-08-19,10:00 PM,78.4,67.3,69,S,6.5,11.9,29.12,0.0,Cloudy
2025-08-19,11:00 PM,77.9,67.7,71,S,7.6,14.8,29.12,0.0,Cloudy
2025-08-20,12:00 AM,75.1,68.7,81,ENE,1.3,14.5,29.13,0.016,Light Drizzle
2025-08-20,1:00 AM,70.8,69.2,95,NNW,6.5,20.8,29.14,0.087,Light Rain
2025-08-20,2:00 AM,71.1,69.5,95,S,2.0,11.6,29.12,0.016,Light Drizzle
2025-08-20,3:00 AM,71.0,68.4,91,SSW,3.8,6.3,29.09,0.0,Partly Cloudy
2025-08-20,4:00 AM,70.2,69.1,96,SSW,3.7,9.8,29.1,0.008,Light Drizzle
2025-08-20,5:00 AM,70.3,69.0,95,SW,3.7,7.8,29.09,0.0,Partly Cloudy
2025-08-20,6:00 AM,69.8,68.8,97,WSW,3.4,6.5,29.09,0.0,Cloudy
2025-08-20,7:00 AM,69.4,68.8,98,WSW,3.1,6.0,29.1,0.0,Cloudy
2025-08-20,8:00 AM,71.3,70.0,96,WSW,4.0,8.1,29.11,0.0,Cloudy
2025-08-20,9:00 AM,72.1,70.7,96,NW,4.6,9.2,29.12,0.004,Light Drizzle
2025-08-20,10:00 AM,74.0,71.7,92,NNW,5.2,12.5,29.12,0.008,Light Drizzle
2025-08-20,11:00 AM,76.1,69.9,81,NNW,7.4,17.0,29.12,0.004,Light Drizzle
2025-08-20,12:00 PM,76.4,69.2,78,NNW,7.4,18.3,29.13,0.008,Light Drizzle
2025-08-20,1:00 PM,80.5,68.4,67,NW,6.4,17.9,29.11,0.0,Partly Cloudy
2025-08-20,2:00 PM,82.6,66.9,59,NW,6.0,16.6,29.1,0.0,Partly Cloudy
2025-08-20,3:00 PM,82.0,66.5,59,NNW,7.2,17.4,29.09,0.0,Cloudy
2025-08-20,4:00 PM,81.7,66.9,61,NNW,7.8,19.0,29.09,0.0,Cloudy
2025-08-20,5:00 PM,81.1,67.0,62,NNW,7.6,18.8,29.08,0.0,Cloudy
2025-08-20,6:00 PM,79.6,66.3,64,NNW,7.4,17.9,29.08,0.0,Fair
2025-08-20,7:00 PM,79.3,65.8,64,NNW,6.5,17.2,29.08,0.0,Fair
2025-08-20,8:00 PM,76.3,65.8,70,NNW,6.2,13.9,29.09,0.0,Fair
2025-08-20,9:00 PM,71.9,65.7,81,N,4.7,13.2,29.13,0.0,Fair
2025-08-20,10:00 PM,70.8,65.8,84,N,4.8,8.7,29.13,0.0,Fair
2025-08-20,11:00 PM,70.0,66.2,88,N,5.4,9.8,29.13,0.0,Fair
2025-08-21,12:00 AM,69.2,66.6,91,N,5.4,10.5,29.13,0.0,Fair
2025-08-21,1:00 AM,68.5,66.1,92,N,5.7,10.7,29.12,0.0,Fair
2025-08-21,2:00 AM,67.8,65.5,92,N,6.0,11.2,29.12,0.0,Fair
2025-08-21,3:00 AM,67.2,65.0,93,N,6.5,12.1,29.11,0.0,Fair
2025-08-21,4:00 AM,66.7,64.9,94,N,6.8,13.2,29.1,0.0,Fair
2025-08-21,5:00 AM,66.7,65.0,95,N,6.3,13.2,29.1,0.0,Cloudy
2025-08-21,6:00 AM,67.5,65.3,93,N,5.8,12.3,29.11,0.0,Cloudy
2025-08-21,7:00 AM,68.5,65.7,91,NNE,5.9,12.5,29.13,0.0,Cloudy
2025-08-21,8:00 AM,69.4,65.9,89,NNE,6.0,12.8,29.13,0.0,Cloudy
2025-08-21,9:00 AM,68.4,64.0,86,NNE,5.3,12.1,29.15,0.0,Cloudy
2025-08-21,10:00 AM,69.6,64.5,84,NNE,4.8,12.1,29.16,0.0,Cloudy
2025-08-21,11:00 AM,71.5,65.1,80,NNE,4.5,12.1,29.17,0.0,Cloudy
2025-08-21,12:00 PM,74.2,65.8,75,NNE,4.1,12.1,29.16,0.0,Cloudy
2025-08-21,1:00 PM,75.7,65.4,70,N,5.8,14.3,29.15,0.004,Light Drizzle
2025-08-21,2:00 PM,78.0,65.5,65,N,7.8,19.2,29.13,0.008,Light Drizzle
2025-08-21,3:00 PM,77.6,66.1,68,N,9.0,21.3,29.12,0.012,Light Drizzle
2025-08-21,4:00 PM,78.4,66.3,66,N,8.7,21.9,29.11,0.008,Light Drizzle
2025-08-21,5:00 PM,77.9,66.0,67,N,8.6,20.4,29.1,0.004,Light Drizzle
2025-08-21,6:00 PM,76.0,66.5,72,N,8.3,20.1,29.11,0.004,Light Drizzle
2025-08-21,7:00 PM,75.2,66.0,73,NNE,8.0,19.0,29.13,0.0,Fair
2025-08-21,8:00 PM,72.6,66.3,81,NNE,7.2,16.6,29.13,0.004,Light Drizzle
2025-08-21,9:00 PM,70.1,65.5,85,N,7.3,16.1,29.16,0.0,Fair
2025-08-21,10:00 PM,68.6,64.5,87,N,6.5,14.1,29.16,0.0,Fair
2025-08-21,11:00 PM,67.4,63.7,88,N,7.4,13.9,29.17,0.0,Fair
2025-08-22,12:00 AM,66.7,63.6,90,N,7.2,15.0,29.17,0.0,Fair
2025-08-22,1:00 AM,65.8,63.6,93,N,5.6,13.6,29.17,0.0,Fair
2025-08-22,2:00 AM,65.2,63.8,95,N,5.4,10.3,29.17,0.0,Fair
2025-08-22,3:00 AM,65.2,64.0,96,NNE,4.8,9.6,29.16,0.0,Fair
2025-08-22,4:00 AM,65.4,64.0,95,NE,4.4,8.7,29.16,0.0,Fair
2025-08-22,5:00 AM,65.2,63.9,95,NE,4.0,7.6,29.17,0.0,Fair
2025-08-22,6:00 AM,64.8,63.7,96,NE,4.1,7.4,29.18,0.0,Fair
2025-08-22,7:00 AM,64.5,63.6,97,NE,3.8,7.2,29.21,0.0,Fair
2025-08-22,8:00 AM,66.4,64.5,94,NE,3.4,8.3,29.22,0.0,Fair
2025-08-22,9:00 AM,68.8,64.5,86,E,2.6,8.5,29.24,0.004,Light Drizzle
2025-08-22,10:00 AM,71.5,65.1,80,ESE,2.7,8.7,29.24,0.0,Cloudy
2025-08-22,11:00 AM,73.1,65.4,77,ESE,1.2,8.9,29.25,0.0,Cloudy
2025-08-22,12:00 PM,75.4,64.9,70,E,1.7,7.8,29.24,0.004,Light Drizzle
2025-08-22,1:00 PM,77.8,64.5,64,ESE,1.5,8.3,29.22,0.004,Light Drizzle
2025-08-22,2:00 PM,78.8,64.1,61,NNE,0.6,8.1,29.21,0.0,Partly Cloudy
2025-08-22,3:00 PM,80.7,63.9,57,NW,1.6,8.3,29.19,0.0,Partly Cloudy
2025-08-22,4:00 PM,81.5,63.5,54,NNW,1.4,8.3,29.18,0.0,Fair
2025-08-22,5:00 PM,81.6,63.2,54,NNW,0.8,7.2,29.17,0.0,Partly Cloudy
2025-08-22,6:00 PM,81.1,62.9,54,NNW,2.2,6.7,29.17,0.0,Fair
2025-08-22,7:00 PM,79.4,64.0,59,N,2.9,6.9,29.16,0.0,Fair
2025-08-22,8:00 PM,76.0,66.2,72,N,2.8,6.3,29.15,0.0,Fair
2025-08-22,9:00 PM,74.8,68.2,80,NNE,2.0,3.4,29.16,0.0,Fair
2025-08-22,10:00 PM,74.0,67.8,81,ENE,1.2,3.4,29.17,0.0,Fair
2025-08-22,11:00 PM,73.2,67.3,82,SE,1.3,3.1,29.18,0.0,Fair
2025-08-23,12:00 AM,72.0,66.4,83,NE,0.5,2.5,29.18,0.0,Fair
2025-08-23,1:00 AM,70.8,65.7,84,SE,0.6,1.3,29.17,0.0,Fair
2025-08-23,2:00 AM,68.8,65.9,91,SSW,1.1,2.2,29.16,0.0,Cloudy
2025-08-23,3:00 AM,67.4,66.1,96,S,1.7,2.9,29.15,0.0,Cloudy
2025-08-23,4:00 AM,67.3,66.7,98,S,2.9,4.9,29.15,0.0,Cloudy
2025-08-23,5:00 AM,67.4,65.8,95,SSW,4.7,8.5,29.15,0.0,Cloudy
2025-08-23,6:00 AM,66.7,64.0,91,SW,5.0,8.9,29.15,0.0,Cloudy
2025-08-23,7:00 AM,66.3,63.3,90,SSW,4.7,8.9,29.16,0.0,Fair
2025-08-23,8:00 AM,68.2,64.9,89,S,4.8,10.1,29.18,0.0,Partly Cloudy
2025-08-23,9:00 AM,71.1,65.8,83,SSW,4.5,11.4,29.17,0.0,Fair
2025-08-23,10:00 AM,75.1,66.3,74,SSW,5.8,14.8,29.17,0.0,Fair
2025-08-23,11:00 AM,78.0,65.1,65,SW,7.8,18.3,29.16,0.004,Light Drizzle
2025-08-23,12:00 PM,79.4,64.9,61,SW,8.4,20.1,29.15,0.004,Light Drizzle
2025-08-23,1:00 PM,80.8,64.0,57,WSW,8.7,20.8,29.14,0.004,Light Drizzle
2025-08-23,2:00 PM,82.0,63.5,54,WSW,8.3,20.8,29.12,0.0,Fair
2025-08-23,3:00 PM,83.1,63.0,51,SW,8.6,20.6,29.1,0.0,Fair
2025-08-23,4:00 PM,83.2,62.3,49,SW,8.5,20.8,29.08,0.0,Fair
2025-08-23,5:00 PM,83.3,62.3,49,WSW,7.5,19.9,29.06,0.0,Fair
2025-08-23,6:00 PM,82.9,62.2,50,SW,7.9,17.2,29.05,0.0,Fair
2025-08-23,7:00 PM,81.0,62.5,54,SW,6.5,17.0,29.05,0.0,Fair
2025-08-23,8:00 PM,77.1,64.3,65,SW,3.5,13.2,29.04,0.0,Fair
2025-08-23,9:00 PM,74.8,67.7,79,WSW,4.0,7.2,29.05,0.0,Cloudy
2025-08-23,10:00 PM,73.7,66.7,79,W,2.8,7.2,29.06,0.0,Cloudy
2025-08-23,11:00 PM,73.1,64.9,76,WSW,3.8,6.5,29.07,0.0,Cloudy
2025-08-24,12:00 AM,72.3,63.9,75,WSW,4.8,8.9,29.08,0.0,Cloudy
2025-08-24,1:00 AM,71.0,63.6,78,WSW,3.8,8.7,29.08,0.0,Cloudy
2025-08-24,2:00 AM,69.6,63.6,81,WSW,3.3,6.9,29.07,0.0,Cloudy
2025-08-24,3:00 AM,69.3,63.5,82,WSW,4.3,7.6,29.07,0.0,Partly Cloudy
2025-08-24,4:00 AM,67.7,63.1,85,SW,4.3,7.8,29.07,0.0,Fair
2025-08-24,5:00 AM,66.5,62.8,88,SW,4.4,7.8,29.07,0.0,Fair
2025-08-24,6:00 AM,65.8,62.5,89,SW,4.3,8.1,29.07,0.0,Fair
2025-08-24,7:00 AM,65.4,62.4,90,SW,4.5,7.6,29.08,0.0,Fair
2025-08-24,8:00 AM,67.0,63.0,87,SW,3.9,8.7,29.1,0.0,Fair
2025-08-24,9:00 AM,70.0,64.6,83,W,5.4,12.3,29.1,0.0,Fair
2025-08-24,10:00 AM,73.0,64.9,76,W,5.5,17.0,29.1,0.0,Partly Cloudy
2025-08-24,11:00 AM,75.3,64.6,69,W,5.9,17.9,29.1,0.0,Fair
2025-08-24,12:00 PM,77.1,63.2,62,W,6.4,16.6,29.09,0.008,Light Drizzle
2025-08-24,1:00 PM,79.3,61.3,54,W,6.4,17.2,29.07,0.004,Light Drizzle
2025-08-24,2:00 PM,81.8,59.1,46,W,7.6,19.0,29.05,0.0,Fair
2025-08-24,3:00 PM,81.9,56.8,42,W,8.3,20.4,29.03,0.0,Fair
2025-08-24,4:00 PM,82.3,55.7,40,WNW,7.7,20.1,29.01,0.0,Fair
2025-08-24,5:00 PM,82.1,54.5,39,WNW,7.2,18.8,29.0,0.0,Fair
2025-08-24,6:00 PM,81.0,53.2,38,WNW,7.2,17.2,29.0,0.0,Partly Cloudy
2025-08-24,7:00 PM,77.7,53.6,43,WNW,9.1,19.0,29.0,0.0,Fair
2025-08-24,8:00 PM,74.3,52.7,47,NW,8.1,19.5,29.03,0.0,Fair
2025-08-24,9:00 PM,71.6,54.5,55,NW,5.0,13.6,29.04,0.0,Fair
2025-08-24,10:00 PM,69.1,55.3,62,NW,3.7,9.4,29.05,0.0,Fair
2025-08-24,11:00 PM,67.2,56.5,69,WNW,2.7,6.7,29.06,0.0,Fair
2025-08-25,12:00 AM,66.4,55.0,67,WNW,5.0,8.7,29.07,0.0,Fair
2025-08-25,1:00 AM,65.3,54.1,67,WNW,6.6,11.9,29.07,0.0,Fair
2025-08-25,2:00 AM,64.1,53.8,69,WNW,7.0,14.1,29.08,0.0,Fair
2025-08-25,3:00 AM,64.0,53.4,69,WNW,5.8,13.6,29.07,0.0,Cloudy
2025-08-25,4:00 AM,64.3,52.7,66,WNW,6.5,13.2,29.08,0.0,Fair
2025-08-25,5:00 AM,61.8,52.2,71,WNW,6.4,13.6,29.09,0.0,Fair
2025-08-25,6:00 AM,59.3,52.3,78,WNW,6.1,12.5,29.1,0.0,Fair
2025-08-25,7:00 AM,58.2,52.5,81,W,6.1,11.6,29.11,0.0,Fair
2025-08-25,8:00 AM,60.1,52.9,77,W,5.7,12.1,29.13,0.0,Fair
2025-08-25,9:00 AM,62.9,53.3,71,W,6.2,15.0,29.13,0.0,Fair
2025-08-25,10:00 AM,66.6,53.0,62,WNW,7.0,17.4,29.14,0.0,Fair
2025-08-25,11:00 AM,69.3,49.9,50,WNW,8.0,19.9,29.14,0.0,Fair
2025-08-25,12:00 PM,71.6,48.5,44,WNW,9.0,21.9,29.14,0.0,Fair
2025-08-25,1:00 PM,73.2,46.6,39,W,10.4,25.1,29.14,0.0,Fair
2025-08-25,2:00 PM,74.7,44.7,34,W,10.9,25.7,29.14,0.0,Fair
2025-08-25,3:00 PM,74.3,44.2,34,WNW,11.5,26.6,29.13,0.0,Fair
2025-08-25,4:00 PM,73.8,44.0,34,WNW,10.8,26.8,29.13,0.0,Fair
2025-08-25,5:00 PM,73.2,43.6,35,WNW,11.3,25.3,29.13,0.0,Fair
2025-08-25,6:00 PM,70.3,45.4,41,WNW,11.4,25.9,29.13,0.0,Fair
2025-08-25,7:00 PM,67.6,49.1,51,NW,8.6,24.8,29.15,0.0,Fair
2025-08-25,8:00 PM,62.8,52.1,68,NW,8.6,22.8,29.18,0.0,Fair
2025-08-25,9:00 PM,61.5,53.1,74,WNW,4.7,12.5,29.2,0.0,Fair
2025-08-25,10:00 PM,61.1,52.7,74,WNW,5.2,9.2,29.21,0.0,Fair
2025-08-25,11:00 PM,60.1,52.8,77,WNW,5.4,10.1,29.21,0.0,Fair
2025-08-26,12:00 AM,59.2,53.0,80,W,5.1,9.8,29.22,0.0,Fair
2025-08-26,1:00 AM,58.5,53.2,82,W,4.9,9.2,29.22,0.0,Fair
2025-08-26,2:00 AM,57.8,53.2,84,WNW,5.4,9.6,29.22,0.0,Fair
2025-08-26,3:00 AM,57.0,53.1,87,WNW,5.6,10.5,29.21,0.0,Fair
2025-08-26,4:00 AM,56.3,53.0,89,WNW,4.9,10.1,29.23,0.0,Fair
2025-08-26,5:00 AM,55.8,52.9,90,W,3.8,8.9,29.23,0.0,Fair
2025-08-26,6:00 AM,55.2,52.8,92,WSW,4.0,7.2,29.25,0.0,Fair
2025-08-26,7:00 AM,54.7,52.6,93,W,4.1,7.4,29.27,0.0,Fair
2025-08-26,8:00 AM,56.6,53.0,88,WNW,4.6,10.1,29.28,0.0,Fair
2025-08-26,9:00 AM,59.3,51.3,75,W,5.6,13.6,29.29,0.0,Fair
2025-08-26,10:00 AM,63.9,50.7,62,W,6.8,16.6,29.29,0.0,Fair
2025-08-26,11:00 AM,66.7,48.7,52,WNW,8.9,21.5,29.3,0.0,Fair
2025-08-26,12:00 PM,69.1,46.5,44,WNW,9.3,22.6,29.3,0.0,Fair
2025-08-26,1:00 PM,70.8,45.1,40,WNW,10.0,23.9,29.29,0.0,Fair
2025-08-26,2:00 PM,71.4,43.6,37,WNW,10.9,25.9,29.28,0.0,Fair
2025-08-26,3:00 PM,71.7,43.0,36,NW,10.5,25.9,29.28,0.0,Fair
2025-08-26,4:00 PM,71.2,42.3,35,NW,10.2,25.1,29.27,0.0,Fair
2025-08-26,5:00 PM,69.9,42.0,36,NW,10.1,24.2,29.27,0.0,Fair
2025-08-26,6:00 PM,68.4,41.7,38,NW,8.7,23.3,29.27,0.0,Partly Cloudy
2025-08-26,7:00 PM,67.0,42.1,40,NW,7.7,19.5,29.28,0.0,Cloudy
2025-08-26,8:00 PM,64.4,44.0,47,NNW,5.7,15.9,29.29,0.0,Cloudy
2025-08-26,9:00 PM,61.3,50.5,67,N,1.9,12.8,29.31,0.004,Light Drizzle
2025-08-26,10:00 PM,60.6,50.2,68,WSW,0.3,3.6,29.32,0.0,Fair
2025-08-26,11:00 PM,58.6,50.4,74,WSW,1.9,3.4,29.32,0.0,Fair
2025-08-27,12:00 AM,57.7,49.8,75,W,3.1,5.4,29.32,0.0,Fair
2025-08-27,1:00 AM,56.8,49.4,76,W,3.8,6.7,29.32,0.0,Fair
2025-08-27,2:00 AM,55.9,49.5,79,W,3.9,6.9,29.32,0.0,Fair
2025-08-27,3:00 AM,55.2,49.4,81,WNW,5.0,8.9,29.31,0.0,Fair
2025-08-27,4:00 AM,54.8,49.0,81,WNW,5.1,9.4,29.32,0.0,Fair
2025-08-27,5:00 AM,54.1,48.7,82,WNW,4.7,9.2,29.32,0.0,Fair
2025-08-27,6:00 AM,53.4,48.1,82,WNW,5.2,9.2,29.33,0.0,Fair
2025-08-27,7:00 AM,52.8,47.5,82,WNW,4.5,9.4,29.35,0.0,Fair
2025-08-27,8:00 AM,54.9,48.1,78,WNW,4.0,8.7,29.36,0.0,Fair
2025-08-27,9:00 AM,56.8,49.3,76,W,3.4,9.8,29.38,0.0,Fair
2025-08-27,10:00 AM,62.0,50.1,65,W,4.1,12.1,29.39,0.0,Fair
2025-08-27,11:00 AM,66.5,49.3,54,WNW,6.0,15.9,29.39,0.0,Fair
2025-08-27,12:00 PM,68.8,45.5,43,WNW,7.4,18.8,29.38,0.0,Fair
2025-08-27,1:00 PM,71.0,43.3,37,WNW,8.0,20.4,29.36,0.0,Fair
2025-08-27,2:00 PM,72.1,42.3,34,WNW,8.2,20.6,29.35,0.0,Cloudy
2025-08-27,3:00 PM,70.8,42.2,36,NW,7.6,20.4,29.34,0.0,Cloudy
2025-08-27,4:00 PM,72.5,41.9,33,NW,6.6,18.3,29.32,0.0,Fair
2025-08-27,5:00 PM,72.8,40.9,32,NW,7.1,17.0,29.31,0.0,Cloudy
2025-08-27,6:00 PM,71.3,41.2,34,NW,10.1,21.9,29.3,0.0,Cloudy
2025-08-27,7:00 PM,68.5,41.5,37,NW,7.5,24.6,29.32,0.0,Cloudy
2025-08-27,8:00 PM,64.9,42.4,44,WNW,5.8,15.4,29.31,0.0,Cloudy
2025-08-27,9:00 PM,63.8,40.5,42,WNW,6.2,11.9,29.34,0.0,Fair
2025-08-27,10:00 PM,61.2,43.7,53,NW,3.3,11.2,29.35,0.0,Fair
2025-08-27,11:00 PM,59.5,44.7,58,NW,3.1,6.0,29.34,0.0,Fair
2025-08-28,12:00 AM,57.7,45.9,65,WNW,2.4,5.6,29.34,0.0,Cloudy
2025-08-28,1:00 AM,56.0,46.4,70,SW,1.6,4.3,29.34,0.0,Cloudy
2025-08-28,2:00 AM,55.0,47.4,76,SSW,2.9,4.7,29.32,0.0,Cloudy
2025-08-28,3:00 AM,54.2,47.7,78,SSW,3.1,6.3,29.33,0.0,Cloudy
2025-08-28,4:00 AM,53.7,47.7,80,SSW,2.9,5.1,29.32,0.0,Cloudy
2025-08-28,5:00 AM,53.8,47.8,80,SSW,3.6,6.3,29.32,0.0,Cloudy
2025-08-28,6:00 AM,53.2,47.7,82,SSW,3.6,6.3,29.31,0.0,Fair
2025-08-28,7:00 AM,53.1,47.3,81,SSW,4.9,8.3,29.32,0.0,Fair
2025-08-28,8:00 AM,55.7,47.4,74,SSW,5.8,10.3,29.33,0.0,Fair
2025-08-28,9:00 AM,57.8,48.4,71,SSW,4.6,11.4,29.34,0.0,Fair
2025-08-28,10:00 AM,64.0,47.8,55,SSW,6.0,14.8,29.33,0.0,Fair
2025-08-28,11:00 AM,69.0,45.6,43,SW,8.5,20.4,29.32,0.0,Fair
2025-08-28,12:00 PM,71.9,44.2,37,SW,9.0,22.1,29.31,0.0,Cloudy
2025-08-28,1:00 PM,74.2,43.9,34,WSW,9.7,23.0,29.28,0.0,Cloudy
2025-08-28,2:00 PM,72.4,43.5,35,WSW,9.7,23.5,29.26,0.0,Cloudy
2025-08-28,3:00 PM,72.3,43.7,36,WSW,10.5,22.4,29.25,0.0,Cloudy
2025-08-28,4:00 PM,71.2,45.4,40,W,11.1,24.2,29.23,0.0,Cloudy
2025-08-28,5:00 PM,68.1,49.3,51,W,8.9,23.7,29.23,0.0,Cloudy
2025-08-28,6:00 PM,66.5,51.5,59,W,8.1,18.8,29.23,0.0,Cloudy
2025-08-28,7:00 PM,64.9,52.5,64,WSW,6.2,17.7,29.23,0.0,Cloudy
2025-08-28,8:00 PM,63.9,53.0,68,WSW,6.1,13.2,29.23,0.0,Cloudy
2025-08-28,9:00 PM,59.4,56.2,89,SW,7.0,15.0,29.24,0.004,Light Drizzle
2025-08-28,10:00 PM,58.2,55.9,92,SW,6.4,13.2,29.24,0.0,Fair
2025-08-28,11:00 PM,57.4,55.7,94,SW,6.9,13.4,29.22,0.0,Partly Cloudy
2025-08-29,12:00 AM,57.5,55.7,94,WSW,7.0,13.6,29.22,0.004,Light Drizzle
2025-08-29,1:00 AM,57.0,55.6,95,WSW,6.6,13.4,29.21,0.0,Fair
2025-08-29,2:00 AM,56.3,55.1,96,WSW,5.4,12.5,29.21,0.0,Cloudy
2025-08-29,3:00 AM,56.8,55.8,96,W,4.6,10.3,29.21,0.0,Cloudy
2025-08-29,4:00 AM,56.4,55.8,98,W,4.5,8.7,29.21,0.0,Cloudy
2025-08-29,5:00 AM,57.6,56.7,97,WNW,4.7,9.4,29.22,0.0,Cloudy
2025-08-29,6:00 AM,57.7,56.8,96,NW,4.9,9.6,29.23,0.0,Cloudy
2025-08-29,7:00 AM,57.2,55.8,95,NNW,6.2,12.1,29.24,0.0,Cloudy
2025-08-29,8:00 AM,57.0,54.5,91,NNW,5.4,12.3,29.27,0.0,Partly Cloudy
2025-08-29,9:00 AM,60.3,53.8,79,N,4.0,10.7,29.28,0.0,Fair
2025-08-29,10:00 AM,63.1,52.3,68,NNW,5.2,14.1,29.28,0.0,Fair
2025-08-29,11:00 AM,65.4,51.3,60,NNW,7.3,18.3,29.28,0.004,Light Drizzle
2025-08-29,12:00 PM,67.1,49.5,53,NW,7.9,19.9,29.28,0.0,Partly Cloudy
2025-08-29,1:00 PM,68.7,48.4,48,NW,8.2,21.0,29.27,0.0,Fair
2025-08-29,2:00 PM,69.6,47.6,45,NW,8.2,21.3,29.27,0.0,Fair
2025-08-29,3:00 PM,70.0,46.6,43,NNW,8.5,21.5,29.26,0.0,Fair
2025-08-29,4:00 PM,70.3,45.7,41,NW,7.4,21.5,29.25,0.0,Fair
2025-08-29,5:00 PM,71.0,44.0,38,NW,7.0,18.8,29.23,0.0,Cloudy
2025-08-29,6:00 PM,70.3,43.0,37,NW,7.5,17.7,29.23,0.0,Cloudy
2025-08-29,7:00 PM,68.2,42.6,40,NNW,8.2,17.2,29.22,0.0,Cloudy
2025-08-29,8:00 PM,62.3,46.2,56,N,9.6,21.5,29.24,0.0,Cloudy
2025-08-29,9:00 PM,61.3,46.0,57,N,6.7,15.9,29.26,0.0,Cloudy
2025-08-29,10:00 PM,59.8,45.9,60,N,6.3,13.4,29.26,0.0,Cloudy
2025-08-29,11:00 PM,58.0,45.9,64,NNE,5.2,12.3,29.27,0.0,Cloudy
2025-08-30,12:00 AM,56.3,46.2,69,NNE,4.9,9.8,29.26,0.0,Cloudy
2025-08-30,1:00 AM,55.1,46.7,73,NNE,4.3,8.9,29.26,0.0,Cloudy
2025-08-30,2:00 AM,54.1,47.7,79,NNE,2.4,7.8,29.27,0.0,Partly Cloudy
2025-08-30,3:00 AM,53.1,48.4,84,NNE,2.1,4.7,29.26,0.0,Cloudy
2025-08-30,4:00 AM,52.4,48.7,87,NNE,1.0,4.0,29.26,0.0,Cloudy
2025-08-30,5:00 AM,52.1,49.0,89,NNE,0.9,2.5,29.27,0.0,Partly Cloudy
2025-08-30,6:00 AM,50.9,49.0,93,NNW,1.7,2.9,29.28,0.0,Fair
2025-08-30,7:00 AM,50.3,48.7,94,NW,1.7,3.1,29.3,0.0,Fair
2025-08-30,8:00 AM,53.2,50.2,89,NNW,2.7,6.0,29.33,0.0,Fair
2025-08-30,9:00 AM,55.8,48.4,76,N,2.3,8.1,29.35,0.0,Fair
2025-08-30,10:00 AM,60.3,46.6,61,N,4.1,11.9,29.35,0.0,Fair
2025-08-30,11:00 AM,63.0,45.2,52,N,4.4,13.6,29.35,0.0,Fair
2025-08-30,12:00 PM,65.2,44.2,47,NNE,4.0,13.9,29.34,0.0,Fair
2025-08-30,1:00 PM,67.5,43.6,42,N,4.1,13.6,29.33,0.0,Fair
2025-08-30,2:00 PM,69.2,43.4,39,N,4.5,14.5,29.32,0.0,Fair
2025-08-30,3:00 PM,70.3,42.7,37,N,4.8,14.8,29.31,0.0,Fair
2025-08-30,4:00 PM,70.8,42.6,36,N,5.5,15.7,29.3,0.0,Fair
2025-08-30,5:00 PM,70.3,43.2,38,N,6.3,16.3,29.29,0.0,Fair
2025-08-30,6:00 PM,69.2,43.3,39,N,6.7,16.6,29.29,0.0,Fair
2025-08-30,7:00 PM,67.5,44.3,43,NNE,6.1,15.9,29.3,0.0,Fair
2025-08-30,8:00 PM,63.5,45.7,52,NNE,5.6,12.5,29.31,0.0,Fair
2025-08-30,9:00 PM,63.0,44.9,52,NE,7.0,13.0,29.32,0.0,Fair
2025-08-30,10:00 PM,60.8,44.7,55,NNE,7.6,13.9,29.34,0.0,Fair
2025-08-30,11:00 PM,59.2,45.5,60,NE,7.5,15.4,29.34,0.0,Fair
2025-08-31,12:00 AM,57.7,45.4,64,NE,6.3,14.3,29.35,0.0,Fair
2025-08-31,1:00 AM,56.3,45.3,67,NE,5.6,11.9,29.36,0.0,Fair
2025-08-31,2:00 AM,55.4,45.1,68,NE,4.8,10.3,29.36,0.0,Fair
2025-08-31,3:00 AM,54.5,44.7,69,NE,4.7,8.7,29.36,0.0,Fair
2025-08-31,4:00 AM,53.9,44.3,70,NE,4.8,8.7,29.36,0.0,Fair
2025-08-31,5:00 AM,53.3,44.3,71,NE,4.7,8.7,29.36,0.0,Cloudy
2025-08-31,6:00 AM,52.9,44.7,74,NE,5.1,9.2,29.36,0.0,Partly Cloudy
2025-08-31,7:00 AM,52.1,45.1,77,NE,5.3,9.6,29.38,0.0,Fair
2025-08-31,8:00 AM,54.2,46.0,74,NE,5.7,10.5,29.41,0.0,Fair
2025-08-31,9:00 AM,56.8,46.1,67,NE,4.4,11.0,29.43,0.0,Fair
2025-08-31,10:00 AM,62.5,46.0,55,NE,5.0,13.4,29.43,0.0,Fair
2025-08-31,11:00 AM,67.3,45.1,45,NE,5.6,15.2,29.43,0.0,Fair
2025-08-31,12:00 PM,70.3,44.2,39,ENE,5.8,16.3,29.43,0.0,Fair
2025-08-31,1:00 PM,72.4,44.2,36,ENE,5.6,16.3,29.41,0.0,Fair
2025-08-31,2:00 PM,74.0,43.5,34,ENE,5.8,16.3,29.39,0.0,Fair
2025-08-31,3:00 PM,75.4,43.2,32,ENE,5.8,16.3,29.38,0.0,Fair
2025-08-31,4:00 PM,76.1,43.0,31,NE,6.3,16.6,29.36,0.0,Fair
2025-08-31,5:00 PM,75.7,42.5,30,NE,7.5,18.1,29.35,0.0,Fair
2025-08-31,6:00 PM,74.5,42.8,32,NE,7.8,18.3,29.35,0.0,Fair
2025-08-31,7:00 PM,72.1,44.0,36,ENE,6.8,17.4,29.36,0.0,Fair
2025-08-31,8:00 PM,67.3,44.8,44,ENE,5.7,14.3,29.36,0.0,Fair
2025-08-31,9:00 PM,66.2,46.2,49,NNE,6.6,12.1,29.37,0.0,Fair
2025-08-31,10:00 PM,63.9,47.4,55,NNE,6.7,12.5,29.38,0.0,Fair
2025-08-31,11:00 PM,62.6,47.1,57,NNE,6.7,12.8,29.38,0.0,Fair
2025-09-01,12:00 AM,61.2,47.3,60,NNE,5.8,12.5,29.38,0.0,Fair
2025-09-01,1:00 AM,59.6,48.4,66,NE,4.8,10.5,29.39,0.0,Fair
2025-09-01,2:00 AM,58.2,48.6,70,ENE,4.6,8.5,29.38,0.0,Fair
2025-09-01,3:00 AM,57.4,48.2,71,ENE,4.2,8.1,29.37,0.0,Fair
2025-09-01,4:00 AM,55.9,48.5,76,ENE,3.1,7.2,29.36,0.0,Fair
2025-09-01,5:00 AM,54.7,48.7,80,E,2.9,5.4,29.37,0.0,Fair
2025-09-01,6:00 AM,54.1,48.7,82,ENE,2.5,4.7,29.37,0.0,Fair
2025-09-01,7:00 AM,53.5,48.8,84,ENE,2.7,4.5,29.39,0.0,Fair
2025-09-01,8:00 AM,56.8,49.1,76,ENE,4.6,8.5,29.41,0.0,Fair
2025-09-01,9:00 AM,60.1,49.4,68,ENE,2.6,8.1,29.43,0.0,Fair
2025-09-01,10:00 AM,66.7,48.9,53,E,3.2,10.1,29.44,0.0,Fair
2025-09-01,11:00 AM,71.5,47.4,42,ESE,5.1,14.1,29.44,0.0,Fair
2025-09-01,12:00 PM,73.9,44.5,35,SE,6.1,16.6,29.43,0.0,Fair
2025-09-01,1:00 PM,76.0,43.1,31,ESE,5.9,16.8,29.41,0.0,Fair
2025-09-01,2:00 PM,77.2,41.8,28,ESE,5.8,16.3,29.39,0.0,Partly Cloudy
2025-09-01,3:00 PM,76.8,41.8,29,E,6.8,17.4,29.37,0.0,Cloudy
2025-09-01,4:00 PM,75.8,42.5,30,E,7.3,17.7,29.36,0.0,Cloudy
2025-09-01,5:00 PM,74.7,43.3,33,E,7.5,17.9,29.36,0.0,Cloudy
2025-09-01,6:00 PM,74.2,43.7,34,ESE,6.5,17.4,29.34,0.0,Fair
2025-09-01,7:00 PM,72.3,46.4,40,ESE,5.5,14.5,29.34,0.0,Partly Cloudy
2025-09-01,8:00 PM,67.9,48.8,50,E,5.3,11.2,29.33,0.0,Fair
2025-09-01,9:00 PM,67.5,48.9,51,E,4.2,7.4,29.32,0.0,Fair
2025-09-01,10:00 PM,66.0,49.4,55,ESE,4.2,7.4,29.32,0.0,Fair
2025-09-01,11:00 PM,64.7,49.0,57,ESE,5.1,9.2,29.32,0.0,Partly Cloudy
2025-09-02,12:00 AM,62.9,49.9,63,SE,4.4,8.9,29.32,0.0,Cloudy
2025-09-02,1:00 AM,62.1,50.0,65,SE,5.5,9.6,29.31,0.0,Fair
2025-09-02,2:00 AM,61.3,49.6,65,SE,5.0,9.6,29.32,0.0,Fair
2025-09-02,3:00 AM,60.0,49.7,69,SSE,4.1,8.9,29.31,0.0,Fair
2025-09-02,4:00 AM,58.6,50.0,73,SE,3.3,7.4,29.3,0.0,Partly Cloudy
2025-09-02,5:00 AM,57.2,50.3,78,SE,2.9,5.8,29.3,0.0,Fair
2025-09-02,6:00 AM,56.3,50.5,81,SSE,2.2,4.9,29.3,0.0,Fair
2025-09-02,7:00 AM,55.4,50.7,84,SSE,2.4,4.0,29.31,0.0,Fair
2025-09-02,8:00 AM,58.4,51.0,76,SE,4.0,7.4,29.32,0.0,Fair
2025-09-02,9:00 AM,60.7,51.1,71,SSE,2.0,7.2,29.33,0.0,Fair
2025-09-02,10:00 AM,66.0,51.5,60,SSE,2.4,8.7,29.33,0.0,Fair
2025-09-02,11:00 AM,70.8,51.2,50,S,3.6,11.6,29.32,0.0,Fair
2025-09-02,12:00 PM,73.9,49.2,42,S,3.6,12.1,29.3,0.0,Fair
2025-09-02,1:00 PM,74.3,47.3,38,SSE,3.1,12.1,29.28,0.0,Fair
2025-09-02,2:00 PM,76.1,46.2,35,SSE,2.5,11.2,29.26,0.0,Fair
2025-09-02,3:00 PM,76.9,45.1,32,SSE,2.4,10.3,29.23,0.0,Fair
2025-09-02,4:00 PM,77.3,43.7,30,SSE,2.6,9.8,29.21,0.0,Partly Cloudy
2025-09-02,5:00 PM,76.1,43.5,31,SSE,3.4,9.4,29.2,0.0,Fair
2025-09-02,6:00 PM,75.6,44.4,33,SE,2.9,9.4,29.19,0.0,Partly Cloudy
2025-09-02,7:00 PM,73.5,48.1,41,ENE,3.1,6.5,29.18,0.0,Fair
2025-09-02,8:00 PM,69.5,47.5,45,E,5.1,8.7,29.17,0.0,Fair
2025-09-02,9:00 PM,67.9,50.3,53,SSE,3.6,7.6,29.17,0.0,Fair
2025-09-02,10:00 PM,65.9,49.7,56,SE,5.1,8.1,29.16,0.0,Fair
2025-09-02,11:00 PM,64.2,49.2,58,SSE,5.5,10.3,29.15,0.0,Fair
2025-09-03,12:00 AM,63.1,49.7,62,S,4.9,9.6,29.14,0.0,Fair
2025-09-03,1:00 AM,61.3,50.6,68,SSE,3.6,8.5,29.14,0.0,Fair
2025-09-03,2:00 AM,59.2,51.3,75,SSE,3.1,6.5,29.13,0.0,Fair
2025-09-03,3:00 AM,58.6,50.8,75,SSE,4.3,7.2,29.12,0.0,Fair
2025-09-03,4:00 AM,57.9,50.3,76,SSE,4.2,7.6,29.12,0.0,Fair
2025-09-03,5:00 AM,57.5,49.9,76,S,4.5,7.8,29.11,0.0,Fair
2025-09-03,6:00 AM,57.6,49.6,75,S,5.4,9.4,29.1,0.0,Fair
2025-09-03,7:00 AM,57.0,49.6,76,SSE,5.8,10.3,29.1,0.0,Fair
2025-09-03,8:00 AM,58.6,50.2,73,S,5.7,10.7,29.12,0.0,Fair
2025-09-03,9:00 AM,60.7,51.0,70,S,4.8,11.9,29.11,0.0,Fair
2025-09-03,10:00 AM,65.7,52.6,63,S,5.7,14.5,29.11,0.0,Fair
2025-09-03,11:00 AM,70.9,54.5,56,S,6.9,17.7,29.1,0.0,Fair
2025-09-03,12:00 PM,75.3,55.8,51,SSW,7.5,19.2,29.09,0.0,Fair
2025-09-03,1:00 PM,77.6,53.8,44,SW,8.0,21.3,29.07,0.0,Fair
2025-09-03,2:00 PM,79.1,53.4,41,SSW,7.8,21.3,29.05,0.0,Fair
2025-09-03,3:00 PM,80.2,54.1,41,SSW,8.0,20.4,29.02,0.0,Fair
2025-09-03,4:00 PM,80.3,54.1,40,SSW,7.8,20.4,28.99,0.0,Cloudy
2025-09-03,5:00 PM,71.2,58.7,65,S,12.8,26.2,29.01,0.059,Light Rain
2025-09-03,6:00 PM,67.5,60.6,79,SSW,5.6,26.6,28.99,0.098,Rain
2025-09-03,7:00 PM,65.3,60.1,83,SW,4.4,13.4,29.01,0.102,Rain
2025-09-03,8:00 PM,63.6,60.9,91,SSE,7.1,12.1,28.99,0.004,Light Drizzle
2025-09-03,9:00 PM,67.6,60.1,77,SSE,5.4,9.8,28.96,0.0,Fair
2025-09-03,10:00 PM,65.4,59.8,82,SSE,7.0,12.3,28.97,0.0,Fair
2025-09-03,11:00 PM,64.9,58.2,79,S,8.5,15.7,28.97,0.0,Fair
2025-09-04,12:00 AM,64.6,57.9,79,S,8.0,16.3,28.96,0.0,Fair
2025-09-04,1:00 AM,64.0,57.4,79,SSW,8.7,16.3,28.96,0.0,Fair
2025-09-04,2:00 AM,63.9,57.2,79,SSW,9.1,17.9,28.96,0.0,Fair
2025-09-04,3:00 AM,63.1,57.9,83,S,9.1,17.9,28.94,0.0,Fair
2025-09-04,4:00 AM,62.4,58.7,88,SSW,8.9,17.9,28.93,0.0,Partly Cloudy
2025-09-04,5:00 AM,62.4,58.9,88,SSW,11.4,21.9,28.93,0.0,Cloudy
2025-09-04,6:00 AM,62.3,57.8,85,S,12.5,25.5,28.92,0.004,Light Drizzle
2025-09-04,7:00 AM,62.4,58.1,86,SSW,10.0,25.1,28.94,0.0,Cloudy
2025-09-04,8:00 AM,63.2,59.4,87,SSW,10.2,20.6,28.94,0.004,Light Drizzle
2025-09-04,9:00 AM,61.9,61.3,98,SSW,9.7,20.4,28.92,0.024,Drizzle
2025-09-04,10:00 AM,64.9,61.6,89,SW,10.9,26.8,28.94,0.004,Light Drizzle
2025-09-04,11:00 AM,66.1,61.3,85,SW,10.8,26.4,28.95,0.012,Light Drizzle
2025-09-04,12:00 PM,65.5,61.4,87,WSW,10.6,26.2,28.95,0.02,Drizzle
2025-09-04,1:00 PM,65.8,61.2,85,SW,9.5,27.3,28.95,0.012,Light Drizzle
2025-09-04,2:00 PM,66.9,60.4,80,SW,9.5,25.1,28.93,0.004,Light Drizzle
2025-09-04,3:00 PM,65.3,60.4,84,WSW,10.2,24.6,28.92,0.181,Rain
2025-09-04,4:00 PM,63.2,62.0,96,W,7.2,23.5,28.92,0.067,Light Rain
2025-09-04,5:00 PM,64.7,60.5,86,SW,3.9,16.6,28.92,0.004,Light Drizzle
2025-09-04,6:00 PM,66.2,60.2,81,SW,3.4,11.0,28.93,0.0,Fair
2025-09-04,7:00 PM,65.2,60.3,84,SW,4.1,12.5,28.95,0.0,Fair
2025-09-04,8:00 PM,62.5,60.2,92,S,4.3,7.8,28.95,0.0,Fair
2025-09-04,9:00 PM,60.4,59.9,98,SSE,3.2,8.3,28.97,0.0,Fair
2025-09-04,10:00 PM,59.3,58.8,98,S,3.1,6.0,29.0,0.0,Fair
2025-09-04,11:00 PM,58.6,58.3,99,SSE,3.6,6.3,29.0,0.0,Fair
2025-09-05,12:00 AM,58.3,58.0,99,S,3.9,7.4,29.0,0.0,Fair
2025-09-05,1:00 AM,58.0,57.8,99,SSW,4.5,8.3,29.01,0.0,Fair
2025-09-05,2:00 AM,57.9,57.8,100,SSW,4.7,8.7,29.01,0.0,Partly Cloudy
2025-09-05,3:00 AM,58.3,58.0,99,SSW,5.0,9.8,29.0,0.0,Partly Cloudy
2025-09-05,4:00 AM,57.9,57.7,99,SSW,4.7,9.6,29.0,0.0,Cloudy
2025-09-05,5:00 AM,59.1,58.9,99,SSW,5.0,9.4,29.01,0.0,Cloudy
2025-09-05,6:00 AM,60.4,60.4,100,S,6.2,11.9,29.01,0.0,Cloudy
2025-09-05,7:00 AM,61.0,60.9,100,SSW,7.2,13.9,29.02,0.0,Cloudy
2025-09-05,8:00 AM,62.3,61.5,97,SSW,10.4,20.1,29.03,0.0,Cloudy
2025-09-05,9:00 AM,61.8,60.2,94,SSW,11.7,25.3,29.03,0.004,Light Drizzle
2025-09-05,10:00 AM,64.4,60.5,87,SW,10.8,25.7,29.05,0.008,Light Drizzle
2025-09-05,11:00 AM,68.1,58.8,72,SW,13.1,28.9,29.05,0.004,Light Drizzle
2025-09-05,12:00 PM,71.7,58.0,62,SW,11.5,28.4,29.05,0.0,Fair
2025-09-05,1:00 PM,74.6,57.8,56,SW,13.0,28.9,29.04,0.0,Fair
2025-09-05,2:00 PM,75.7,59.3,57,SW,15.5,35.1,29.04,0.0,Cloudy
2025-09-05,3:00 PM,75.8,59.3,57,SW,14.7,33.8,29.01,0.0,Partly Cloudy
2025-09-05,4:00 PM,76.9,62.3,61,SW,12.3,33.8,29.01,0.0,Fair
2025-09-05,5:00 PM,75.7,63.4,66,SW,11.3,32.4,29.02,0.008,Light Drizzle
2025-09-05,6:00 PM,74.0,64.1,71,SW,9.6,24.4,29.02,0.008,Light Drizzle
2025-09-05,7:00 PM,72.1,64.4,77,SW,8.4,20.8,29.04,0.0,Cloudy
2025-09-05,8:00 PM,69.8,64.1,82,SW,6.9,17.2,29.05,0.0,Cloudy
2025-09-05,9:00 PM,70.1,66.2,88,SW,8.5,15.7,29.05,0.004,Light Drizzle
2025-09-05,10:00 PM,68.7,66.3,92,SW,6.4,15.7,29.08,0.0,Cloudy
2025-09-05,11:00 PM,67.8,66.1,94,WSW,5.6,11.9,29.1,0.0,Cloudy
2025-09-06,12:00 AM,66.3,64.0,92,W,5.8,10.3,29.11,0.0,Cloudy
2025-09-06,1:00 AM,64.9,59.6,83,WNW,5.5,11.0,29.12,0.0,Cloudy
2025-09-06,2:00 AM,61.6,55.8,81,NW,3.3,9.8,29.12,0.0,Cloudy
2025-09-06,3:00 AM,62.1,54.4,76,NW,2.3,7.4,29.12,0.0,Cloudy
2025-09-06,4:00 AM,61.4,55.0,80,WSW,2.4,4.7,29.13,0.004,Light Drizzle
2025-09-06,5:00 AM,60.0,55.0,83,W,2.0,4.5,29.13,0.0,Cloudy
2025-09-06,6:00 AM,59.5,54.6,84,WSW,2.0,3.8,29.13,0.0,Cloudy
2025-09-06,7:00 AM,59.4,53.3,80,WNW,2.9,6.5,29.16,0.0,Cloudy
2025-09-06,8:00 AM,59.8,53.0,78,WNW,4.2,7.8,29.17,0.0,Cloudy
2025-09-06,9:00 AM,59.8,55.4,85,WSW,2.9,7.8,29.16,0.0,Cloudy
2025-09-06,10:00 AM,61.6,56.0,82,SW,2.8,8.7,29.17,0.0,Cloudy
2025-09-06,11:00 AM,64.7,54.9,71,WSW,4.8,12.8,29.19,0.0,Cloudy
2025-09-06,12:00 PM,65.7,52.3,62,WSW,6.7,15.9,29.21,0.0,Cloudy
2025-09-06,1:00 PM,64.9,51.7,62,WSW,7.6,17.0,29.21,0.004,Light Drizzle
2025-09-06,2:00 PM,64.9,51.9,63,WSW,7.6,17.4,29.2,0.012,Light Drizzle
2025-09-06,3:00 PM,64.0,51.8,64,WSW,8.5,18.8,29.19,0.004,Light Drizzle
2025-09-06,4:00 PM,65.3,50.7,59,SW,8.4,19.5,29.18,0.0,Cloudy
2025-09-06,5:00 PM,65.2,49.8,57,SW,8.8,19.5,29.17,0.0,Cloudy
2025-09-06,6:00 PM,64.2,50.5,61,SSW,7.4,19.5,29.16,0.0,Cloudy
2025-09-06,7:00 PM,63.2,51.6,66,SSW,6.8,15.9,29.17,0.0,Cloudy
2025-09-06,8:00 PM,61.3,52.3,72,SSW,4.9,14.1,29.18,0.0,Partly Cloudy
2025-09-06,9:00 PM,57.7,53.6,86,SSW,7.1,13.4,29.21,0.0,Fair
2025-09-06,10:00 PM,56.3,53.8,91,SSW,6.9,13.4,29.22,0.0,Fair
2025-09-06,11:00 PM,55.2,53.8,95,SSW,6.7,12.8,29.24,0.0,Fair
2025-09-07,12:00 AM,54.3,53.5,97,SW,6.8,12.8,29.25,0.0,Cloudy
2025-09-07,1:00 AM,54.6,53.5,96,SW,6.3,13.0,29.25,0.0,Cloudy
2025-09-07,2:00 AM,55.1,53.6,95,SW,5.9,12.1,29.25,0.0,Cloudy
2025-09-07,3:00 AM,55.1,53.1,93,WSW,5.4,11.0,29.23,0.0,Cloudy
2025-09-07,4:00 AM,55.9,51.7,86,W,5.7,11.0,29.23,0.0,Fair
2025-09-07,5:00 AM,53.8,49.2,84,WNW,6.3,11.4,29.23,0.0,Fair
2025-09-07,6:00 AM,51.9,47.3,84,WNW,5.0,11.6,29.25,0.0,Fair
2025-09-07,7:00 AM,50.9,46.3,84,W,4.4,8.9,29.27,0.0,Fair
2025-09-07,8:00 AM,52.0,46.9,83,W,4.9,8.7,29.29,0.0,Fair
2025-09-07,9:00 AM,55.7,48.1,76,WSW,3.0,9.4,29.31,0.0,Fair
2025-09-07,10:00 AM,60.1,47.8,64,W,3.7,11.0,29.31,0.0,Fair
2025-09-07,11:00 AM,63.6,46.2,53,WNW,6.4,16.1,29.32,0.0,Fair
2025-09-07,12:00 PM,65.2,42.3,43,NW,8.5,20.6,29.33,0.0,Fair
2025-09-07,1:00 PM,65.8,40.0,39,WNW,9.3,21.5,29.32,0.0,Partly Cloudy
2025-09-07,2:00 PM,67.0,38.3,35,WNW,9.1,21.9,29.31,0.0,Cloudy
2025-09-07,3:00 PM,66.7,38.7,36,NW,8.3,21.0,29.31,0.0,Cloudy
2025-09-07,4:00 PM,66.9,38.6,35,NW,7.0,18.6,29.31,0.0,Partly Cloudy
2025-09-07,5:00 PM,66.4,37.5,34,WNW,6.7,17.0,29.31,0.0,Cloudy
2025-09-07,6:00 PM,65.8,39.4,38,NW,5.4,16.8,29.31,0.0,Fair
2025-09-07,7:00 PM,63.1,43.0,48,NW,4.4,11.9,29.32,0.0,Fair
2025-09-07,8:00 PM,59.5,43.1,55,NNW,4.3,8.5,29.32,0.0,Fair
2025-09-07,9:00 PM,58.1,48.2,70,N,2.9,4.7,29.35,0.0,Fair
2025-09-07,10:00 PM,56.8,46.8,69,N,6.1,10.7,29.38,0.0,Fair
2025-09-07,11:00 PM,55.0,44.2,67,NNE,4.7,11.2,29.39,0.0,Fair
2025-09-08,12:00 AM,53.2,44.2,71,ENE,3.3,8.3,29.4,0.0,Fair
2025-09-08,1:00 AM,52.2,43.9,73,E,3.3,5.6,29.41,0.0,Fair
2025-09-08,2:00 AM,51.1,43.7,76,ESE,3.4,6.3,29.41,0.0,Fair
2025-09-08,3:00 AM,49.6,43.8,80,ESE,3.0,5.8,29.4,0.0,Fair
2025-09-08,4:00 AM,48.9,43.6,82,ESE,2.1,4.7,29.41,0.0,Fair
2025-09-08,5:00 AM,48.4,43.5,83,E,1.3,3.4,29.42,0.0,Fair
2025-09-08,6:00 AM,47.8,43.6,85,E,1.3,2.5,29.43,0.0,Fair
2025-09-08,7:00 AM,47.6,43.6,86,ESE,1.1,2.5,29.44,0.0,Fair
2025-09-08,8:00 AM,50.3,44.9,82,NE,1.2,2.7,29.46,0.0,Fair
2025-09-08,9:00 AM,52.3,46.2,80,SSE,0.9,4.9,29.47,0.0,Fair
2025-09-08,10:00 AM,58.8,47.3,66,SSE,1.1,6.5,29.49,0.0,Fair
2025-09-08,11:00 AM,64.1,43.9,48,SSE,2.6,9.4,29.5,0.0,Fair
2025-09-08,12:00 PM,66.7,42.9,42,SE,2.5,9.8,29.5,0.0,Fair
2025-09-08,1:00 PM,68.4,42.0,38,SE,2.1,9.8,29.49,0.0,Fair
2025-09-08,2:00 PM,69.7,42.0,37,SSE,1.9,9.4,29.47,0.0,Fair
2025-09-08,3:00 PM,70.5,40.6,34,SE,2.4,9.2,29.44,0.0,Cloudy
2025-09-08,4:00 PM,70.3,41.3,35,E,2.7,9.2,29.42,0.0,Cloudy
2025-09-08,5:00 PM,70.1,42.2,36,ENE,3.1,9.2,29.41,0.0,Cloudy
2025-09-08,6:00 PM,68.7,43.4,40,NE,4.0,9.6,29.4,0.0,Fair
2025-09-08,7:00 PM,65.3,46.7,51,NE,5.1,9.8,29.4,0.0,Fair
2025-09-08,8:00 PM,61.6,44.3,53,E,6.7,12.1,29.4,0.0,Fair
2025-09-08,9:00 PM,60.4,44.2,55,ESE,6.0,10.5,29.41,0.0,Fair
2025-09-08,10:00 PM,58.1,44.2,60,ESE,4.5,10.5,29.41,0.0,Fair
2025-09-08,11:00 PM,56.6,44.5,64,ESE,5.3,9.2,29.41,0.0,Fair
2025-09-09,12:00 AM,56.1,44.2,64,E,6.2,11.2,29.41,0.0,Fair
2025-09-09,1:00 AM,55.9,43.9,64,E,5.9,11.2,29.4,0.0,Fair
2025-09-09,2:00 AM,55.2,43.8,65,E,5.6,10.7,29.4,0.0,Fair
2025-09-09,3:00 AM,53.7,44.5,71,E,4.6,10.1,29.39,0.0,Fair
2025-09-09,4:00 AM,52.4,45.1,76,ESE,4.0,8.1,29.38,0.0,Fair
2025-09-09,5:00 AM,51.5,45.2,79,ESE,3.8,7.2,29.38,0.0,Fair
2025-09-09,6:00 AM,50.6,45.1,81,ESE,3.3,6.7,29.39,0.0,Fair
2025-09-09,7:00 AM,49.9,44.8,82,ESE,3.0,5.8,29.41,0.0,Fair
2025-09-09,8:00 AM,52.8,45.9,77,ESE,3.9,6.7,29.42,0.0,Fair
2025-09-09,9:00 AM,54.9,46.5,73,SE,2.7,7.6,29.45,0.0,Fair
2025-09-09,10:00 AM,60.5,47.4,62,SE,3.1,9.6,29.45,0.0,Fair
2025-09-09,11:00 AM,65.5,47.6,52,SSE,3.6,11.0,29.46,0.0,Fair
2025-09-09,12:00 PM,68.9,46.5,45,SSE,4.0,12.1,29.45,0.0,Fair
2025-09-09,1:00 PM,70.8,44.3,39,SE,4.4,13.2,29.43,0.0,Fair
2025-09-09,2:00 PM,71.8,44.3,37,SE,4.9,14.1,29.41,0.0,Fair
2025-09-09,3:00 PM,72.3,44.3,37,SE,5.2,14.5,29.39,0.0,Fair
2025-09-09,4:00 PM,72.4,44.5,37,ESE,4.7,14.5,29.37,0.0,Fair
2025-09-09,5:00 PM,72.1,45.1,38,ESE,4.5,13.0,29.36,0.0,Fair
2025-09-09,6:00 PM,71.0,46.6,42,ESE,4.2,11.6,29.35,0.0,Fair
2025-09-09,7:00 PM,67.6,53.0,60,E,2.6,9.4,29.34,0.0,Fair
2025-09-09,8:00 PM,63.3,51.1,64,NE,3.4,5.4,29.33,0.0,Fair
2025-09-09,9:00 PM,63.3,50.2,62,ENE,4.4,6.9,29.33,0.0,Fair
2025-09-09,10:00 PM,61.0,50.5,68,E,5.3,9.2,29.32,0.0,Fair
2025-09-09,11:00 PM,59.9,50.3,70,SE,5.6,9.8,29.33,0.0,Fair
2025-09-10,12:00 AM,59.4,49.0,69,SE,5.4,10.1,29.34,0.0,Fair
2025-09-10,1:00 AM,58.4,47.9,68,SE,5.1,9.6,29.35,0.0,Fair
2025-09-10,2:00 AM,56.3,47.9,73,SE,3.6,8.9,29.35,0.0,Fair
2025-09-10,3:00 AM,55.6,47.6,74,ESE,3.7,6.5,29.34,0.0,Fair
2025-09-10,4:00 AM,54.2,47.5,78,ESE,3.4,6.7,29.34,0.0,Fair
2025-09-10,5:00 AM,53.5,47.4,80,ESE,3.5,6.3,29.34,0.0,Fair
2025-09-10,6:00 AM,52.4,47.2,82,ESE,3.1,6.0,29.34,0.0,Fair
2025-09-10,7:00 AM,52.0,47.2,84,ESE,3.4,5.8,29.35,0.0,Fair
2025-09-10,8:00 AM,53.8,48.2,81,ESE,4.2,7.2,29.37,0.0,Fair
2025-09-10,9:00 AM,56.0,49.0,77,SSE,2.0,7.2,29.38,0.0,Fair
2025-09-10,10:00 AM,61.0,50.7,69,SSE,1.5,7.4,29.38,0.0,Fair
2025-09-10,11:00 AM,65.9,51.9,61,S,1.4,7.8,29.38,0.0,Partly Cloudy
2025-09-10,12:00 PM,69.9,52.4,54,SSE,1.2,8.1,29.37,0.0,Cloudy
2025-09-10,1:00 PM,72.7,50.1,45,SE,1.3,8.3,29.36,0.0,Cloudy
2025-09-10,2:00 PM,74.1,49.2,41,SSW,0.7,8.1,29.34,0.0,Cloudy
2025-09-10,3:00 PM,74.8,48.9,40,WSW,1.1,7.6,29.32,0.0,Cloudy
2025-09-10,4:00 PM,75.2,48.7,39,WNW,0.6,7.6,29.31,0.0,Partly Cloudy
2025-09-10,5:00 PM,74.9,47.2,37,N,1.1,6.3,29.29,0.0,Fair
2025-09-10,6:00 PM,74.0,45.3,36,ENE,1.8,5.8,29.29,0.0,Fair
2025-09-10,7:00 PM,69.9,54.1,57,SE,1.8,4.9,29.28,0.0,Fair
2025-09-10,8:00 PM,66.2,51.7,60,S,1.2,2.9,29.28,0.0,Fair
2025-09-10,9:00 PM,65.2,51.7,62,WSW,1.2,5.8,29.29,0.0,Fair
2025-09-10,10:00 PM,62.5,52.0,68,N,2.0,3.6,29.3,0.0,Fair
2025-09-10,11:00 PM,60.4,53.0,76,E,1.2,3.8,29.31,0.0,Fair
2025-09-11,12:00 AM,59.7,50.1,70,SSE,4.0,6.5,29.31,0.0,Fair
2025-09-11,1:00 AM,58.0,50.1,75,S,3.2,6.7,29.31,0.0,Fair
2025-09-11,2:00 AM,57.0,50.1,78,SW,2.8,4.9,29.3,0.0,Fair
2025-09-11,3:00 AM,56.2,50.1,80,WNW,2.8,4.3,29.29,0.0,Fair
2025-09-11,4:00 AM,55.2,49.9,82,WNW,1.9,4.3,29.28,0.0,Fair
2025-09-11,5:00 AM,54.6,49.9,84,WNW,0.8,3.1,29.29,0.0,Fair
2025-09-11,6:00 AM,53.1,50.1,90,ENE,2.5,4.0,29.29,0.0,Fair
2025-09-11,7:00 AM,52.6,49.6,89,SE,1.5,4.5,29.31,0.0,Fair
2025-09-11,8:00 AM,55.0,51.0,86,S,2.5,3.8,29.33,0.0,Fair
2025-09-11,9:00 AM,58.0,52.2,81,SSW,1.2,5.4,29.36,0.0,Fair
2025-09-11,10:00 AM,64.7,52.5,65,SW,0.9,6.3,29.38,0.0,Fair
2025-09-11,11:00 AM,70.3,52.1,52,SW,0.6,6.7,29.39,0.0,Fair
2025-09-11,12:00 PM,74.3,50.3,43,N,0.7,6.9,29.38,0.0,Fair
2025-09-11,1:00 PM,76.4,48.4,37,NNW,2.0,9.2,29.37,0.0,Fair
2025-09-11,2:00 PM,77.5,47.8,35,NNW,2.4,10.1,29.35,0.0,Fair
2025-09-11,3:00 PM,78.3,47.2,34,NNW,2.4,10.1,29.34,0.0,Fair
2025-09-11,4:00 PM,78.6,46.2,32,NNW,2.6,9.8,29.33,0.0,Fair
2025-09-11,5:00 PM,78.5,45.6,31,N,3.3,9.6,29.31,0.0,Fair
2025-09-11,6:00 PM,77.3,46.7,34,N,4.1,9.6,29.3,0.0,Fair
2025-09-11,7:00 PM,73.4,49.7,43,NNE,4.3,9.6,29.3,0.0,Fair
2025-09-11,8:00 PM,69.1,48.2,47,NNE,5.6,10.3,29.31,0.0,Fair
2025-09-11,9:00 PM,67.5,48.9,51,NE,5.5,10.1,29.32,0.0,Fair
2025-09-11,10:00 PM,65.8,48.7,54,NNE,5.1,9.6,29.33,0.0,Fair
2025-09-11,11:00 PM,64.4,49.6,59,NE,4.6,8.7,29.33,0.0,Fair
2025-09-12,12:00 AM,61.9,50.7,67,N,4.4,8.1,29.34,0.0,Fair
2025-09-12,1:00 AM,60.4,51.4,72,NNE,4.4,8.1,29.34,0.0,Fair
2025-09-12,2:00 AM,58.6,51.7,78,NNE,3.2,7.6,29.34,0.0,Fair
2025-09-12,3:00 AM,57.7,51.7,81,NNE,2.8,5.4,29.34,0.0,Fair
2025-09-12,4:00 AM,56.5,51.8,84,NNE,2.8,4.7,29.34,0.0,Fair
2025-09-12,5:00 AM,56.0,51.8,86,NNE,3.0,5.1,29.34,0.0,Fair
2025-09-12,6:00 AM,55.0,51.4,88,NNE,2.8,5.1,29.34,0.0,Fair
2025-09-12,7:00 AM,54.1,51.2,90,NNE,2.5,4.5,29.36,0.0,Fair
2025-09-12,8:00 AM,56.5,52.5,87,NNE,3.7,5.8,29.39,0.0,Fair
2025-09-12,9:00 AM,58.7,53.2,82,ESE,0.9,5.6,29.39,0.0,Fair
2025-09-12,10:00 AM,65.1,53.9,67,NE,0.4,5.8,29.41,0.0,Fair
2025-09-12,11:00 AM,71.1,54.0,55,NW,0.3,6.0,29.41,0.0,Fair
2025-09-12,12:00 PM,75.7,52.7,45,W,0.9,7.4,29.4,0.0,Fair
2025-09-12,1:00 PM,78.3,50.4,38,WSW,1.5,8.5,29.39,0.0,Fair
2025-09-12,2:00 PM,79.7,49.9,35,WSW,1.6,8.7,29.37,0.0,Fair
2025-09-12,3:00 PM,80.6,49.5,34,SSW,1.5,8.5,29.34,0.0,Fair
2025-09-12,4:00 PM,81.1,49.3,33,SSW,1.2,8.3,29.33,0.0,Fair
2025-09-12,5:00 PM,81.0,49.1,33,SSE,1.0,7.2,29.31,0.0,Fair
2025-09-12,6:00 PM,80.1,49.5,34,SSE,1.2,5.8,29.3,0.0,Fair
2025-09-12,7:00 PM,75.5,59.2,57,ESE,0.3,3.6,29.3,0.0,Fair
2025-09-12,8:00 PM,69.9,56.4,62,E,0.6,1.3,29.3,0.0,Fair
2025-09-12,9:00 PM,70.1,54.6,58,SE,0.6,2.2,29.31,0.0,Fair
2025-09-12,10:00 PM,67.4,54.1,63,WNW,1.1,1.8,29.31,0.0,Fair
2025-09-12,11:00 PM,65.0,53.3,66,SSW,2.0,2.9,29.31,0.0,Fair
2025-09-13,12:00 AM,63.5,52.8,68,SSW,2.6,4.0,29.3,0.0,Fair
2025-09-13,1:00 AM,62.3,52.3,70,SW,1.8,4.0,29.29,0.0,Fair
2025-09-13,2:00 AM,60.6,52.4,74,WNW,2.7,4.0,29.29,0.0,Fair
2025-09-13,3:00 AM,59.6,52.6,78,WSW,0.5,4.3,29.27,0.0,Partly Cloudy
2025-09-13,4:00 AM,58.6,53.1,82,N,3.4,5.6,29.26,0.0,Cloudy
2025-09-13,5:00 AM,57.4,53.2,86,SSE,3.4,6.3,29.28,0.0,Partly Cloudy
2025-09-13,6:00 AM,57.8,52.3,82,S,3.5,8.7,29.27,0.0,Cloudy
2025-09-13,7:00 AM,57.2,51.8,82,SSW,3.3,6.7,29.26,0.0,Partly Cloudy
2025-09-13,8:00 AM,59.4,52.2,77,SSW,5.4,8.9,29.29,0.0,Fair
2025-09-13,9:00 AM,60.6,53.9,78,SSW,3.0,9.6,29.3,0.0,Fair
2025-09-13,10:00 AM,66.7,55.7,68,SSW,3.6,10.5,29.32,0.0,Cloudy
2025-09-13,11:00 AM,72.6,55.7,55,SW,3.8,11.6,29.31,0.0,Partly Cloudy
2025-09-13,12:00 PM,77.3,54.8,46,WSW,4.5,13.2,29.31,0.0,Cloudy
2025-09-13,1:00 PM,79.8,51.8,38,WSW,5.3,14.8,29.29,0.0,Cloudy
2025-09-13,2:00 PM,81.2,50.6,35,WSW,5.0,14.8,29.27,0.0,Cloudy
2025-09-13,3:00 PM,82.0,50.0,33,WSW,4.1,14.1,29.24,0.0,Cloudy
2025-09-13,4:00 PM,82.0,49.6,32,WSW,3.2,12.3,29.22,0.0,Cloudy
2025-09-13,5:00 PM,81.1,49.7,34,W,2.9,10.1,29.21,0.0,Cloudy
2025-09-13,6:00 PM,79.6,53.2,40,WNW,1.7,7.8,29.2,0.0,Cloudy
2025-09-13,7:00 PM,76.1,55.0,48,N,3.0,4.5,29.19,0.0,Cloudy
2025-09-13,8:00 PM,73.2,52.2,48,NNW,6.2,11.2,29.2,0.0,Cloudy
2025-09-13,9:00 PM,70.7,53.1,54,N,4.1,11.0,29.23,0.0,Cloudy
2025-09-13,10:00 PM,68.0,55.4,64,N,2.8,7.4,29.23,0.0,Cloudy
2025-09-13,11:00 PM,67.6,57.2,69,NNE,1.7,4.3,29.23,0.0,Cloudy
2025-09-14,12:00 AM,66.8,57.1,71,NNE,2.1,3.1,29.23,0.0,Fair
2025-09-14,1:00 AM,64.0,55.9,75,NNE,2.5,3.6,29.22,0.0,Fair
2025-09-14,2:00 AM,63.0,55.3,76,NNE,3.3,5.6,29.21,0.0,Fair
2025-09-14,3:00 AM,61.5,55.3,80,NNE,3.4,6.3,29.21,0.0,Fair
2025-09-14,4:00 AM,59.8,55.3,85,NNE,2.7,5.6,29.2,0.0,Fair
2025-09-14,5:00 AM,58.7,55.0,88,NNE,2.5,4.5,29.19,0.0,Fair
2025-09-14,6:00 AM,58.6,55.0,88,N,3.5,5.6,29.2,0.0,Fair
2025-09-14,7:00 AM,57.9,55.0,90,N,4.2,6.9,29.22,0.0,Fair
2025-09-14,8:00 AM,59.1,55.5,88,N,5.0,8.9,29.23,0.0,Fair
2025-09-14,9:00 AM,62.6,56.2,80,NNE,3.0,8.7,29.25,0.0,Fair
2025-09-14,10:00 AM,68.7,56.9,66,NNE,2.8,9.2,29.26,0.0,Fair
2025-09-14,11:00 AM,74.4,56.6,54,NNE,3.6,11.0,29.26,0.0,Fair
2025-09-14,12:00 PM,78.3,54.4,44,NE,5.1,14.3,29.26,0.0,Fair
2025-09-14,1:00 PM,80.3,53.6,40,ENE,5.5,15.2,29.25,0.0,Fair
2025-09-14,2:00 PM,81.7,53.2,37,ENE,5.2,15.4,29.24,0.0,Fair
2025-09-14,3:00 PM,82.6,52.8,36,ENE,4.7,14.8,29.23,0.0,Fair
2025-09-14,4:00 PM,82.9,52.5,35,ENE,4.6,13.9,29.22,0.0,Fair
2025-09-14,5:00 PM,82.3,51.8,35,ENE,5.2,13.2,29.22,0.0,Fair
2025-09-14,6:00 PM,80.8,52.3,37,ENE,4.9,13.2,29.22,0.0,Fair
2025-09-14,7:00 PM,76.6,56.7,50,NE,3.2,11.0,29.23,0.0,Fair
2025-09-14,8:00 PM,73.0,54.0,51,ENE,5.0,8.5,29.24,0.0,Fair
2025-09-14,9:00 PM,72.4,54.2,53,NNE,5.7,10.1,29.26,0.0,Fair
2025-09-14,10:00 PM,71.0,53.3,54,NNE,6.1,11.0,29.26,0.0,Fair
2025-09-14,11:00 PM,69.6,53.0,55,NNE,7.5,13.4,29.27,0.0,Fair
2025-09-15,12:00 AM,68.3,53.3,59,NE,7.2,14.1,29.28,0.0,Fair
2025-09-15,1:00 AM,66.5,54.1,64,NE,6.6,13.4,29.28,0.0,Fair
2025-09-15,2:00 AM,65.2,54.8,69,NE,6.2,12.3,29.28,0.0,Fair
2025-09-15,3:00 AM,64.2,55.1,72,NE,5.8,11.2,29.29,0.0,Fair
2025-09-15,4:00 AM,63.3,55.0,74,NE,5.5,10.3,29.29,0.0,Fair
2025-09-15,5:00 AM,62.2,54.8,77,NE,4.1,9.6,29.3,0.0,Fair
2025-09-15,6:00 AM,61.3,54.6,79,NNE,3.9,7.2,29.31,0.0,Fair
2025-09-15,7:00 AM,60.4,54.6,81,NE,4.1,7.2,29.33,0.0,Fair
2025-09-15,8:00 AM,61.8,54.9,78,NE,4.8,8.7,29.34,0.0,Fair
2025-09-15,9:00 AM,65.5,55.4,70,ENE,2.2,7.4,29.36,0.0,Fair
2025-09-15,10:00 AM,72.1,56.1,57,ESE,2.2,8.1,29.37,0.0,Fair
2025-09-15,11:00 AM,77.8,56.5,48,ESE,3.5,11.2,29.37,0.0,Fair
2025-09-15,12:00 PM,81.6,54.9,40,SE,4.8,14.1,29.37,0.0,Fair
2025-09-15,1:00 PM,83.8,53.0,35,SE,4.8,14.3,29.36,0.0,Partly Cloudy
2025-09-15,2:00 PM,84.4,51.7,32,ESE,5.2,15.0,29.36,0.0,Fair
2025-09-15,3:00 PM,84.6,51.0,31,ESE,5.5,15.2,29.34,0.0,Partly Cloudy
2025-09-15,4:00 PM,83.8,50.3,31,ESE,5.7,15.2,29.33,0.0,Cloudy
2025-09-15,5:00 PM,83.1,50.1,32,ESE,5.7,14.5,29.32,0.0,Cloudy
2025-09-15,6:00 PM,81.8,49.8,33,ESE,5.5,13.6,29.31,0.0,Cloudy
2025-09-15,7:00 PM,78.3,52.2,40,ESE,5.5,12.1,29.32,0.0,Partly Cloudy
2025-09-15,8:00 PM,74.8,52.3,45,ESE,5.3,10.1,29.31,0.0,Partly Cloudy
2025-09-15,9:00 PM,71.7,54.5,55,E,3.5,5.6,29.32,0.0,Cloudy
2025-09-15,10:00 PM,71.0,52.9,53,ESE,4.7,7.8,29.33,0.0,Cloudy
2025-09-15,11:00 PM,69.3,53.2,57,ESE,5.0,8.7,29.34,0.0,Cloudy
2025-09-16,12:00 AM,66.8,54.7,65,ESE,3.3,8.5,29.33,0.0,Cloudy
2025-09-16,1:00 AM,66.3,54.4,66,ESE,3.8,6.5,29.34,0.0,Cloudy
2025-09-16,2:00 AM,65.2,55.4,71,SE,3.4,6.7,29.35,0.0,Partly Cloudy
2025-09-16,3:00 AM,64.9,56.0,73,S,3.1,6.0,29.35,0.0,Cloudy
2025-09-16,4:00 AM,63.8,56.0,76,SE,3.0,5.1,29.35,0.0,Fair
2025-09-16,5:00 AM,63.2,55.8,77,ESE,4.1,6.7,29.34,0.0,Cloudy
2025-09-16,6:00 AM,62.2,55.8,80,ESE,3.4,6.9,29.35,0.0,Cloudy
2025-09-16,7:00 AM,61.3,55.7,82,ESE,3.4,5.8,29.35,0.0,Cloudy
2025-09-16,8:00 AM,63.0,56.0,78,SE,4.4,7.4,29.36,0.0,Cloudy
2025-09-16,9:00 AM,66.3,56.3,70,SE,2.6,7.2,29.39,0.0,Cloudy
2025-09-16,10:00 AM,71.4,56.1,59,SE,3.4,10.1,29.39,0.0,Cloudy
2025-09-16,11:00 AM,75.7,55.0,49,SSE,3.3,11.4,29.4,0.0,Cloudy
2025-09-16,12:00 PM,78.4,53.2,42,SE,3.1,11.6,29.39,0.0,Partly Cloudy
2025-09-16,1:00 PM,81.0,52.0,37,ESE,5.2,15.2,29.37,0.0,Cloudy
2025-09-16,2:00 PM,80.5,51.2,36,ESE,5.5,15.7,29.36,0.0,Cloudy
2025-09-16,3:00 PM,81.7,50.5,34,E,6.4,17.0,29.33,0.0,Cloudy
2025-09-16,4:00 PM,81.2,49.9,34,E,5.9,17.2,29.32,0.0,Cloudy
2025-09-16,5:00 PM,81.9,48.5,31,E,5.4,15.2,29.3,0.0,Cloudy
2025-09-16,6:00 PM,79.7,48.6,34,E,6.5,14.8,29.3,0.0,Cloudy
2025-09-16,7:00 PM,76.2,50.7,41,ESE,4.8,14.5,29.28,0.0,Partly Cloudy
2025-09-16,8:00 PM,72.0,51.8,49,ESE,3.7,8.7,29.29,0.0,Fair
2025-09-16,9:00 PM,71.2,55.9,58,SSE,2.2,5.4,29.29,0.0,Cloudy
2025-09-16,10:00 PM,69.3,54.5,59,WNW,1.5,3.4,29.28,0.0,Cloudy
2025-09-16,11:00 PM,67.2,54.6,64,NNW,2.6,4.7,29.28,0.0,Cloudy
2025-09-17,12:00 AM,65.9,53.8,65,E,2.5,4.0,29.28,0.0,Partly Cloudy
2025-09-17,1:00 AM,65.9,53.4,64,SE,5.3,8.7,29.28,0.0,Fair
2025-09-17,2:00 AM,65.4,54.1,67,SSE,4.3,9.6,29.26,0.0,Cloudy
2025-09-17,3:00 AM,64.0,55.9,75,SE,1.8,7.2,29.25,0.0,Cloudy
2025-09-17,4:00 AM,63.3,55.7,76,SW,1.1,2.9,29.25,0.0,Cloudy
2025-09-17,5:00 AM,62.3,55.6,79,WNW,0.6,2.2,29.25,0.0,Cloudy
2025-09-17,6:00 AM,60.7,55.4,83,E,2.0,3.4,29.25,0.0,Fair
2025-09-17,7:00 AM,59.5,55.6,87,E,2.8,6.3,29.26,0.0,Fair
2025-09-17,8:00 AM,60.9,56.0,84,ESE,3.8,6.0,29.28,0.0,Fair
2025-09-17,9:00 AM,64.3,55.0,72,SE,1.7,6.5,29.29,0.0,Fair
2025-09-17,10:00 AM,70.0,54.6,58,SSE,1.4,7.4,29.29,0.0,Fair
2025-09-17,11:00 AM,74.4,53.9,49,SE,1.6,8.9,29.29,0.0,Fair
2025-09-17,12:00 PM,77.5,52.9,42,SE,0.9,9.2,29.28,0.0,Fair
2025-09-17,1:00 PM,80.2,52.1,38,NE,0.8,8.7,29.26,0.0,Fair
2025-09-17,2:00 PM,82.2,50.8,34,NNE,2.0,10.3,29.23,0.0,Fair
2025-09-17,3:00 PM,83.3,49.7,31,N,3.1,11.6,29.21,0.0,Fair
2025-09-17,4:00 PM,83.7,48.7,30,N,3.9,12.8,29.19,0.0,Fair
2025-09-17,5:00 PM,83.1,47.1,29,NNE,4.6,13.2,29.18,0.0,Fair
2025-09-17,6:00 PM,81.9,46.0,29,NNE,4.6,13.0,29.17,0.0,Fair
2025-09-17,7:00 PM,79.0,48.7,35,ENE,3.7,11.2,29.17,0.0,Fair
2025-09-17,8:00 PM,75.8,50.3,41,E,3.9,6.7,29.18,0.0,Fair
2025-09-17,9:00 PM,72.2,53.4,52,ENE,2.8,5.1,29.19,0.0,Fair
2025-09-17,10:00 PM,70.6,53.1,54,SE,3.8,5.8,29.19,0.0,Fair
2025-09-17,11:00 PM,68.2,56.2,66,WNW,1.6,6.7,29.2,0.0,Fair
2025-09-18,12:00 AM,67.5,52.7,59,NW,4.2,9.2,29.2,0.0,Fair
2025-09-18,1:00 AM,65.5,53.1,64,NW,3.2,6.7,29.19,0.0,Fair
2025-09-18,2:00 AM,64.1,54.1,70,NNW,4.3,8.7,29.19,0.0,Fair
2025-09-18,3:00 AM,62.2,55.5,79,N,2.7,7.4,29.18,0.0,Fair
2025-09-18,4:00 AM,61.1,56.0,83,NNE,2.2,4.5,29.18,0.0,Fair
2025-09-18,5:00 AM,60.2,56.2,87,NNE,0.9,3.4,29.17,0.0,Fair
2025-09-18,6:00 AM,58.9,56.2,91,NNW,2.0,3.1,29.18,0.0,Fair
2025-09-18,7:00 AM,58.1,56.1,93,NNW,2.4,4.0,29.2,0.0,Fair
2025-09-18,8:00 AM,59.9,57.0,90,NW,3.1,4.9,29.22,0.0,Fair
2025-09-18,9:00 AM,61.3,56.7,85,SSW,0.3,4.7,29.24,0.0,Fair
2025-09-18,10:00 AM,67.5,57.4,70,W,0.4,6.5,29.26,0.0,Fair
2025-09-18,11:00 AM,73.7,56.6,55,NW,1.4,8.5,29.26,0.0,Fair
2025-09-18,12:00 PM,78.2,52.3,41,WNW,1.9,10.1,29.25,0.0,Fair
2025-09-18,1:00 PM,80.9,50.3,34,WNW,1.8,10.3,29.24,0.0,Fair
2025-09-18,2:00 PM,82.9,49.0,31,WNW,2.0,10.5,29.22,0.0,Fair
2025-09-18,3:00 PM,84.3,47.6,28,WNW,2.5,11.0,29.21,0.0,Fair
2025-09-18,4:00 PM,85.0,46.9,27,NW,3.8,12.3,29.18,0.0,Fair
2025-09-18,5:00 PM,84.6,45.9,26,NNW,6.1,15.4,29.18,0.0,Fair
2025-09-18,6:00 PM,82.6,45.8,28,NNW,6.9,16.6,29.17,0.0,Fair
2025-09-18,7:00 PM,79.3,49.5,35,N,4.3,15.4,29.18,0.0,Fair
2025-09-18,8:00 PM,76.8,51.5,41,N,4.9,8.1,29.18,0.0,Fair
2025-09-18,9:00 PM,75.1,51.2,43,NNW,4.7,7.8,29.2,0.0,Fair
2025-09-18,10:00 PM,73.0,52.0,48,NNW,5.1,8.9,29.21,0.0,Fair
2025-09-18,11:00 PM,70.4,52.9,54,NNE,3.9,8.9,29.22,0.0,Fair
2025-09-19,12:00 AM,67.8,53.7,61,NNE,3.0,6.5,29.21,0.0,Fair
2025-09-19,1:00 AM,65.9,53.8,65,NNE,2.9,5.1,29.21,0.0,Fair
2025-09-19,2:00 AM,64.4,54.2,70,NNE,2.6,4.9,29.21,0.0,Fair
2025-09-19,3:00 AM,64.0,54.8,72,ENE,0.5,4.0,29.21,0.0,Fair
2025-09-19,4:00 AM,63.3,55.2,75,N,0.1,1.3,29.21,0.0,Fair
2025-09-19,5:00 AM,62.3,55.0,77,E,0.3,1.1,29.21,0.0,Fair
2025-09-19,6:00 AM,61.4,55.1,80,NE,0.6,1.6,29.21,0.0,Fair
2025-09-19,7:00 AM,60.6,55.3,83,NNE,0.7,1.8,29.22,0.0,Fair
2025-09-19,8:00 AM,62.2,55.4,79,E,1.3,1.8,29.24,0.0,Fair
2025-09-19,9:00 AM,64.5,55.9,74,S,1.0,5.4,29.26,0.0,Fair
2025-09-19,10:00 AM,71.8,54.5,55,S,1.7,8.1,29.28,0.0,Fair
2025-09-19,11:00 AM,77.0,56.8,50,S,2.1,9.8,29.28,0.0,Fair
2025-09-19,12:00 PM,80.6,59.0,48,S,1.5,12.1,29.28,0.0,Fair
2025-09-19,1:00 PM,83.6,58.7,43,NW,1.1,12.1,29.27,0.0,Fair
2025-09-19,2:00 PM,83.9,58.3,42,NNW,2.7,11.6,29.25,0.0,Fair
2025-09-19,3:00 PM,84.5,58.1,41,NNW,2.6,11.4,29.23,0.0,Fair
2025-09-19,4:00 PM,84.6,57.7,40,NW,1.5,11.4,29.22,0.0,Fair
2025-09-19,5:00 PM,84.6,57.3,40,W,0.4,8.3,29.21,0.0,Cloudy
2025-09-19,6:00 PM,74.1,64.6,72,NW,10.4,20.1,29.23,0.051,Light Rain
2025-09-19,7:00 PM,71.9,64.6,78,ENE,4.0,19.7,29.23,0.039,Drizzle
2025-09-19,8:00 PM,69.9,65.4,86,ESE,3.5,6.7,29.23,0.0,Partly Cloudy
2025-09-19,9:00 PM,68.2,67.7,98,SSE,0.3,3.6,29.27,0.0,Cloudy
2025-09-19,10:00 PM,68.4,66.9,95,NNE,2.7,6.0,29.26,0.02,Drizzle
2025-09-19,11:00 PM,67.6,65.7,94,ENE,2.7,6.7,29.27,0.0,Fair
2025-09-20,12:00 AM,67.1,64.3,91,NE,2.4,4.5,29.27,0.0,Fair
2025-09-20,1:00 AM,66.7,63.7,90,NE,2.5,4.0,29.26,0.0,Fair
2025-09-20,2:00 AM,65.7,63.1,91,NNE,2.4,4.3,29.26,0.0,Fair
2025-09-20,3:00 AM,64.4,62.5,94,NNE,2.7,4.0,29.26,0.0,Fair
2025-09-20,4:00 AM,63.6,62.2,95,NE,3.1,5.1,29.26,0.0,Fair
2025-09-20,5:00 AM,63.3,61.3,93,NE,4.1,6.9,29.26,0.0,Fair
2025-09-20,6:00 AM,62.3,59.6,91,NE,4.7,7.8,29.26,0.0,Fair
2025-09-20,7:00 AM,61.3,57.8,89,NE,5.3,9.4,29.28,0.0,Fair
2025-09-20,8:00 AM,62.4,57.5,84,NE,5.4,9.4,29.3,0.0,Partly Cloudy
2025-09-20,9:00 AM,65.5,57.5,75,NE,1.8,7.2,29.31,0.0,Cloudy
2025-09-20,10:00 AM,70.8,58.7,66,ENE,1.7,7.8,29.33,0.0,Cloudy
2025-09-20,11:00 AM,76.3,60.4,58,ESE,1.5,8.1,29.33,0.0,Cloudy
2025-09-20,12:00 PM,80.1,60.9,52,SE,1.1,8.1,29.32,0.0,Cloudy
2025-09-20,1:00 PM,81.1,60.4,50,SE,1.6,8.3,29.32,0.0,Cloudy
2025-09-20,2:00 PM,80.8,60.7,51,SSE,2.3,8.9,29.31,0.0,Cloudy
2025-09-20,3:00 PM,79.0,61.9,56,SE,2.1,9.8,29.3,0.016,Light Drizzle
2025-09-20,4:00 PM,78.4,61.7,56,ESE,2.7,8.3,29.28,0.059,Light Rain
2025-09-20,5:00 PM,75.7,62.8,64,ENE,3.8,13.4,29.28,0.0,Cloudy
2025-09-20,6:00 PM,71.7,63.7,76,ESE,8.9,16.1,29.31,0.102,Rain
2025-09-20,7:00 PM,66.7,64.0,91,NNW,0.7,20.8,29.28,0.071,Light Rain
2025-09-20,8:00 PM,65.9,64.8,96,SE,4.4,9.2,29.3,0.012,Light Drizzle
2025-09-20,9:00 PM,65.8,62.8,90,SE,5.0,11.6,29.31,0.008,Light Drizzle
2025-09-20,10:00 PM,65.4,62.2,90,SE,5.9,9.6,29.29,0.0,Fair
2025-09-20,11:00 PM,64.7,62.6,93,SSE,4.7,11.0,29.29,0.0,Partly Cloudy
2025-09-21,12:00 AM,64.0,61.8,93,SSE,4.4,8.7,29.29,0.0,Cloudy
2025-09-21,1:00 AM,63.1,61.0,93,ESE,3.4,7.8,29.28,0.0,Cloudy
2025-09-21,2:00 AM,63.1,60.5,91,SE,3.7,6.5,29.28,0.0,Fair
2025-09-21,3:00 AM,62.8,60.3,91,SSE,4.8,8.3,29.28,0.0,Fair
2025-09-21,4:00 AM,62.2,59.7,92,SSE,4.7,8.5,29.28,0.0,Fair
2025-09-21,5:00 AM,61.8,59.3,91,SE,5.2,9.2,29.28,0.0,Fair
2025-09-21,6:00 AM,61.4,58.9,91,SSE,5.4,9.8,29.29,0.0,Fair
2025-09-21,7:00 AM,61.1,58.6,91,SSE,5.5,9.8,29.31,0.0,Fair
2025-09-21,8:00 AM,62.3,59.4,90,SSE,6.2,11.0,29.32,0.0,Fair
2025-09-21,9:00 AM,66.7,60.8,81,ESE,4.0,10.5,29.33,0.0,Fair
2025-09-21,10:00 AM,70.7,61.3,72,SSE,5.5,13.2,29.32,0.0,Fair
2025-09-21,11:00 AM,75.1,61.6,63,SSE,6.6,16.6,29.32,0.0,Fair
2025-09-21,12:00 PM,78.6,61.4,56,SSE,6.9,17.0,29.31,0.0,Fair
2025-09-21,1:00 PM,81.2,60.5,49,S,7.3,19.7,29.3,0.0,Fair
2025-09-21,2:00 PM,83.0,59.5,45,S,7.7,19.9,29.27,0.0,Cloudy
2025-09-21,3:00 PM,84.0,59.3,43,S,8.4,19.9,29.23,0.0,Cloudy
2025-09-21,4:00 PM,82.9,58.8,44,S,9.0,21.3,29.21,0.0,Cloudy
2025-09-21,5:00 PM,80.9,58.3,46,S,9.0,20.8,29.2,0.008,Light Drizzle
2025-09-21,6:00 PM,79.4,59.7,51,S,6.3,18.6,29.19,0.0,Cloudy
2025-09-21,7:00 PM,76.5,59.8,56,SSE,6.1,13.9,29.19,0.0,Cloudy
2025-09-21,8:00 PM,73.8,59.5,61,SSE,5.7,11.9,29.19,0.0,Cloudy
2025-09-21,9:00 PM,69.6,62.9,79,SSE,5.8,12.1,29.19,0.016,Light Drizzle
2025-09-21,10:00 PM,69.4,62.1,77,SSE,6.5,11.0,29.19,0.0,Cloudy
2025-09-21,11:00 PM,69.5,61.2,75,S,6.7,11.6,29.2,0.0,Cloudy
2025-09-22,12:00 AM,69.2,61.3,76,S,9.0,16.8,29.2,0.0,Cloudy
2025-09-22,1:00 AM,68.7,61.3,77,S,8.6,17.0,29.19,0.0,Cloudy
2025-09-22,2:00 AM,69.0,61.3,76,SSW,9.1,17.9,29.2,0.0,Cloudy
2025-09-22,3:00 AM,68.3,60.9,77,SSW,9.2,18.6,29.19,0.0,Cloudy
2025-09-22,4:00 AM,67.6,61.0,79,SSW,8.2,18.3,29.19,0.0,Partly Cloudy
2025-09-22,5:00 AM,66.9,61.1,81,SSW,6.5,16.3,29.19,0.0,Partly Cloudy
2025-09-22,6:00 AM,66.5,61.2,83,SSW,7.3,13.6,29.2,0.004,Light Drizzle
2025-09-22,7:00 AM,66.0,61.0,84,SSW,7.6,14.8,29.21,0.0,Cloudy
2025-09-22,8:00 AM,66.5,61.3,84,SSW,7.6,15.0,29.22,0.0,Cloudy
2025-09-22,9:00 AM,68.6,63.8,84,SSW,7.5,17.2,29.21,0.0,Cloudy
2025-09-22,10:00 AM,72.0,64.1,76,SW,9.5,20.6,29.22,0.0,Cloudy
2025-09-22,11:00 AM,72.6,63.9,74,SW,10.2,24.2,29.22,0.008,Light Drizzle
2025-09-22,12:00 PM,76.1,64.4,67,SW,9.3,23.9,29.21,0.0,Partly Cloudy
2025-09-22,1:00 PM,78.7,65.3,64,SW,8.5,24.4,29.2,0.0,Cloudy
2025-09-22,2:00 PM,81.3,64.8,57,SW,8.9,23.9,29.18,0.0,Cloudy
2025-09-22,3:00 PM,82.2,63.9,54,SW,9.1,23.7,29.15,0.0,Cloudy
2025-09-22,4:00 PM,81.6,62.9,53,SW,8.7,22.4,29.13,0.0,Cloudy
2025-09-22,5:00 PM,75.0,64.0,68,NW,6.2,22.1,29.13,0.028,Drizzle
2025-09-22,6:00 PM,74.8,64.9,71,W,2.5,12.5,29.13,0.0,Cloudy
2025-09-22,7:00 PM,72.2,65.8,80,SSW,4.5,7.4,29.14,0.031,Drizzle
2025-09-22,8:00 PM,68.5,66.0,92,SW,4.8,15.7,29.13,0.004,Light Drizzle
2025-09-22,9:00 PM,65.8,65.2,98,SE,3.1,6.5,29.14,0.024,Drizzle
2025-09-22,10:00 PM,65.5,64.9,98,SSE,4.3,15.4,29.13,0.031,Drizzle
2025-09-22,11:00 PM,65.5,64.9,98,SSE,4.4,8.3,29.13,0.075,Light Rain
2025-09-23,12:00 AM,65.9,65.5,98,S,6.3,11.6,29.13,0.02,Drizzle
2025-09-23,1:00 AM,66.2,65.8,98,SSW,7.9,15.9,29.12,0.02,Drizzle
2025-09-23,2:00 AM,66.2,65.4,97,SSW,9.8,18.8,29.13,0.004,Light Drizzle
2025-09-23,3:00 AM,65.8,65.0,98,SSW,9.0,19.9,29.13,0.0,Cloudy
2025-09-23,4:00 AM,65.3,64.4,97,SW,7.3,17.4,29.12,0.0,Cloudy
2025-09-23,5:00 AM,64.9,63.9,97,SSW,6.7,14.1,29.13,0.0,Cloudy
2025-09-23,6:00 AM,64.6,63.6,97,SSW,8.5,17.2,29.12,0.004,Light Drizzle
2025-09-23,7:00 AM,65.0,63.9,96,SW,8.6,17.4,29.14,0.004,Light Drizzle
2025-09-23,8:00 AM,65.3,64.0,96,SW,8.1,16.3,29.16,0.008,Light Drizzle
2025-09-23,9:00 AM,66.0,65.0,97,SSW,8.7,17.0,29.15,0.012,Light Drizzle
2025-09-23,10:00 AM,68.0,65.2,91,SW,10.0,23.0,29.16,0.008,Light Drizzle
2025-09-23,11:00 AM,70.3,65.0,83,SW,8.9,20.6,29.17,0.008,Light Drizzle
2025-09-23,12:00 PM,72.7,64.6,76,SW,10.3,23.9,29.16,0.004,Light Drizzle
2025-09-23,1:00 PM,74.0,63.4,69,SW,10.4,24.2,29.15,0.004,Light Drizzle
2025-09-23,2:00 PM,73.7,63.7,71,WSW,9.5,23.0,29.13,0.012,Light Drizzle
2025-09-23,3:00 PM,74.4,63.2,68,WSW,8.4,22.1,29.13,0.004,Light Drizzle
2025-09-23,4:00 PM,74.6,63.1,68,WSW,7.3,18.6,29.12,0.004,Light Drizzle
2025-09-23,5:00 PM,75.0,63.5,67,W,7.4,17.9,29.13,0.004,Light Drizzle
2025-09-23,6:00 PM,69.7,63.2,80,W,6.2,19.9,29.13,0.016,Light Drizzle
2025-09-23,7:00 PM,68.5,64.5,87,WNW,1.8,12.8,29.15,0.004,Light Drizzle
2025-09-23,8:00 PM,66.7,64.0,91,NNW,2.0,3.4,29.15,0.0,Fair
2025-09-23,9:00 PM,66.7,64.8,94,W,0.0,3.8,29.15,0.0,Partly Cloudy
2025-09-23,10:00 PM,65.0,64.0,96,SSE,2.9,4.5,29.17,0.0,Cloudy
2025-09-23,11:00 PM,64.5,63.3,96,SSE,2.3,4.7,29.16,0.0,Cloudy
2025-09-24,12:00 AM,64.9,64.0,97,S,4.9,7.6,29.17,0.0,Cloudy
2025-09-24,1:00 AM,64.1,63.6,98,S,3.0,8.3,29.17,0.0,Cloudy
2025-09-24,2:00 AM,63.8,63.3,98,S,2.8,4.9,29.16,0.0,Cloudy
2025-09-24,3:00 AM,63.9,63.3,98,SSE,2.1,4.7,29.15,0.0,Cloudy
2025-09-24,4:00 AM,63.9,63.3,98,S,2.2,3.8,29.15,0.0,Cloudy
2025-09-24,5:00 AM,64.0,63.4,98,S,1.9,4.0,29.15,0.012,Light Drizzle
2025-09-24,6:00 AM,64.0,63.6,99,SE,2.6,4.7,29.15,0.02,Drizzle
2025-09-24,7:00 AM,63.8,63.4,99,SSE,2.3,4.9,29.16,0.004,Light Drizzle
2025-09-24,8:00 AM,64.3,63.9,98,SE,1.5,3.8,29.17,0.012,Light Drizzle
2025-09-24,9:00 AM,66.0,65.3,98,SE,4.8,9.6,29.16,0.008,Light Drizzle
2025-09-24,10:00 AM,67.2,65.4,94,SSE,6.2,13.0,29.16,0.008,Light Drizzle
2025-09-24,11:00 AM,67.6,66.7,97,SE,4.5,14.1,29.16,0.087,Light Rain
2025-09-24,12:00 PM,67.9,67.3,98,ESE,5.0,11.6,29.16,0.087,Light Rain
2025-09-24,1:00 PM,67.3,66.1,96,E,4.7,13.0,29.14,0.236,Rain
2025-09-24,2:00 PM,67.8,65.2,91,ENE,4.8,11.2,29.12,0.028,Drizzle
2025-09-24,3:00 PM,69.9,64.3,82,E,4.2,11.6,29.1,0.004,Light Drizzle
2025-09-24,4:00 PM,71.7,64.4,78,E,4.0,11.9,29.09,0.008,Light Drizzle
2025-09-24,5:00 PM,71.1,64.7,80,E,3.5,11.0,29.08,0.004,Light Drizzle
2025-09-24,6:00 PM,70.9,65.0,82,ESE,3.2,9.2,29.07,0.0,Fair
2025-09-24,7:00 PM,69.3,65.8,89,SE,2.3,7.2,29.09,0.0,Partly Cloudy
2025-09-24,8:00 PM,67.3,65.1,93,ESE,2.1,3.8,29.09,0.0,Cloudy
2025-09-24,9:00 PM,66.7,63.9,90,WSW,5.7,11.2,29.1,0.0,Cloudy
2025-09-24,10:00 PM,66.0,63.4,91,SW,4.1,10.1,29.1,0.0,Cloudy
2025-09-24,11:00 PM,65.1,62.9,92,SW,2.6,7.6,29.1,0.0,Cloudy
2025-09-25,12:00 AM,64.9,62.8,93,SW,3.4,5.8,29.1,0.0,Cloudy
2025-09-25,1:00 AM,64.7,62.9,94,SW,3.7,6.7,29.1,0.0,Cloudy
2025-09-25,2:00 AM,64.7,63.1,95,S,2.6,6.5,29.09,0.0,Cloudy
2025-09-25,3:00 AM,64.9,64.0,97,SSE,2.7,5.1,29.07,0.0,Cloudy
2025-09-25,4:00 AM,65.0,64.7,99,S,3.6,6.3,29.06,0.0,Cloudy
2025-09-25,5:00 AM,65.2,65.0,99,SSE,3.3,7.4,29.05,0.012,Light Drizzle
2025-09-25,6:00 AM,65.3,65.1,99,SSE,3.6,6.7,29.05,0.035,Drizzle
2025-09-25,7:00 AM,65.0,64.9,99,S,2.9,6.9,29.04,0.098,Rain
2025-09-25,8:00 AM,64.9,64.6,99,E,0.6,5.6,29.03,0.138,Rain
2025-09-25,9:00 AM,64.9,64.6,99,S,1.9,8.1,29.01,0.169,Rain
2025-09-25,10:00 AM,65.0,64.7,99,NW,3.3,6.5,29.01,0.075,Light Rain
2025-09-25,11:00 AM,65.2,64.8,98,NNW,3.4,6.7,29.01,0.039,Drizzle
2025-09-25,12:00 PM,67.5,64.8,91,NW,4.7,10.7,29.02,0.008,Light Drizzle
2025-09-25,1:00 PM,68.8,64.7,87,NW,6.0,13.4,29.02,0.008,Light Drizzle
2025-09-25,2:00 PM,70.7,64.0,79,WNW,6.3,15.2,29.01,0.004,Light Drizzle
2025-09-25,3:00 PM,73.9,62.0,66,WNW,5.2,15.9,29.0,0.0,Fair
2025-09-25,4:00 PM,75.3,61.6,63,WNW,5.3,15.7,28.98,0.0,Fair
2025-09-25,5:00 PM,75.1,60.5,61,WNW,6.0,13.9,28.97,0.0,Fair
2025-09-25,6:00 PM,73.3,61.0,65,NW,5.5,13.6,28.97,0.0,Fair
2025-09-25,7:00 PM,69.7,62.2,77,NNW,5.0,11.2,28.98,0.0,Fair
2025-09-25,8:00 PM,67.2,62.7,85,NW,3.2,9.2,29.0,0.0,Partly Cloudy
2025-09-25,9:00 PM,64.8,63.2,95,SW,2.1,3.8,29.01,0.0,Fair
2025-09-25,10:00 PM,64.6,63.3,96,WSW,2.7,4.5,29.03,0.0,Fair
2025-09-25,11:00 PM,63.7,62.9,97,W,3.8,6.5,29.03,0.0,Partly Cloudy
2025-09-26,12:00 AM,63.7,62.3,95,WSW,2.2,8.7,29.03,0.0,Fair
2025-09-26,1:00 AM,62.5,61.7,97,ENE,1.4,3.4,29.04,0.0,Fair
2025-09-26,2:00 AM,62.4,61.7,97,ENE,1.0,3.4,29.04,0.004,Light Drizzle
2025-09-26,3:00 AM,62.2,61.0,96,NNW,1.1,4.3,29.03,0.004,Light Drizzle
2025-09-26,4:00 AM,60.7,60.3,98,SW,2.5,5.1,29.02,0.0,Fair
2025-09-26,5:00 AM,60.1,59.8,99,W,2.1,5.4,29.03,0.0,Fair
2025-09-26,6:00 AM,59.3,59.2,100,WNW,2.5,4.5,29.03,0.0,Fair
2025-09-26,7:00 AM,58.7,58.6,100,W,1.3,4.3,29.05,0.0,Fair
2025-09-26,8:00 AM,59.4,59.3,100,WNW,2.3,5.4,29.07,0.0,Cloudy
2025-09-26,9:00 AM,62.0,60.5,95,SE,2.5,7.6,29.1,0.0,Fair
2025-09-26,10:00 AM,65.4,61.5,87,S,2.6,8.9,29.11,0.0,Fair
2025-09-26,11:00 AM,68.7,61.8,79,SSW,2.3,9.2,29.11,0.0,Fair
2025-09-26,12:00 PM,71.3,60.2,68,W,2.2,9.2,29.11,0.012,Light Drizzle
2025-09-26,1:00 PM,73.1,59.4,62,W,2.4,9.2,29.1,0.0,Fair
2025-09-26,2:00 PM,74.8,58.6,57,WNW,2.8,9.6,29.09,0.0,Fair
2025-09-26,3:00 PM,75.5,57.9,54,NW,2.9,9.8,29.08,0.0,Fair
2025-09-26,4:00 PM,75.7,57.3,53,NW,2.9,9.4,29.07,0.0,Fair
2025-09-26,5:00 PM,75.0,56.4,52,NW,2.6,8.7,29.07,0.0,Fair
2025-09-26,6:00 PM,73.9,59.2,60,N,1.7,6.7,29.07,0.0,Fair
2025-09-26,7:00 PM,69.8,62.1,76,NE,1.3,3.4,29.07,0.0,Fair
2025-09-26,8:00 PM,66.9,60.9,81,NNE,2.5,4.0,29.08,0.0,Fair
2025-09-26,9:00 PM,66.1,61.8,86,NNE,1.5,2.2,29.09,0.0,Fair
2025-09-26,10:00 PM,64.5,60.9,88,NE,2.1,3.4,29.1,0.0,Fair
2025-09-26,11:00 PM,63.5,60.2,89,NE,2.7,4.7,29.1,0.0,Partly Cloudy
2025-09-27,12:00 AM,62.5,59.4,89,NE,2.9,4.7,29.11,0.0,Cloudy
2025-09-27,1:00 AM,61.9,58.7,89,NE,2.8,4.9,29.11,0.0,Cloudy
2025-09-27,2:00 AM,61.5,58.3,89,NE,2.9,4.9,29.11,0.0,Cloudy
2025-09-27,3:00 AM,61.3,58.4,90,ENE,3.5,6.3,29.11,0.0,Cloudy
2025-09-27,4:00 AM,60.3,58.2,93,ENE,2.7,6.0,29.1,0.0,Cloudy
2025-09-27,5:00 AM,59.4,57.7,94,ENE,2.6,4.5,29.11,0.0,Cloudy
2025-09-27,6:00 AM,60.0,58.4,94,ENE,2.6,4.3,29.1,0.0,Cloudy
2025-09-27,7:00 AM,59.9,58.2,94,ENE,2.0,4.3,29.12,0.0,Cloudy
2025-09-27,8:00 AM,60.8,59.1,94,NNE,3.1,4.9,29.13,0.0,Cloudy
2025-09-27,9:00 AM,62.7,59.8,90,N,3.4,7.2,29.14,0.0,Cloudy
2025-09-27,10:00 AM,65.4,61.2,86,NNE,1.8,6.7,29.15,0.0,Cloudy
2025-09-27,11:00 AM,70.3,62.0,75,NE,2.8,8.5,29.15,0.0,Cloudy
2025-09-27,12:00 PM,73.9,60.2,62,NE,3.6,10.7,29.14,0.0,Cloudy
2025-09-27,1:00 PM,75.9,58.8,55,NE,3.3,10.7,29.14,0.0,Cloudy
2025-09-27,2:00 PM,76.6,58.6,54,NE,3.5,10.5,29.13,0.0,Cloudy
2025-09-27,3:00 PM,76.1,58.5,54,ENE,3.5,10.3,29.11,0.0,Cloudy
2025-09-27,4:00 PM,75.3,59.1,57,E,4.2,9.8,29.1,0.0,Fair
2025-09-27,5:00 PM,75.3,59.9,59,E,4.3,11.4,29.11,0.0,Fair
2025-09-27,6:00 PM,73.0,62.5,70,E,4.2,10.5,29.11,0.0,Fair
2025-09-27,7:00 PM,69.4,63.2,81,ESE,3.4,8.3,29.12,0.0,Fair
2025-09-27,8:00 PM,67.4,62.7,85,ESE,4.2,7.2,29.13,0.0,Fair
2025-09-27,9:00 PM,66.5,63.3,90,SE,4.2,8.1,29.14,0.0,Fair
2025-09-27,10:00 PM,64.2,62.3,94,SE,2.5,7.2,29.15,0.0,Fair
2025-09-27,11:00 PM,63.0,61.7,96,SSE,2.4,4.0,29.16,0.0,Fair
2025-09-28,12:00 AM,62.0,61.3,98,S,2.7,4.3,29.17,0.0,Fair
2025-09-28,1:00 AM,61.0,60.9,100,SSW,1.9,4.3,29.17,0.0,Fair
2025-09-28,2:00 AM,60.6,60.6,100,SSW,0.7,2.9,29.18,0.0,Cloudy
2025-09-28,3:00 AM,59.5,59.5,100,SSW,2.1,2.9,29.18,0.0,Cloudy
2025-09-28,4:00 AM,59.5,59.5,100,SSW,3.5,6.7,29.18,0.0,Cloudy
2025-09-28,5:00 AM,58.2,58.2,100,SSW,2.2,6.5,29.19,0.0,Cloudy
2025-09-28,6:00 AM,57.7,57.7,100,SW,1.8,4.3,29.21,0.0,Cloudy
2025-09-28,7:00 AM,58.4,58.3,100,S,2.4,5.1,29.23,0.0,Cloudy
2025-09-28,8:00 AM,58.6,58.4,99,SSW,3.0,6.7,29.26,0.0,Cloudy
2025-09-28,9:00 AM,60.7,59.6,96,SSW,2.7,8.5,29.28,0.0,Cloudy
2025-09-28,10:00 AM,65.6,61.6,87,S,2.1,8.3,29.31,0.0,Fair
2025-09-28,11:00 AM,71.0,62.6,75,SSW,2.1,8.9,29.32,0.0,Fair
2025-09-28,12:00 PM,75.4,63.1,66,SSW,1.6,8.5,29.32,0.0,Fair
2025-09-28,1:00 PM,78.7,62.9,58,SW,1.0,7.8,29.33,0.0,Fair
2025-09-28,2:00 PM,81.1,59.9,49,NNW,1.9,7.8,29.32,0.0,Fair
2025-09-28,3:00 PM,82.0,57.0,43,N,2.6,8.5,29.31,0.0,Fair
2025-09-28,4:00 PM,82.0,55.7,40,N,3.6,9.6,29.31,0.0,Fair
2025-09-28,5:00 PM,81.7,55.9,41,N,3.7,9.8,29.31,0.0,Cloudy
2025-09-28,6:00 PM,78.2,62.4,58,N,2.5,8.3,29.3,0.0,Fair
2025-09-28,7:00 PM,73.7,62.5,68,N,3.3,5.6,29.3,0.0,Fair
2025-09-28,8:00 PM,71.2,61.3,71,NNE,3.6,5.8,29.32,0.0,Fair
2025-09-28,9:00 PM,71.9,59.7,66,NNE,3.0,4.7,29.32,0.0,Fair
2025-09-28,10:00 PM,69.7,59.8,71,NNE,4.6,8.3,29.34,0.0,Fair
2025-09-28,11:00 PM,67.6,61.1,80,NNE,3.9,8.1,29.35,0.0,Fair
2025-09-29,12:00 AM,66.0,61.3,85,NNE,3.7,6.9,29.34,0.0,Fair
2025-09-29,1:00 AM,64.3,61.0,89,NE,2.9,6.7,29.34,0.0,Fair
2025-09-29,2:00 AM,63.4,60.4,90,NE,2.7,4.7,29.35,0.0,Fair
2025-09-29,3:00 AM,63.1,60.5,91,NNE,3.6,6.0,29.35,0.0,Fair
2025-09-29,4:00 AM,62.2,60.1,93,NNE,4.3,7.4,29.34,0.0,Fair
2025-09-29,5:00 AM,61.3,59.5,94,NNE,4.3,7.6,29.34,0.0,Fair
2025-09-29,6:00 AM,60.5,59.0,95,NNE,3.9,7.4,29.35,0.0,Fair
2025-09-29,7:00 AM,59.9,58.6,95,NNE,3.6,6.7,29.36,0.0,Fair
2025-09-29,8:00 AM,60.1,58.8,96,NNE,3.7,6.0,29.38,0.0,Fair
2025-09-29,9:00 AM,62.0,59.5,91,E,1.3,5.8,29.4,0.0,Fair
2025-09-29,10:00 AM,67.1,61.8,83,E,0.4,5.6,29.41,0.0,Fair
2025-09-29,11:00 AM,72.3,63.1,73,NNW,0.4,5.8,29.41,0.0,Cloudy
2025-09-29,12:00 PM,76.4,63.2,64,SSE,0.5,6.0,29.4,0.0,Partly Cloudy
2025-09-29,1:00 PM,79.1,61.4,55,S,0.6,6.7,29.39,0.0,Cloudy
2025-09-29,2:00 PM,80.3,59.7,50,SW,1.2,6.9,29.36,0.0,Cloudy
2025-09-29,3:00 PM,80.8,59.3,48,SW,1.2,6.9,29.35,0.0,Cloudy
2025-09-29,4:00 PM,80.8,59.1,48,SW,0.9,6.3,29.34,0.0,Cloudy
2025-09-29,5:00 PM,80.3,59.2,49,SE,0.7,4.9,29.33,0.0,Cloudy
2025-09-29,6:00 PM,77.0,64.2,65,ESE,2.9,5.1,29.32,0.0,Cloudy
2025-09-29,7:00 PM,72.9,64.7,76,ENE,2.6,5.4,29.32,0.0,Cloudy
2025-09-29,8:00 PM,71.0,64.0,79,N,4.9,7.8,29.33,0.0,Cloudy
2025-09-29,9:00 PM,69.2,63.7,83,NE,2.5,4.3,29.34,0.0,Cloudy
2025-09-29,10:00 PM,68.1,63.6,86,NE,2.9,4.9,29.34,0.0,Cloudy
2025-09-29,11:00 PM,67.0,62.7,86,ENE,3.2,5.8,29.34,0.0,Cloudy
2025-09-30,12:00 AM,65.8,61.6,86,E,3.1,5.8,29.33,0.0,Cloudy
2025-09-30,1:00 AM,64.9,60.7,86,ESE,3.2,5.6,29.32,0.0,Cloudy
2025-09-30,2:00 AM,63.6,60.1,88,ESE,2.7,5.4,29.3,0.0,Cloudy
2025-09-30,3:00 AM,62.8,59.7,90,E,1.7,4.3,29.3,0.0,Cloudy
2025-09-30,4:00 AM,62.5,60.2,92,NNE,2.4,4.0,29.28,0.0,Cloudy
2025-09-30,5:00 AM,62.1,60.1,93,NE,3.0,5.6,29.29,0.0,Cloudy
2025-09-30,6:00 AM,61.6,59.9,94,NE,3.2,5.6,29.29,0.0,Cloudy
2025-09-30,7:00 AM,61.5,59.8,94,NE,3.3,5.6,29.3,0.0,Cloudy
2025-09-30,8:00 AM,61.8,60.0,94,NNE,3.9,6.9,29.3,0.0,Cloudy
2025-09-30,9:00 AM,64.1,60.9,89,NNE,2.7,7.2,29.32,0.0,Cloudy
2025-09-30,10:00 AM,68.1,61.6,80,NNE,3.1,8.9,29.33,0.0,Cloudy
2025-09-30,11:00 AM,72.9,61.4,67,NE,3.8,10.7,29.33,0.0,Cloudy
2025-09-30,12:00 PM,75.9,60.0,58,NE,5.8,14.8,29.31,0.0,Partly Cloudy
2025-09-30,1:00 PM,77.5,59.7,54,NE,5.9,15.4,29.3,0.0,Fair
2025-09-30,2:00 PM,78.8,58.8,50,NE,6.2,15.7,29.28,0.0,Fair
2025-09-30,3:00 PM,79.6,57.2,46,NE,6.7,16.3,29.27,0.0,Fair
2025-09-30,4:00 PM,79.4,56.4,45,NE,6.9,16.6,29.26,0.0,Fair
2025-09-30,5:00 PM,78.5,55.3,45,NE,6.5,16.1,29.25,0.0,Fair
2025-09-30,6:00 PM,75.9,56.2,50,NNE,5.3,14.5,29.24,0.0,Partly Cloudy
2025-09-30,7:00 PM,71.1,56.2,59,NNE,4.8,10.7,29.24,0.0,Cloudy
2025-09-30,8:00 PM,68.5,57.7,68,NNE,4.3,9.2,29.25,0.0,Fair
2025-09-30,9:00 PM,66.8,56.7,70,N,5.4,9.4,29.26,0.0,Fair
2025-09-30,10:00 PM,65.0,54.5,69,N,7.1,13.0,29.26,0.0,Fair
2025-09-30,11:00 PM,63.9,53.4,69,NNE,7.2,13.4,29.27,0.0,Fair
2025-10-01,12:00 AM,62.7,52.3,69,NE,7.4,13.9,29.27,0.0,Fair
2025-10-01,1:00 AM,62.0,50.9,67,NE,7.9,15.2,29.26,0.0,Fair
2025-10-01,2:00 AM,60.3,51.7,73,NE,7.3,15.9,29.27,0.0,Fair
2025-10-01,3:00 AM,59.5,51.7,76,NE,7.1,13.4,29.28,0.0,Fair
2025-10-01,4:00 AM,58.5,51.8,79,NE,7.3,13.9,29.28,0.0,Fair
2025-10-01,5:00 AM,57.5,51.3,80,NE,7.6,14.8,29.3,0.0,Fair
2025-10-01,6:00 AM,56.3,49.3,77,NE,7.1,14.8,29.3,0.0,Fair
2025-10-01,7:00 AM,55.0,46.9,74,NE,6.7,13.9,29.31,0.0,Fair
2025-10-01,8:00 AM,55.2,47.6,75,NE,6.4,13.0,29.34,0.0,Fair
2025-10-01,9:00 AM,57.9,47.1,67,NE,5.9,13.2,29.36,0.0,Fair
2025-10-01,10:00 AM,61.3,47.1,60,ENE,5.8,14.5,29.37,0.0,Fair
2025-10-01,11:00 AM,64.9,48.2,55,ENE,5.6,14.5,29.38,0.0,Fair
2025-10-01,12:00 PM,67.9,49.7,52,ENE,5.3,14.5,29.38,0.0,Fair
2025-10-01,1:00 PM,70.5,51.0,50,ENE,5.2,14.8,29.37,0.0,Fair
2025-10-01,2:00 PM,73.1,49.1,43,NE,4.8,15.9,29.36,0.0,Fair
2025-10-01,3:00 PM,74.2,46.5,37,NE,5.8,15.0,29.35,0.0,Fair
2025-10-01,4:00 PM,73.9,44.9,35,NE,6.7,16.1,29.34,0.0,Fair
2025-10-01,5:00 PM,72.7,44.7,37,NE,7.0,16.1,29.34,0.0,Fair
2025-10-01,6:00 PM,70.1,46.2,42,ENE,5.9,15.7,29.34,0.0,Fair
2025-10-01,7:00 PM,65.0,47.4,53,NE,5.3,12.3,29.35,0.0,Fair
2025-10-01,8:00 PM,63.1,48.2,58,NE,5.1,10.5,29.36,0.0,Fair
2025-10-01,9:00 PM,61.4,46.3,58,ENE,5.3,9.6,29.37,0.0,Fair
2025-10-01,10:00 PM,59.8,44.3,57,ENE,5.7,10.1,29.39,0.0,Fair
2025-10-01,11:00 PM,58.8,42.5,55,E,6.0,11.0,29.4,0.0,Fair
2025-10-02,12:00 AM,57.9,41.5,54,E,6.3,11.4,29.41,0.0,Fair
2025-10-02,1:00 AM,56.9,41.0,55,E,6.7,11.9,29.41,0.0,Fair
2025-10-02,2:00 AM,55.0,40.6,58,ESE,6.0,12.5,29.41,0.0,Fair
2025-10-02,3:00 AM,53.0,40.8,63,ESE,4.3,10.7,29.42,0.0,Fair
2025-10-02,4:00 AM,52.0,40.5,65,E,4.7,8.5,29.42,0.0,Partly Cloudy
2025-10-02,5:00 AM,51.0,40.2,66,E,4.3,8.5,29.43,0.0,Fair
2025-10-02,6:00 AM,50.4,40.0,68,E,4.7,8.5,29.44,0.0,Fair
2025-10-02,7:00 AM,49.8,40.3,70,E,4.3,8.5,29.46,0.0,Fair
2025-10-02,8:00 AM,51.2,40.1,66,ESE,4.4,7.6,29.48,0.0,Fair
2025-10-02,9:00 AM,54.8,42.6,63,ESE,4.3,9.4,29.5,0.0,Fair
2025-10-02,10:00 AM,59.7,43.7,55,SE,4.0,11.0,29.52,0.0,Fair
2025-10-02,11:00 AM,64.6,46.5,52,SE,3.6,11.2,29.52,0.0,Fair
2025-10-02,12:00 PM,68.5,50.2,52,SSE,3.2,11.0,29.51,0.0,Fair
2025-10-02,1:00 PM,71.3,52.3,51,SSE,3.2,11.0,29.5,0.0,Partly Cloudy
2025-10-02,2:00 PM,74.1,52.3,46,S,3.1,10.7,29.48,0.0,Cloudy
2025-10-02,3:00 PM,75.3,52.6,45,S,3.1,10.3,29.47,0.0,Cloudy
2025-10-02,4:00 PM,75.5,53.0,46,SSE,2.7,9.8,29.45,0.0,Cloudy
2025-10-02,5:00 PM,75.2,53.2,46,SE,2.4,8.5,29.45,0.0,Cloudy
2025-10-02,6:00 PM,73.5,57.2,57,ENE,1.4,6.5,29.44,0.0,Cloudy
2025-10-02,7:00 PM,68.1,56.4,66,ENE,3.6,5.4,29.44,0.0,Cloudy
2025-10-02,8:00 PM,64.3,55.3,73,ENE,3.0,10.3,29.45,0.0,Cloudy
2025-10-02,9:00 PM,62.5,52.3,69,E,3.7,7.6,29.45,0.0,Fair
2025-10-02,10:00 PM,61.3,49.2,64,ESE,4.2,6.7,29.45,0.0,Fair
2025-10-02,11:00 PM,60.4,47.7,63,ESE,5.5,9.8,29.45,0.0,Fair
2025-10-03,12:00 AM,59.0,48.1,67,SE,5.8,10.1,29.45,0.0,Fair
2025-10-03,1:00 AM,58.6,48.8,70,SSE,6.8,12.3,29.46,0.0,Cloudy
2025-10-03,2:00 AM,57.5,48.9,73,S,7.5,12.5,29.47,0.0,Cloudy
2025-10-03,3:00 AM,55.8,49.2,79,S,6.1,13.6,29.46,0.0,Cloudy
2025-10-03,4:00 AM,55.0,49.4,81,S,5.5,11.2,29.46,0.0,Cloudy
2025-10-03,5:00 AM,54.4,49.3,83,S,5.7,10.3,29.47,0.0,Cloudy
2025-10-03,6:00 AM,53.6,49.1,85,S,5.9,10.7,29.46,0.0,Cloudy
2025-10-03,7:00 AM,53.1,49.1,86,SSW,5.2,10.7,29.47,0.0,Partly Cloudy
2025-10-03,8:00 AM,53.2,49.6,87,SSW,6.1,9.4,29.49,0.0,Partly Cloudy
2025-10-03,9:00 AM,56.5,50.4,80,SSW,5.1,11.4,29.5,0.0,Fair
2025-10-03,10:00 AM,60.6,51.4,71,SSW,5.2,13.4,29.5,0.0,Fair
2025-10-03,11:00 AM,64.9,52.4,64,SSW,5.2,14.1,29.49,0.0,Fair
2025-10-03,12:00 PM,68.8,53.5,58,SSW,5.0,14.1,29.47,0.0,Partly Cloudy
2025-10-03,1:00 PM,72.1,54.6,54,SSW,4.4,13.9,29.46,0.0,Fair
2025-10-03,2:00 PM,75.6,52.9,45,SSW,3.8,13.0,29.44,0.0,Fair
2025-10-03,3:00 PM,76.8,52.5,43,SW,3.1,11.2,29.42,0.0,Fair
2025-10-03,4:00 PM,76.8,52.7,43,SW,3.0,9.8,29.4,0.0,Fair
2025-10-03,5:00 PM,76.2,53.4,45,SW,2.8,8.9,29.39,0.0,Fair
2025-10-03,6:00 PM,73.9,57.8,57,S,2.1,7.2,29.39,0.0,Fair
2025-10-03,7:00 PM,69.0,56.1,64,SSE,3.6,5.6,29.38,0.0,Fair
2025-10-03,8:00 PM,66.2,53.9,64,S,4.1,6.5,29.38,0.0,Fair
2025-10-03,9:00 PM,65.6,53.6,65,S,4.0,7.2,29.38,0.0,Fair
2025-10-03,10:00 PM,63.1,54.1,72,SSW,3.6,6.7,29.38,0.0,Fair
2025-10-03,11:00 PM,61.8,53.9,75,SSW,2.9,5.4,29.38,0.0,Fair
2025-10-04,12:00 AM,59.9,53.9,80,SSW,3.0,4.7,29.38,0.0,Fair
2025-10-04,1:00 AM,58.4,53.6,84,S,2.2,4.7,29.37,0.0,Fair
2025-10-04,2:00 AM,55.6,52.6,90,SSW,1.9,3.6,29.38,0.0,Fair
2025-10-04,3:00 AM,54.3,51.9,91,S,2.0,3.1,29.37,0.0,Fair
2025-10-04,4:00 AM,53.9,52.1,94,S,2.6,4.5,29.37,0.0,Fair
2025-10-04,5:00 AM,53.7,51.9,94,S,2.9,4.9,29.37,0.0,Fair
2025-10-04,6:00 AM,53.7,51.4,92,S,2.9,5.1,29.38,0.0,Fair
2025-10-04,7:00 AM,53.6,50.8,90,S,3.4,5.8,29.39,0.0,Partly Cloudy
2025-10-04,8:00 AM,53.2,51.5,94,S,3.5,5.8,29.4,0.0,Partly Cloudy
2025-10-04,9:00 AM,57.2,53.1,86,SSE,2.2,7.2,29.42,0.0,Fair
2025-10-04,10:00 AM,63.0,55.4,76,SSE,2.0,7.4,29.43,0.0,Fair
2025-10-04,11:00 AM,69.3,56.3,63,S,2.9,9.4,29.43,0.0,Fair
2025-10-04,12:00 PM,73.9,55.9,53,S,3.7,11.2,29.42,0.0,Partly Cloudy
2025-10-04,1:00 PM,76.6,55.2,48,S,3.9,11.9,29.4,0.0,Partly Cloudy
2025-10-04,2:00 PM,78.1,53.9,43,S,3.5,11.9,29.38,0.0,Fair
2025-10-04,3:00 PM,79.0,52.9,40,S,2.6,11.0,29.37,0.0,Fair
2025-10-04,4:00 PM,79.2,52.0,39,SSE,1.7,8.7,29.36,0.0,Fair
2025-10-04,5:00 PM,78.6,52.3,40,SE,1.4,6.3,29.35,0.0,Fair
2025-10-04,6:00 PM,75.6,59.9,58,ESE,1.8,4.7,29.34,0.0,Fair
2025-10-04,7:00 PM,69.4,56.1,63,ESE,3.8,5.6,29.34,0.0,Fair
2025-10-04,8:00 PM,67.4,54.8,64,ESE,4.1,10.5,29.35,0.0,Fair
2025-10-04,9:00 PM,65.9,53.4,64,SE,4.9,9.2,29.36,0.0,Fair
2025-10-04,10:00 PM,63.2,53.2,70,SE,3.6,8.5,29.35,0.0,Fair
2025-10-04,11:00 PM,61.3,52.7,73,SE,3.0,6.0,29.36,0.0,Fair
2025-10-05,12:00 AM,59.7,52.3,76,SE,2.6,4.5,29.36,0.0,Fair
2025-10-05,1:00 AM,58.5,51.7,78,SE,3.2,5.4,29.36,0.0,Fair
2025-10-05,2:00 AM,55.9,50.0,81,SSE,3.4,5.4,29.36,0.0,Fair
2025-10-05,3:00 AM,54.8,49.6,83,SSE,3.1,5.8,29.36,0.0,Fair
2025-10-05,4:00 AM,54.1,49.7,85,S,3.0,5.1,29.36,0.0,Fair
2025-10-05,5:00 AM,53.7,49.9,87,S,2.8,5.1,29.38,0.0,Fair
2025-10-05,6:00 AM,53.6,50.3,88,S,3.0,5.1,29.39,0.0,Fair
2025-10-05,7:00 AM,54.1,50.8,88,SSW,3.9,6.7,29.41,0.0,Fair
2025-10-05,8:00 AM,53.7,51.6,93,SSW,4.9,7.2,29.43,0.0,Fair
2025-10-05,9:00 AM,57.5,53.4,86,SSW,4.2,9.4,29.45,0.0,Fair
2025-10-05,10:00 AM,62.6,55.0,76,SSW,3.6,10.3,29.46,0.0,Fair
2025-10-05,11:00 AM,67.7,55.9,66,SSW,3.6,11.0,29.46,0.0,Fair
2025-10-05,12:00 PM,72.2,55.3,55,SSW,3.6,11.2,29.45,0.0,Fair
2025-10-05,1:00 PM,75.7,54.1,47,SSW,4.1,11.9,29.44,0.0,Fair
2025-10-05,2:00 PM,79.3,52.3,39,SSW,4.9,12.3,29.42,0.0,Fair
2025-10-05,3:00 PM,80.0,51.8,38,SSW,5.0,13.2,29.41,0.0,Fair
2025-10-05,4:00 PM,79.9,51.4,37,SSW,4.6,13.0,29.39,0.0,Fair
2025-10-05,5:00 PM,79.3,51.9,39,SSW,3.6,11.4,29.38,0.0,Fair
2025-10-05,6:00 PM,75.9,56.9,52,SW,2.8,8.7,29.36,0.0,Fair
2025-10-05,7:00 PM,69.9,55.2,60,SW,3.7,5.8,29.35,0.0,Fair
2025-10-05,8:00 PM,66.6,55.1,67,WSW,3.6,6.0,29.35,0.0,Fair
2025-10-05,9:00 PM,65.6,54.2,67,SW,1.8,5.4,29.36,0.0,Fair
2025-10-05,10:00 PM,63.6,53.6,70,SSE,1.4,3.4,29.36,0.0,Fair
2025-10-05,11:00 PM,61.3,53.7,76,SSE,2.0,3.4,29.35,0.0,Fair
2025-10-06,12:00 AM,59.5,53.8,81,S,2.7,4.7,29.35,0.0,Fair
2025-10-06,1:00 AM,58.5,53.7,84,SSE,3.0,5.1,29.36,0.0,Fair
2025-10-06,2:00 AM,57.7,52.1,82,S,4.8,8.1,29.36,0.0,Fair
2025-10-06,3:00 AM,57.5,50.1,76,S,6.0,10.3,29.37,0.0,Fair
2025-10-06,4:00 AM,57.5,51.4,80,SSW,6.7,12.1,29.38,0.0,Fair
2025-10-06,5:00 AM,56.8,52.6,86,SSW,6.4,12.1,29.38,0.0,Fair
2025-10-06,6:00 AM,56.4,53.1,89,SSW,5.9,11.4,29.39,0.0,Fair
2025-10-06,7:00 AM,56.2,53.2,89,SSW,5.3,10.3,29.41,0.0,Fair
2025-10-06,8:00 AM,56.3,53.7,91,SSW,5.8,9.8,29.41,0.0,Fair
2025-10-06,9:00 AM,60.3,55.6,85,SSW,4.6,10.7,29.42,0.0,Fair
2025-10-06,10:00 AM,65.1,57.0,75,SSW,4.5,11.6,29.44,0.0,Fair
2025-10-06,11:00 AM,70.1,58.6,67,SSW,4.5,12.3,29.42,0.0,Fair
2025-10-06,12:00 PM,74.2,59.9,61,SW,5.0,13.4,29.42,0.0,Fair
2025-10-06,1:00 PM,77.2,60.2,56,SW,5.0,13.9,29.41,0.0,Fair
2025-10-06,2:00 PM,80.1,55.6,43,S,4.2,13.6,29.38,0.0,Fair
2025-10-06,3:00 PM,80.4,55.8,43,SSW,4.4,12.1,29.36,0.0,Fair
2025-10-06,4:00 PM,80.0,56.4,44,SW,3.6,11.9,29.35,0.0,Fair
2025-10-06,5:00 PM,79.3,57.5,47,SW,4.4,10.1,29.34,0.0,Fair
2025-10-06,6:00 PM,76.4,60.9,59,W,3.1,10.3,29.33,0.0,Fair
2025-10-06,7:00 PM,72.3,60.4,66,SW,3.3,5.6,29.31,0.0,Partly Cloudy
2025-10-06,8:00 PM,70.0,59.5,69,SW,3.5,5.6,29.31,0.0,Fair
2025-10-06,9:00 PM,68.6,58.9,71,SSW,3.5,5.8,29.31,0.0,Partly Cloudy
2025-10-06,10:00 PM,66.9,59.5,77,SSW,2.9,5.8,29.31,0.0,Cloudy
2025-10-06,11:00 PM,66.1,59.8,80,SW,2.9,4.7,29.31,0.0,Fair
2025-10-07,12:00 AM,65.2,59.9,83,SW,2.7,5.4,29.3,0.0,Partly Cloudy
2025-10-07,1:00 AM,64.8,59.9,84,S,3.3,5.1,29.3,0.0,Cloudy
2025-10-07,2:00 AM,65.3,59.9,83,S,6.5,7.6,29.29,0.0,Cloudy
2025-10-07,3:00 AM,64.9,59.8,83,S,6.0,11.9,29.28,0.0,Cloudy
2025-10-07,4:00 AM,64.6,60.4,86,S,7.3,13.9,29.26,0.004,Light Drizzle
2025-10-07,5:00 AM,63.0,62.1,97,S,5.4,15.0,29.26,0.091,Light Rain
2025-10-07,6:00 AM,62.8,62.2,98,SSW,6.4,11.9,29.26,0.063,Light Rain
2025-10-07,7:00 AM,62.8,62.2,98,S,6.3,13.0,29.26,0.083,Light Rain
2025-10-07,8:00 AM,62.7,62.1,98,S,6.0,12.1,29.26,0.098,Rain
2025-10-07,9:00 AM,63.1,62.6,98,S,6.1,11.6,29.25,0.051,Light Rain
2025-10-07,10:00 AM,64.7,63.6,96,SSW,6.6,13.4,29.25,0.031,Drizzle
2025-10-07,11:00 AM,64.8,64.5,99,SSW,7.9,16.6,29.26,0.248,Rain
2025-10-07,12:00 PM,65.0,64.8,99,S,7.5,17.4,29.24,0.114,Rain
2025-10-07,1:00 PM,65.0,63.8,96,SSW,10.3,20.6,29.22,0.087,Light Rain
2025-10-07,2:00 PM,65.6,64.4,96,SSW,11.4,25.7,29.18,0.004,Light Drizzle
2025-10-07,3:00 PM,66.6,65.0,95,SW,10.7,22.6,29.18,0.051,Light Rain
2025-10-07,4:00 PM,66.1,65.4,98,SW,11.2,21.0,29.16,0.039,Drizzle
2025-10-07,5:00 PM,65.5,65.0,98,SW,10.4,21.3,29.16,0.11,Rain
2025-10-07,6:00 PM,65.3,64.9,98,SW,9.2,20.4,29.15,0.091,Light Rain
2025-10-07,7:00 PM,65.0,64.5,98,SW,8.9,19.0,29.15,0.063,Light Rain
2025-10-07,8:00 PM,64.6,64.2,99,SW,7.7,17.4,29.16,0.004,Light Drizzle
2025-10-07,9:00 PM,64.4,64.0,99,SW,7.9,16.1,29.16,0.047,Drizzle
2025-10-07,10:00 PM,64.4,63.7,98,SW,7.9,16.1,29.16,0.008,Light Drizzle
2025-10-07,11:00 PM,64.0,63.1,97,WSW,6.9,15.2,29.17,0.0,Cloudy
2025-10-08,12:00 AM,64.0,63.2,97,SW,7.7,14.3,29.16,0.031,Drizzle
2025-10-08,1:00 AM,63.6,63.3,99,W,7.8,17.0,29.15,0.016,Light Drizzle
2025-10-08,2:00 AM,58.4,56.8,94,NNW,13.7,30.4,29.18,0.004,Light Drizzle
2025-10-08,3:00 AM,56.6,54.1,91,NNW,12.8,27.5,29.2,0.004,Light Drizzle
2025-10-08,4:00 AM,55.8,51.9,87,N,11.1,25.9,29.21,0.0,Cloudy
2025-10-08,5:00 AM,55.8,50.9,84,N,8.9,22.6,29.24,0.0,Cloudy
2025-10-08,6:00 AM,56.0,47.6,73,N,8.6,18.3,29.26,0.0,Cloudy
2025-10-08,7:00 AM,56.3,43.9,63,N,8.3,18.3,29.3,0.0,Fair
2025-10-08,8:00 AM,53.6,45.6,74,NNW,6.2,17.7,29.34,0.0,Fair
2025-10-08,9:00 AM,55.5,46.1,71,NNW,5.4,12.1,29.38,0.0,Fair
2025-10-08,10:00 AM,58.5,46.8,65,N,7.4,17.2,29.4,0.0,Fair
2025-10-08,11:00 AM,61.0,45.6,57,N,8.1,19.5,29.41,0.0,Fair
2025-10-08,12:00 PM,63.0,42.8,48,N,8.2,19.7,29.42,0.0,Fair
2025-10-08,1:00 PM,64.0,41.3,43,N,10.9,24.4,29.42,0.0,Cloudy
2025-10-08,2:00 PM,62.3,42.8,49,NNW,9.2,24.6,29.42,0.0,Partly Cloudy
2025-10-08,3:00 PM,64.2,42.4,45,NNW,9.7,22.1,29.42,0.0,Cloudy
2025-10-08,4:00 PM,64.2,42.7,45,NNW,9.3,21.7,29.42,0.0,Fair
2025-10-08,5:00 PM,63.5,42.0,45,NNW,9.4,22.8,29.42,0.0,Fair
2025-10-08,6:00 PM,61.3,43.6,52,N,7.3,22.4,29.42,0.0,Fair
2025-10-08,7:00 PM,57.7,43.3,59,N,7.8,15.9,29.44,0.0,Fair
2025-10-08,8:00 PM,55.0,44.1,66,N,7.7,15.9,29.47,0.0,Fair
2025-10-08,9:00 PM,53.3,43.8,70,N,6.2,14.1,29.49,0.0,Fair
2025-10-08,10:00 PM,51.8,44.3,76,N,5.6,11.6,29.51,0.0,Fair
2025-10-08,11:00 PM,50.9,44.0,77,NNE,4.8,10.5,29.53,0.0,Fair
2025-10-09,12:00 AM,49.7,43.3,79,NNE,4.2,8.9,29.53,0.0,Fair
2025-10-09,1:00 AM,48.7,43.3,81,NNE,3.5,7.6,29.53,0.0,Fair
2025-10-09,2:00 AM,45.4,42.5,90,NNE,2.5,7.6,29.54,0.0,Fair
2025-10-09,3:00 AM,45.0,42.3,90,NE,2.4,4.5,29.54,0.0,Fair
2025-10-09,4:00 AM,45.1,41.6,88,NE,4.2,7.8,29.55,0.0,Fair
2025-10-09,5:00 AM,44.2,40.6,87,NE,4.1,8.1,29.56,0.0,Fair
2025-10-09,6:00 AM,43.6,39.9,87,NE,3.8,7.6,29.57,0.0,Fair
2025-10-09,7:00 AM,43.2,39.7,87,NE,3.8,6.7,29.59,0.0,Fair
2025-10-09,8:00 AM,42.8,39.9,89,NE,3.9,8.5,29.62,0.0,Fair
2025-10-09,9:00 AM,45.9,40.3,81,NE,3.4,8.7,29.64,0.0,Fair
2025-10-09,10:00 AM,50.0,40.2,69,ENE,4.5,12.1,29.65,0.0,Fair
2025-10-09,11:00 AM,53.3,38.0,56,ENE,6.3,16.1,29.65,0.0,Fair
2025-10-09,12:00 PM,55.2,37.7,52,ENE,6.8,17.7,29.65,0.0,Fair
2025-10-09,1:00 PM,56.7,38.6,51,ENE,6.3,17.7,29.63,0.0,Fair
2025-10-09,2:00 PM,58.6,37.5,45,ENE,4.7,16.8,29.6,0.0,Fair
2025-10-09,3:00 PM,59.5,38.0,45,ENE,5.3,14.5,29.58,0.0,Fair
2025-10-09,4:00 PM,59.5,38.0,45,ENE,5.9,14.8,29.57,0.0,Fair
2025-10-09,5:00 PM,58.6,37.9,46,ENE,6.1,14.8,29.56,0.0,Fair
2025-10-09,6:00 PM,56.8,39.7,53,ENE,5.2,14.3,29.54,0.0,Fair
2025-10-09,7:00 PM,53.0,40.8,63,ENE,5.2,10.7,29.53,0.0,Fair
2025-10-09,8:00 PM,52.0,41.8,68,NE,5.2,10.3,29.53,0.0,Fair
2025-10-09,9:00 PM,51.1,40.6,67,ENE,5.9,10.5,29.53,0.0,Fair
2025-10-09,10:00 PM,49.8,39.8,68,ENE,6.2,11.2,29.53,0.0,Fair
2025-10-09,11:00 PM,49.0,39.8,70,E,6.0,11.2,29.53,0.0,Fair
2025-10-10,12:00 AM,48.2,39.6,72,E,6.7,12.1,29.53,0.0,Fair
2025-10-10,1:00 AM,47.5,38.6,71,ESE,6.8,12.5,29.52,0.0,Fair
2025-10-10,2:00 AM,45.9,37.6,73,SE,6.8,12.5,29.53,0.0,Fair
2025-10-10,3:00 AM,44.7,37.3,75,SE,6.0,12.1,29.52,0.0,Fair
2025-10-10,4:00 AM,44.2,37.4,77,SE,5.5,11.0,29.52,0.0,Fair
2025-10-10,5:00 AM,43.9,37.7,79,SE,5.0,10.1,29.52,0.0,Fair
2025-10-10,6:00 AM,43.4,38.0,81,SSE,4.1,8.9,29.52,0.0,Fair
2025-10-10,7:00 AM,43.1,38.3,83,SSE,3.9,7.4,29.52,0.0,Fair
2025-10-10,8:00 AM,43.3,38.5,83,SSE,5.4,8.1,29.52,0.0,Fair
2025-10-10,9:00 AM,46.4,39.9,78,SSE,4.5,10.5,29.53,0.0,Fair
2025-10-10,10:00 AM,51.2,41.0,68,S,4.5,11.9,29.52,0.0,Fair
2025-10-10,11:00 AM,55.2,42.0,61,S,5.1,13.6,29.49,0.0,Fair
2025-10-10,12:00 PM,58.7,43.3,57,S,4.8,13.9,29.48,0.0,Fair
2025-10-10,1:00 PM,61.7,43.3,51,S,5.3,14.3,29.46,0.0,Fair
2025-10-10,2:00 PM,64.7,42.1,44,S,5.8,15.4,29.43,0.0,Fair
2025-10-10,3:00 PM,65.6,42.6,43,S,6.3,15.7,29.4,0.0,Fair
2025-10-10,4:00 PM,65.8,42.4,43,S,5.9,15.7,29.38,0.0,Fair
2025-10-10,5:00 PM,65.1,41.9,43,S,5.9,14.3,29.36,0.0,Fair
2025-10-10,6:00 PM,62.2,46.0,55,S,3.4,13.2,29.34,0.0,Fair
2025-10-10,7:00 PM,57.4,45.9,65,S,3.5,6.0,29.32,0.0,Fair
2025-10-10,8:00 PM,56.0,42.7,61,SSE,4.9,8.1,29.32,0.0,Fair
2025-10-10,9:00 PM,55.3,42.2,61,S,5.6,9.8,29.32,0.0,Fair
2025-10-10,10:00 PM,53.9,42.3,65,S,7.1,12.8,29.31,0.0,Cloudy
2025-10-10,11:00 PM,53.2,43.0,68,S,7.0,13.2,29.3,0.0,Partly Cloudy
2025-10-11,12:00 AM,52.5,43.1,70,S,8.1,15.2,29.3,0.0,Fair
2025-10-11,1:00 AM,51.0,43.7,76,S,6.5,15.2,29.31,0.0,Fair
2025-10-11,2:00 AM,49.6,43.5,79,S,7.3,12.3,29.31,0.0,Fair
2025-10-11,3:00 AM,48.4,43.4,83,S,6.6,13.2,29.31,0.0,Fair
2025-10-11,4:00 AM,47.7,43.4,85,SSW,6.2,12.1,29.3,0.0,Fair
2025-10-11,5:00 AM,47.1,43.6,88,SSW,5.3,11.4,29.29,0.0,Fair
2025-10-11,6:00 AM,46.8,43.7,89,S,5.7,9.8,29.28,0.0,Fair
2025-10-11,7:00 AM,46.1,43.9,92,S,6.6,11.6,29.27,0.0,Fair
2025-10-11,8:00 AM,46.6,44.2,92,SSW,6.5,12.5,29.28,0.0,Cloudy
2025-10-11,9:00 AM,50.0,45.4,84,SSW,4.7,11.2,29.29,0.0,Partly Cloudy
2025-10-11,10:00 AM,52.8,46.7,80,SSW,4.8,12.1,29.29,0.0,Cloudy
2025-10-11,11:00 AM,54.9,47.6,76,SW,3.2,12.1,29.29,0.0,Partly Cloudy
2025-10-11,12:00 PM,60.4,49.3,67,SW,3.4,10.7,29.28,0.0,Fair
2025-10-11,1:00 PM,63.2,48.9,60,SW,2.5,10.7,29.26,0.0,Partly Cloudy
2025-10-11,2:00 PM,64.9,46.7,52,WSW,1.3,9.2,29.23,0.0,Partly Cloudy
2025-10-11,3:00 PM,65.9,46.3,49,SSW,2.2,7.6,29.22,0.0,Fair
2025-10-11,4:00 PM,66.6,46.1,48,SSW,2.7,8.1,29.21,0.0,Fair
2025-10-11,5:00 PM,66.1,46.7,50,WSW,2.6,8.3,29.2,0.0,Fair
2025-10-11,6:00 PM,64.3,52.8,66,NW,1.4,6.7,29.2,0.0,Fair
2025-10-11,7:00 PM,59.5,49.0,68,E,1.5,2.2,29.2,0.0,Partly Cloudy
2025-10-11,8:00 PM,58.6,50.4,74,NE,3.4,3.6,29.2,0.0,Partly Cloudy
2025-10-11,9:00 PM,57.1,50.4,78,NNE,7.5,13.4,29.2,0.0,Fair
2025-10-11,10:00 PM,55.5,50.0,82,NNE,7.4,15.7,29.2,0.0,Cloudy
2025-10-11,11:00 PM,54.1,49.9,86,NNE,6.4,14.3,29.2,0.0,Cloudy
2025-10-12,12:00 AM,53.1,49.3,87,NE,5.8,12.3,29.2,0.0,Cloudy
2025-10-12,1:00 AM,52.9,48.8,86,NE,5.1,10.5,29.19,0.0,Cloudy
2025-10-12,2:00 AM,51.4,46.9,85,NNE,4.2,9.8,29.18,0.0,Partly Cloudy
2025-10-12,3:00 AM,51.1,47.0,86,NE,3.8,7.6,29.16,0.0,Fair
2025-10-12,4:00 AM,50.5,47.1,88,NNE,3.1,6.7,29.15,0.0,Fair
2025-10-12,5:00 AM,50.2,47.3,90,NE,4.5,7.4,29.15,0.0,Fair
2025-10-12,6:00 AM,50.4,47.4,89,ENE,5.3,9.6,29.16,0.0,Fair
2025-10-12,7:00 AM,50.3,47.8,91,ENE,6.3,11.2,29.16,0.0,Fair
2025-10-12,8:00 AM,49.8,48.2,94,ENE,7.0,13.0,29.18,0.0,Fair
2025-10-12,9:00 AM,53.7,51.7,93,ENE,7.8,16.1,29.21,0.0,Cloudy
2025-10-12,10:00 AM,56.3,52.5,87,ENE,6.6,16.8,29.2,0.012,Light Drizzle
2025-10-12,11:00 AM,58.1,54.1,86,NE,6.0,14.3,29.2,0.008,Light Drizzle
2025-10-12,12:00 PM,63.5,55.0,74,E,9.5,21.7,29.19,0.0,Cloudy
2025-10-12,1:00 PM,64.0,54.7,72,E,8.5,21.7,29.19,0.004,Light Drizzle
2025-10-12,2:00 PM,66.1,55.5,69,E,6.3,21.9,29.18,0.0,Cloudy
2025-10-12,3:00 PM,64.1,56.3,76,E,8.5,19.7,29.17,0.035,Drizzle
2025-10-12,4:00 PM,62.9,57.1,81,NE,6.9,17.9,29.17,0.028,Drizzle
2025-10-12,5:00 PM,62.2,56.7,82,NE,6.9,15.0,29.17,0.0,Cloudy
2025-10-12,6:00 PM,61.4,56.0,82,ENE,7.3,15.2,29.16,0.0,Cloudy
2025-10-12,7:00 PM,60.4,54.5,81,ENE,7.3,14.8,29.16,0.0,Fair
2025-10-12,8:00 PM,60.3,55.2,83,NE,4.4,14.3,29.18,0.0,Cloudy
2025-10-12,9:00 PM,59.9,54.8,83,ENE,5.8,11.0,29.18,0.0,Cloudy
2025-10-12,10:00 PM,59.7,54.1,82,ENE,5.6,11.4,29.18,0.0,Cloudy
2025-10-12,11:00 PM,59.1,53.6,82,NE,4.8,10.7,29.16,0.0,Partly Cloudy
2025-10-13,12:00 AM,58.4,53.2,83,NE,5.1,9.4,29.16,0.0,Partly Cloudy
2025-10-13,1:00 AM,56.7,52.0,84,ENE,5.8,10.7,29.17,0.0,Partly Cloudy
2025-10-13,2:00 AM,55.4,49.5,80,ENE,4.8,10.7,29.18,0.0,Fair
2025-10-13,3:00 AM,54.2,48.4,81,ENE,4.9,9.2,29.18,0.0,Fair
2025-10-13,4:00 AM,52.8,48.0,84,NE,4.8,8.9,29.18,0.0,Fair
2025-10-13,5:00 AM,51.7,47.7,86,NE,4.9,8.7,29.18,0.0,Fair
2025-10-13,6:00 AM,50.8,47.5,88,NE,5.3,9.6,29.2,0.0,Fair
2025-10-13,7:00 AM,50.2,47.4,90,NE,5.7,10.3,29.21,0.0,Fair
2025-10-13,8:00 AM,50.5,47.8,90,NE,4.7,10.5,29.22,0.0,Fair
2025-10-13,9:00 AM,53.7,49.4,85,NE,4.8,10.5,29.23,0.0,Fair
2025-10-13,10:00 AM,57.8,50.5,77,NE,4.5,11.6,29.24,0.0,Fair
2025-10-13,11:00 AM,61.5,51.5,70,NE,4.5,12.5,29.24,0.0,Fair
2025-10-13,12:00 PM,64.3,52.0,64,NNE,6.1,15.4,29.23,0.0,Fair
2025-10-13,1:00 PM,66.7,52.0,59,NNE,9.4,21.9,29.23,0.0,Cloudy
2025-10-13,2:00 PM,67.1,52.6,60,NNE,9.1,21.9,29.2,0.0,Cloudy
2025-10-13,3:00 PM,66.6,52.5,61,NNE,8.8,19.7,29.2,0.0,Cloudy
2025-10-13,4:00 PM,65.9,52.7,62,NNE,7.8,19.5,29.2,0.0,Cloudy
2025-10-13,5:00 PM,66.1,53.0,63,N,6.4,16.8,29.2,0.0,Cloudy
2025-10-13,6:00 PM,65.1,53.9,67,NNE,4.2,13.9,29.21,0.0,Cloudy
2025-10-13,7:00 PM,61.7,54.1,76,N,3.0,8.7,29.2,0.0,Cloudy
2025-10-13,8:00 PM,60.9,53.0,75,NNW,5.2,6.5,29.22,0.0,Fair
2025-10-13,9:00 PM,59.7,52.7,78,N,6.1,11.2,29.23,0.0,Fair
2025-10-13,10:00 PM,58.0,53.2,84,NNW,5.8,11.2,29.24,0.0,Fair
2025-10-13,11:00 PM,56.6,53.4,89,N,5.7,10.5,29.24,0.0,Fair
2025-10-14,12:00 AM,55.4,53.4,93,N,5.3,10.3,29.24,0.0,Fair
2025-10-14,1:00 AM,54.4,53.1,95,N,5.2,9.4,29.25,0.0,Fair
2025-10-14,2:00 AM,53.5,52.6,97,NNW,4.8,9.6,29.27,0.0,Fair
2025-10-14,3:00 AM,53.2,52.4,97,NNW,4.5,9.2,29.27,0.0,Cloudy
2025-10-14,4:00 AM,52.8,52.3,98,NNW,5.2,9.6,29.28,0.0,Cloudy
2025-10-14,5:00 AM,52.6,52.2,98,N,5.2,10.1,29.29,0.0,Cloudy
2025-10-14,6:00 AM,52.4,51.9,98,N,5.2,10.1,29.31,0.0,Fair
2025-10-14,7:00 AM,51.9,51.4,98,N,5.3,9.8,29.33,0.0,Fair
2025-10-14,8:00 AM,51.4,50.8,98,N,5.9,10.5,29.34,0.0,Fair
2025-10-14,9:00 AM,54.4,52.2,92,N,6.8,13.6,29.37,0.0,Fair
2025-10-14,10:00 AM,57.4,51.4,81,NNE,10.7,22.6,29.38,0.0,Partly Cloudy
2025-10-14,11:00 AM,60.0,51.0,72,NNE,10.3,24.2,29.38,0.0,Cloudy
2025-10-14,12:00 PM,64.0,50.9,63,NNE,9.6,23.5,29.37,0.0,Fair
2025-10-14,1:00 PM,65.3,51.7,61,NNE,7.1,21.5,29.36,0.0,Fair
2025-10-14,2:00 PM,68.5,50.0,52,NNE,9.1,17.7,29.36,0.0,Partly Cloudy
2025-10-14,3:00 PM,69.5,50.4,51,N,9.4,21.5,29.35,0.0,Partly Cloudy
2025-10-14,4:00 PM,69.2,50.6,52,N,8.9,21.5,29.35,0.0,Fair
2025-10-14,5:00 PM,69.1,50.1,51,N,8.1,19.9,29.34,0.0,Fair
2025-10-14,6:00 PM,66.5,51.4,58,N,6.3,17.2,29.34,0.0,Fair
2025-10-14,7:00 PM,62.0,51.5,69,NNW,6.6,13.0,29.34,0.0,Fair
2025-10-14,8:00 PM,60.0,52.0,75,NNW,6.9,13.2,29.36,0.0,Fair
2025-10-14,9:00 PM,58.5,51.9,79,N,6.8,12.5,29.36,0.0,Fair
2025-10-14,10:00 PM,57.2,51.2,80,N,6.7,12.5,29.37,0.0,Fair
2025-10-14,11:00 PM,56.0,50.7,82,N,5.4,12.3,29.36,0.0,Fair
2025-10-15,12:00 AM,55.2,50.5,84,N,5.1,9.6,29.36,0.0,Fair
2025-10-15,1:00 AM,54.7,50.6,86,N,4.7,9.2,29.34,0.0,Fair
2025-10-15,2:00 AM,52.2,49.5,90,NW,3.2,8.7,29.34,0.0,Fair
2025-10-15,3:00 AM,52.0,49.6,91,NW,4.0,6.7,29.34,0.0,Fair
2025-10-15,4:00 AM,51.4,49.6,94,NW,4.3,7.4,29.33,0.0,Fair
2025-10-15,5:00 AM,51.0,49.7,95,NNW,4.1,8.1,29.33,0.0,Fair
2025-10-15,6:00 AM,50.6,49.5,96,NNW,5.1,9.6,29.33,0.0,Fair
2025-10-15,7:00 AM,49.8,48.7,96,NNW,5.6,11.0,29.33,0.0,Fair
2025-10-15,8:00 AM,49.0,47.9,96,NNW,5.3,10.3,29.35,0.0,Partly Cloudy
2025-10-15,9:00 AM,52.4,49.6,90,NNW,4.5,10.3,29.36,0.0,Fair
2025-10-15,10:00 AM,56.3,50.5,81,NNW,4.3,11.4,29.36,0.0,Cloudy
2025-10-15,11:00 AM,57.7,50.5,77,NNW,4.6,11.6,29.35,0.0,Cloudy
2025-10-15,12:00 PM,61.5,48.7,63,NNW,5.7,15.0,29.35,0.0,Partly Cloudy
2025-10-15,1:00 PM,63.5,47.0,55,NNW,5.9,15.7,29.32,0.0,Fair
2025-10-15,2:00 PM,64.6,47.3,53,NW,7.2,18.1,29.31,0.0,Cloudy
2025-10-15,3:00 PM,64.3,46.5,52,NNW,10.8,24.2,29.29,0.0,Cloudy
2025-10-15,4:00 PM,63.9,46.0,52,NNW,9.8,23.9,29.28,0.0,Cloudy
2025-10-15,5:00 PM,62.8,46.6,55,NNW,8.2,22.1,29.27,0.0,Fair
2025-10-15,6:00 PM,61.4,46.9,59,NW,6.8,17.9,29.26,0.0,Fair
2025-10-15,7:00 PM,58.1,46.6,65,NNW,7.8,15.4,29.26,0.0,Fair
2025-10-15,8:00 PM,56.0,46.2,70,NW,8.1,15.7,29.28,0.0,Fair
2025-10-15,9:00 PM,53.8,46.0,75,NNW,7.1,15.2,29.3,0.0,Fair
2025-10-15,10:00 PM,51.8,45.4,79,NNW,5.1,13.9,29.3,0.0,Fair
2025-10-15,11:00 PM,50.5,45.3,82,NNW,3.9,9.4,29.3,0.0,Fair
2025-10-16,12:00 AM,49.8,45.1,84,NW,4.3,7.6,29.29,0.0,Fair
2025-10-16,1:00 AM,49.3,44.1,82,NNW,5.9,10.5,29.28,0.0,Fair
2025-10-16,2:00 AM,46.9,42.3,84,NNW,5.0,11.6,29.3,0.0,Fair
2025-10-16,3:00 AM,46.6,41.9,84,NNW,4.5,9.6,29.3,0.0,Fair
2025-10-16,4:00 AM,45.9,42.0,86,NNW,3.9,8.3,29.29,0.0,Fair
2025-10-16,5:00 AM,45.2,42.1,89,N,3.3,7.2,29.3,0.0,Fair
2025-10-16,6:00 AM,44.5,42.2,91,N,3.0,6.0,29.3,0.0,Fair
2025-10-16,7:00 AM,44.0,42.2,93,N,4.1,7.4,29.31,0.0,Fair
2025-10-16,8:00 AM,42.5,41.5,96,N,3.6,8.7,29.35,0.0,Fair
2025-10-16,9:00 AM,45.5,42.3,88,N,3.3,9.4,29.37,0.0,Fair
2025-10-16,10:00 AM,49.6,42.1,75,NNE,3.7,10.7,29.38,0.0,Fair
2025-10-16,11:00 AM,52.7,41.2,65,NNE,4.7,13.4,29.37,0.0,Fair
2025-10-16,12:00 PM,55.2,40.1,57,N,4.7,13.6,29.36,0.0,Fair
2025-10-16,1:00 PM,57.5,39.4,51,N,4.8,14.1,29.34,0.0,Fair
2025-10-16,2:00 PM,59.6,37.7,44,NNW,4.9,14.8,29.31,0.0,Fair
2025-10-16,3:00 PM,61.2,36.7,40,NNW,5.7,15.0,29.29,0.0,Fair
2025-10-16,4:00 PM,61.3,36.1,39,NNW,6.9,16.3,29.28,0.0,Fair
2025-10-16,5:00 PM,60.2,37.1,42,NNW,7.8,17.2,29.27,0.0,Fair
2025-10-16,6:00 PM,57.6,38.9,50,N,5.6,17.2,29.27,0.0,Fair
2025-10-16,7:00 PM,53.6,40.1,60,N,4.7,11.6,29.26,0.0,Fair
2025-10-16,8:00 PM,52.4,40.5,64,N,6.4,13.4,29.27,0.0,Fair
2025-10-16,9:00 PM,50.4,38.3,63,NNE,6.7,12.5,29.28,0.0,Fair
2025-10-16,10:00 PM,48.2,36.1,63,NNE,6.4,12.5,29.29,0.0,Fair
2025-10-16,11:00 PM,46.7,34.9,63,NNE,5.2,11.9,29.29,0.0,Fair
2025-10-17,12:00 AM,45.1,35.2,68,NNE,3.3,9.6,29.29,0.0,Fair
2025-10-17,1:00 AM,43.9,35.6,72,NE,2.9,6.0,29.27,0.0,Fair
2025-10-17,2:00 AM,41.1,35.2,80,E,1.6,5.1,29.28,0.0,Fair
2025-10-17,3:00 AM,40.1,34.3,79,E,1.3,3.4,29.29,0.0,Fair
2025-10-17,4:00 AM,39.7,34.8,82,ESE,1.1,2.7,29.28,0.0,Fair
2025-10-17,5:00 AM,39.4,35.5,86,E,0.8,2.2,29.29,0.0,Fair
2025-10-17,6:00 AM,38.8,35.8,89,SSE,2.0,3.4,29.28,0.0,Fair
2025-10-17,7:00 AM,39.2,35.8,87,SSE,0.5,3.4,29.3,0.0,Fair
2025-10-17,8:00 AM,38.0,35.6,91,SSE,2.2,2.7,29.3,0.0,Fair
2025-10-17,9:00 AM,41.6,36.7,82,S,3.2,8.5,29.3,0.0,Fair
2025-10-17,10:00 AM,47.8,37.9,68,S,1.5,7.6,29.31,0.0,Fair
2025-10-17,11:00 AM,53.6,36.6,52,S,3.1,9.8,29.31,0.0,Fair
2025-10-17,12:00 PM,57.0,37.7,48,S,2.7,10.7,29.29,0.0,Fair
2025-10-17,1:00 PM,59.5,38.3,45,S,3.1,10.5,29.26,0.0,Fair
2025-10-17,2:00 PM,62.2,37.5,40,S,3.0,10.7,29.22,0.0,Fair
2025-10-17,3:00 PM,63.6,38.1,39,SSW,3.0,10.1,29.2,0.0,Fair
2025-10-17,4:00 PM,64.0,38.4,39,SSW,3.2,9.6,29.18,0.0,Fair
2025-10-17,5:00 PM,63.5,39.0,40,SSW,3.1,9.2,29.16,0.0,Fair
2025-10-17,6:00 PM,61.1,45.8,57,SW,1.7,7.4,29.15,0.0,Cloudy
2025-10-17,7:00 PM,57.8,42.2,56,WSW,0.9,2.5,29.14,0.0,Fair
2025-10-17,8:00 PM,55.2,43.1,64,WSW,2.4,1.8,29.14,0.0,Fair
2025-10-17,9:00 PM,54.4,42.7,65,SSW,0.7,3.6,29.15,0.0,Cloudy
2025-10-17,10:00 PM,52.4,43.5,72,SE,1.6,2.9,29.14,0.0,Cloudy
2025-10-17,11:00 PM,51.2,44.2,77,SSE,2.2,3.8,29.14,0.0,Cloudy
2025-10-18,12:00 AM,51.3,44.0,76,SE,3.3,5.6,29.13,0.0,Cloudy
2025-10-18,1:00 AM,50.6,43.8,77,SE,2.9,6.0,29.12,0.0,Cloudy
2025-10-18,2:00 AM,50.7,42.6,74,S,3.6,4.9,29.13,0.0,Cloudy
2025-10-18,3:00 AM,51.0,41.5,70,S,4.6,8.3,29.12,0.0,Cloudy
2025-10-18,4:00 AM,49.7,40.5,70,S,5.3,9.4,29.11,0.0,Cloudy
2025-10-18,5:00 AM,49.0,39.8,70,S,5.0,9.4,29.12,0.0,Cloudy
2025-10-18,6:00 AM,48.7,39.6,70,S,5.1,9.2,29.12,0.0,Cloudy
2025-10-18,7:00 AM,48.6,39.5,71,S,5.2,9.4,29.11,0.0,Cloudy
2025-10-18,8:00 AM,48.6,39.8,72,S,6.5,11.2,29.12,0.0,Cloudy
2025-10-18,9:00 AM,51.6,41.5,68,S,6.6,13.2,29.13,0.0,Fair
2025-10-18,10:00 AM,57.6,43.1,58,S,4.8,12.5,29.13,0.0,Partly Cloudy
2025-10-18,11:00 AM,62.8,44.4,51,SSW,6.3,15.0,29.13,0.0,Fair
2025-10-18,12:00 PM,67.3,46.7,48,SSW,7.1,17.0,29.13,0.0,Fair
2025-10-18,1:00 PM,71.0,50.6,49,SSW,7.2,17.4,29.11,0.0,Fair
2025-10-18,2:00 PM,75.4,53.9,47,SSW,7.8,18.3,29.08,0.0,Fair
2025-10-18,3:00 PM,76.4,56.2,50,SSW,8.9,20.1,29.05,0.0,Fair
2025-10-18,4:00 PM,76.4,56.6,50,SSW,9.6,21.3,29.03,0.0,Fair
2025-10-18,5:00 PM,75.6,57.1,53,S,8.9,21.3,29.02,0.0,Fair
2025-10-18,6:00 PM,72.6,57.7,60,S,6.6,19.0,29.03,0.0,Partly Cloudy
2025-10-18,7:00 PM,68.5,57.3,67,S,6.4,13.2,29.02,0.0,Cloudy
2025-10-18,8:00 PM,68.3,57.4,68,S,7.1,11.9,29.03,0.0,Partly Cloudy
2025-10-18,9:00 PM,66.9,57.3,71,S,6.7,12.8,29.02,0.0,Fair
2025-10-18,10:00 PM,65.8,57.0,73,S,7.0,12.5,29.02,0.0,Fair
2025-10-18,11:00 PM,65.2,56.8,74,S,7.7,14.3,29.01,0.0,Fair
2025-10-19,12:00 AM,64.8,56.5,75,S,7.5,14.5,29.0,0.0,Fair
2025-10-19,1:00 AM,64.3,56.4,75,S,7.8,14.5,28.96,0.0,Cloudy
2025-10-19,2:00 AM,65.6,55.9,71,S,9.4,17.9,28.96,0.0,Partly Cloudy
2025-10-19,3:00 AM,64.8,55.4,72,S,9.7,19.0,28.94,0.0,Cloudy
2025-10-19,4:00 AM,64.5,55.4,72,S,10.3,20.8,28.91,0.0,Cloudy
2025-10-19,5:00 AM,64.5,55.7,73,S,10.9,21.7,28.89,0.0,Cloudy
2025-10-19,6:00 AM,64.7,55.9,73,S,11.4,23.3,28.87,0.0,Cloudy
2025-10-19,7:00 AM,64.5,55.8,73,S,11.3,23.3,28.86,0.0,Cloudy
2025-10-19,8:00 AM,66.8,57.5,72,S,12.2,24.6,28.84,0.0,Cloudy
2025-10-19,9:00 AM,68.1,57.7,69,S,12.8,26.4,28.82,0.0,Cloudy
2025-10-19,10:00 AM,70.4,58.4,66,S,11.2,28.2,28.79,0.0,Cloudy
2025-10-19,11:00 AM,72.3,57.4,59,S,15.6,32.7,28.77,0.0,Cloudy
2025-10-19,12:00 PM,73.5,55.9,54,S,18.7,38.9,28.74,0.0,Cloudy
2025-10-19,1:00 PM,71.7,55.2,56,SSW,19.6,47.6,28.71,0.0,Cloudy
2025-10-19,2:00 PM,64.0,59.9,87,SSW,16.5,42.5,28.71,0.047,Drizzle
2025-10-19,3:00 PM,60.9,60.0,97,SW,12.7,37.4,28.73,0.232,Rain
2025-10-19,4:00 PM,60.4,59.5,97,SW,11.5,25.1,28.74,0.114,Rain
2025-10-19,5:00 PM,58.3,57.6,97,SW,10.1,25.3,28.75,0.039,Drizzle
2025-10-19,6:00 PM,57.1,56.4,97,SW,10.8,23.0,28.79,0.051,Light Rain
2025-10-19,7:00 PM,55.3,54.7,98,SW,11.9,25.7,28.8,0.083,Light Rain
2025-10-19,8:00 PM,53.8,53.1,97,SW,11.5,22.8,28.84,0.031,Drizzle
2025-10-19,9:00 PM,52.3,51.4,97,SW,11.2,24.6,28.86,0.075,Light Rain
2025-10-19,10:00 PM,51.1,49.6,94,SW,12.0,23.9,28.87,0.004,Light Drizzle
2025-10-19,11:00 PM,50.5,49.9,98,W,13.6,24.6,28.9,0.035,Drizzle
2025-10-20,12:00 AM,49.0,48.2,97,W,17.2,35.3,28.93,0.091,Light Rain
2025-10-20,1:00 AM,47.9,47.0,97,WNW,16.3,34.7,28.97,0.071,Light Rain
2025-10-20,2:00 AM,47.5,45.5,93,WNW,13.9,33.6,28.99,0.067,Light Rain
2025-10-20,3:00 AM,47.4,45.5,93,W,14.3,28.2,29.03,0.02,Drizzle
2025-10-20,4:00 AM,47.8,44.9,89,W,13.6,28.0,29.04,0.0,Cloudy
2025-10-20,5:00 AM,47.4,45.1,92,WSW,12.6,26.8,29.06,0.0,Fair
2025-10-20,6:00 AM,46.3,43.9,91,WSW,11.3,25.9,29.09,0.0,Fair
2025-10-20,7:00 AM,45.7,43.0,90,W,9.9,22.8,29.11,0.0,Fair
2025-10-20,8:00 AM,44.8,42.4,91,WSW,9.4,20.1,29.14,0.0,Fair
2025-10-20,9:00 AM,46.9,42.5,85,WSW,7.8,18.6,29.17,0.0,Fair
2025-10-20,10:00 AM,50.2,42.4,74,WSW,9.0,20.6,29.2,0.0,Fair
2025-10-20,11:00 AM,53.4,42.6,67,W,9.7,22.4,29.21,0.0,Fair
2025-10-20,12:00 PM,55.9,41.5,58,W,12.8,28.0,29.21,0.004,Light Drizzle
2025-10-20,1:00 PM,57.0,39.4,52,W,12.2,28.9,29.2,0.0,Partly Cloudy
2025-10-20,2:00 PM,57.0,38.3,49,W,11.6,28.2,29.2,0.0,Cloudy
2025-10-20,3:00 PM,57.7,37.3,46,W,10.9,25.5,29.19,0.0,Partly Cloudy
2025-10-20,4:00 PM,59.1,36.7,43,W,9.6,24.4,29.17,0.0,Fair
2025-10-20,5:00 PM,58.2,37.1,45,W,7.8,21.0,29.16,0.0,Fair
2025-10-20,6:00 PM,55.7,39.4,54,WSW,4.8,17.2,29.15,0.0,Fair
2025-10-20,7:00 PM,52.0,40.8,66,SW,4.1,9.4,29.15,0.0,Fair
2025-10-20,8:00 PM,50.9,41.0,69,SW,5.4,9.2,29.15,0.0,Fair
2025-10-20,9:00 PM,49.8,40.5,70,SW,4.4,9.6,29.14,0.0,Fair
2025-10-20,10:00 PM,48.6,40.6,74,SSW,4.7,8.3,29.14,0.0,Fair
2025-10-20,11:00 PM,47.5,40.9,78,S,5.4,9.4,29.13,0.0,Fair
2025-10-21,12:00 AM,46.9,40.4,78,S,6.2,11.0,29.12,0.0,Fair
2025-10-21,1:00 AM,46.5,39.3,76,S,6.1,11.2,29.1,0.0,Fair
2025-10-21,2:00 AM,44.5,37.9,77,S,6.9,11.6,29.1,0.0,Fair
2025-10-21,3:00 AM,43.7,36.7,76,S,7.3,13.4,29.09,0.0,Fair
2025-10-21,4:00 AM,43.7,35.9,74,S,8.1,15.2,29.07,0.0,Fair
2025-10-21,5:00 AM,44.1,35.8,72,S,8.5,16.6,29.04,0.0,Fair
2025-10-21,6:00 AM,44.5,35.8,71,S,9.3,18.1,29.02,0.0,Fair
2025-10-21,7:00 AM,45.1,36.1,71,SSW,9.7,19.5,29.01,0.0,Fair
2025-10-21,8:00 AM,46.3,37.3,71,SSW,10.7,19.7,29.0,0.0,Fair
2025-10-21,9:00 AM,48.5,38.8,69,SSW,8.6,21.5,29.01,0.0,Cloudy
2025-10-21,10:00 AM,50.8,40.4,67,SSW,8.9,19.0,29.01,0.0,Cloudy
2025-10-21,11:00 AM,50.1,44.3,81,SSW,10.1,21.3,29.01,0.118,Rain
2025-10-21,12:00 PM,50.1,45.7,85,SSW,9.5,20.1,29.0,0.008,Light Drizzle
2025-10-21,1:00 PM,56.9,46.3,68,SW,10.5,24.2,28.98,0.0,Fair
2025-10-21,2:00 PM,59.4,46.0,61,SW,10.5,24.4,28.96,0.0,Fair
2025-10-21,3:00 PM,61.0,45.6,57,SW,9.6,23.7,28.94,0.0,Fair
2025-10-21,4:00 PM,61.7,44.0,52,SW,10.1,22.6,28.92,0.0,Fair
2025-10-21,5:00 PM,60.9,42.8,51,SW,9.2,22.6,28.91,0.0,Fair
2025-10-21,6:00 PM,58.4,43.1,57,SW,6.9,19.5,28.91,0.0,Fair
2025-10-21,7:00 PM,53.9,43.3,67,SW,4.1,13.9,28.91,0.0,Fair
2025-10-21,8:00 PM,52.8,45.5,76,SSW,6.6,10.1,28.92,0.0,Fair
2025-10-21,9:00 PM,51.4,44.6,78,WSW,7.7,13.9,28.94,0.0,Fair
2025-10-21,10:00 PM,50.4,40.3,68,WNW,7.6,18.3,28.96,0.0,Fair
2025-10-21,11:00 PM,48.7,40.7,74,W,7.1,15.0,28.95,0.0,Fair
2025-10-22,12:00 AM,47.5,42.4,82,WSW,8.7,22.6,28.97,0.008,Light Drizzle
2025-10-22,1:00 AM,48.5,42.4,79,WSW,7.7,17.2,28.96,0.0,Cloudy
2025-10-22,2:00 AM,46.6,42.8,87,SW,8.4,17.9,28.95,0.0,Cloudy
2025-10-22,3:00 AM,47.4,41.1,79,SW,8.6,17.4,28.95,0.0,Fair
2025-10-22,4:00 AM,45.9,40.2,80,SW,8.9,17.7,28.94,0.0,Fair
2025-10-22,5:00 AM,45.6,38.3,76,SW,10.0,20.6,28.94,0.0,Fair
2025-10-22,6:00 AM,45.2,37.3,74,SW,9.7,20.4,28.94,0.0,Fair
2025-10-22,7:00 AM,44.9,36.7,73,SW,9.8,20.1,28.95,0.0,Fair
2025-10-22,8:00 AM,46.9,37.0,68,SW,10.4,20.6,28.95,0.0,Cloudy
2025-10-22,9:00 AM,47.9,37.1,66,SW,9.8,22.4,28.97,0.0,Cloudy
2025-10-22,10:00 AM,48.7,36.7,63,SW,11.9,25.5,28.98,0.0,Cloudy
2025-10-22,11:00 AM,48.6,36.9,64,SW,12.1,25.9,28.98,0.0,Cloudy
2025-10-22,12:00 PM,50.3,35.8,57,WSW,16.1,32.0,28.97,0.0,Cloudy
2025-10-22,1:00 PM,51.8,35.0,53,WSW,16.7,35.8,28.96,0.0,Cloudy
2025-10-22,2:00 PM,48.1,36.7,64,WSW,14.3,36.9,28.97,0.0,Cloudy
2025-10-22,3:00 PM,47.0,39.0,74,WSW,14.2,31.3,28.99,0.012,Light Drizzle
2025-10-22,4:00 PM,46.8,38.8,74,WSW,11.5,30.0,28.99,0.004,Light Drizzle
2025-10-22,5:00 PM,48.0,38.6,70,WSW,14.2,29.3,28.99,0.0,Cloudy
2025-10-22,6:00 PM,48.3,37.0,65,WSW,12.8,32.7,29.0,0.0,Cloudy
2025-10-22,7:00 PM,47.9,37.1,66,WSW,11.8,26.8,29.01,0.0,Partly Cloudy
2025-10-22,8:00 PM,47.7,37.4,67,WSW,13.0,24.8,29.05,0.0,Partly Cloudy
2025-10-22,9:00 PM,45.7,36.5,70,WSW,12.9,27.3,29.05,0.0,Partly Cloudy
2025-10-22,10:00 PM,44.7,35.9,71,WSW,12.4,26.8,29.06,0.0,Cloudy
2025-10-22,11:00 PM,44.5,35.6,71,WSW,11.5,25.7,29.07,0.0,Cloudy
2025-10-23,12:00 AM,44.7,35.6,70,WSW,10.5,23.5,29.06,0.0,Cloudy
2025-10-23,1:00 AM,44.4,37.1,75,WSW,10.2,21.9,29.07,0.004,Light Drizzle
2025-10-23,2:00 AM,45.1,37.2,74,WSW,11.0,21.0,29.06,0.091,Light Rain
2025-10-23,3:00 AM,44.4,37.5,76,WSW,10.4,22.6,29.07,0.0,Fair
2025-10-23,4:00 AM,43.6,37.5,79,WSW,10.0,21.7,29.07,0.0,Fair
2025-10-23,5:00 AM,42.8,37.1,80,WSW,9.7,20.6,29.08,0.0,Fair
2025-10-23,6:00 AM,41.9,36.9,82,WSW,9.7,20.1,29.1,0.0,Fair
2025-10-23,7:00 AM,41.3,36.6,83,WSW,9.2,19.9,29.11,0.0,Fair
2025-10-23,8:00 AM,44.5,37.9,77,WSW,9.4,18.3,29.13,0.0,Cloudy
2025-10-23,9:00 AM,45.0,37.2,74,WSW,10.1,20.8,29.15,0.0,Cloudy
2025-10-23,10:00 AM,46.5,36.6,68,W,13.9,30.4,29.17,0.0,Cloudy
2025-10-23,11:00 AM,48.7,36.3,62,W,13.2,29.8,29.18,0.0,Cloudy
2025-10-23,12:00 PM,49.1,36.8,62,W,11.2,28.4,29.18,0.0,Cloudy
2025-10-23,1:00 PM,49.7,37.7,63,W,10.4,25.7,29.18,0.0,Cloudy
2025-10-23,2:00 PM,50.0,37.9,63,W,10.3,26.2,29.19,0.0,Cloudy
2025-10-23,3:00 PM,51.0,37.1,59,W,10.5,24.6,29.18,0.0,Cloudy
2025-10-23,4:00 PM,50.2,36.9,60,W,11.4,24.6,29.18,0.004,Light Drizzle
2025-10-23,5:00 PM,47.9,38.8,71,W,5.8,24.8,29.2,0.004,Light Drizzle
2025-10-23,6:00 PM,48.0,38.6,70,W,6.5,14.3,29.21,0.0,Fair
2025-10-23,7:00 PM,46.0,37.9,73,W,6.2,13.4,29.22,0.0,Fair
2025-10-23,8:00 PM,45.5,38.7,77,W,6.1,12.1,29.25,0.0,Partly Cloudy
2025-10-23,9:00 PM,44.7,38.4,78,W,6.1,11.2,29.26,0.0,Fair
2025-10-23,10:00 PM,43.8,37.9,80,W,5.8,11.4,29.26,0.0,Fair
2025-10-23,11:00 PM,42.6,37.9,83,WSW,4.5,10.7,29.27,0.0,Fair
2025-10-24,12:00 AM,41.9,37.9,85,WSW,5.2,9.4,29.27,0.0,Fair
2025-10-24,1:00 AM,41.3,37.7,87,WSW,6.3,11.2,29.28,0.0,Fair
2025-10-24,2:00 AM,39.7,37.1,91,WSW,5.9,11.4,29.27,0.0,Fair
2025-10-24,3:00 AM,39.1,36.6,91,WSW,6.0,10.7,29.28,0.0,Fair
2025-10-24,4:00 AM,38.4,36.2,92,WSW,6.3,11.6,29.28,0.0,Fair
2025-10-24,5:00 AM,37.8,36.0,93,WSW,6.6,12.3,29.29,0.0,Fair
2025-10-24,6:00 AM,37.2,35.8,94,WSW,6.2,12.1,29.32,0.0,Fair
2025-10-24,7:00 AM,36.9,35.8,96,W,6.3,11.9,29.33,0.0,Fair
2025-10-24,8:00 AM,36.9,35.7,95,WSW,6.1,11.9,29.35,0.0,Fair
2025-10-24,9:00 AM,39.4,36.5,89,WSW,5.1,11.6,29.38,0.004,Light Drizzle
2025-10-24,10:00 AM,43.0,38.3,83,WSW,5.8,13.9,29.4,0.004,Light Drizzle
2025-10-24,11:00 AM,46.9,37.8,70,WNW,7.0,15.9,29.41,0.004,Light Drizzle
2025-10-24,12:00 PM,49.1,36.4,61,WNW,8.8,20.4,29.41,0.004,Light Drizzle
2025-10-24,1:00 PM,50.2,34.6,55,WNW,8.9,21.3,29.4,0.0,Cloudy
2025-10-24,2:00 PM,50.3,34.8,55,WNW,9.8,21.7,29.4,0.0,Cloudy
2025-10-24,3:00 PM,50.5,35.0,55,WNW,9.5,21.9,29.4,0.0,Cloudy
2025-10-24,4:00 PM,51.0,34.3,53,WNW,8.4,20.8,29.4,0.0,Cloudy
2025-10-24,5:00 PM,49.9,34.3,55,WNW,7.3,19.2,29.4,0.0,Partly Cloudy
2025-10-24,6:00 PM,49.0,35.2,59,NW,4.9,15.0,29.41,0.0,Cloudy
2025-10-24,7:00 PM,46.7,36.3,67,NW,4.3,10.3,29.41,0.0,Cloudy
2025-10-24,8:00 PM,46.3,38.8,75,WSW,1.8,8.1,29.45,0.0,Cloudy
2025-10-24,9:00 PM,46.5,38.7,74,WSW,2.0,3.6,29.46,0.0,Cloudy
2025-10-24,10:00 PM,45.8,39.1,77,SW,2.0,3.8,29.47,0.0,Cloudy
2025-10-24,11:00 PM,45.3,39.8,81,S,1.8,3.6,29.47,0.0,Cloudy
2025-10-25,12:00 AM,44.2,39.1,82,SSW,0.5,3.1,29.47,0.0,Fair
2025-10-25,1:00 AM,42.6,39.0,87,WSW,1.6,2.2,29.47,0.0,Fair
2025-10-25,2:00 AM,41.3,38.3,89,SW,2.6,4.3,29.49,0.0,Fair
2025-10-25,3:00 AM,40.4,37.8,90,SW,3.5,6.0,29.49,0.0,Fair
2025-10-25,4:00 AM,39.1,36.6,91,SW,4.5,7.8,29.5,0.0,Fair
2025-10-25,5:00 AM,38.0,35.2,90,SW,4.6,8.5,29.51,0.0,Fair
2025-10-25,6:00 AM,37.1,34.7,91,SW,3.1,8.1,29.5,0.0,Fair
2025-10-25,7:00 AM,36.1,34.1,92,WSW,2.5,5.4,29.52,0.0,Fair
2025-10-25,8:00 AM,35.2,34.9,99,WSW,1.3,4.5,29.53,0.0,Cloudy
2025-10-25,9:00 AM,39.2,37.0,92,NE,0.6,3.6,29.56,0.0,Cloudy
2025-10-25,10:00 AM,44.6,38.8,80,SSE,1.2,5.6,29.58,0.0,Cloudy
2025-10-25,11:00 AM,49.2,37.9,65,S,1.7,7.6,29.58,0.0,Cloudy
2025-10-25,12:00 PM,52.1,36.1,54,S,1.2,7.4,29.57,0.0,Cloudy
2025-10-25,1:00 PM,53.5,34.3,48,SW,1.5,7.4,29.56,0.0,Cloudy
2025-10-25,2:00 PM,54.0,33.4,46,WSW,1.7,8.9,29.55,0.0,Cloudy
2025-10-25,3:00 PM,54.9,33.4,44,WSW,1.3,7.2,29.53,0.0,Cloudy
2025-10-25,4:00 PM,54.9,32.8,43,WSW,1.0,6.3,29.52,0.0,Cloudy
2025-10-25,5:00 PM,54.2,32.9,44,WNW,0.9,4.7,29.52,0.0,Cloudy
2025-10-25,6:00 PM,51.4,39.4,63,SE,0.9,2.5,29.5,0.0,Cloudy
2025-10-25,7:00 PM,48.4,37.5,66,S,1.6,2.9,29.51,0.0,Cloudy
2025-10-25,8:00 PM,45.9,37.7,73,SW,2.2,3.4,29.51,0.0,Cloudy
2025-10-25,9:00 PM,44.9,38.0,77,WSW,2.8,4.7,29.51,0.0,Fair
2025-10-25,10:00 PM,43.3,37.1,79,WSW,0.9,4.7,29.51,0.0,Fair
2025-10-25,11:00 PM,42.1,37.1,82,E,0.1,1.8,29.52,0.0,Fair
2025-10-26,12:00 AM,40.8,37.1,87,E,0.6,1.3,29.52,0.0,Fair
2025-10-26,1:00 AM,39.7,36.9,90,ESE,0.8,1.8,29.51,0.0,Fair
2025-10-26,2:00 AM,39.1,36.9,92,NE,0.3,1.8,29.51,0.0,Fair
2025-10-26,3:00 AM,38.1,36.9,95,NE,0.6,1.6,29.5,0.0,Fair
2025-10-26,4:00 AM,37.7,36.4,95,NE,2.5,4.3,29.5,0.0,Fair
2025-10-26,5:00 AM,37.9,35.5,91,ENE,3.7,6.3,29.5,0.0,Partly Cloudy
2025-10-26,6:00 AM,37.9,35.2,90,NE,3.8,6.5,29.51,0.0,Fair
2025-10-26,7:00 AM,38.4,35.2,88,NE,4.6,7.6,29.52,0.0,Fair
2025-10-26,8:00 AM,36.1,33.9,92,NE,3.9,8.9,29.52,0.0,Fair
2025-10-26,9:00 AM,39.5,35.8,87,NE,4.7,8.7,29.55,0.0,Fair
2025-10-26,10:00 AM,45.5,38.3,76,NE,3.0,8.7,29.58,0.0,Fair
2025-10-26,11:00 AM,51.0,38.4,62,NE,4.6,12.3,29.59,0.0,Fair
2025-10-26,12:00 PM,54.1,36.8,52,ENE,6.4,16.1,29.57,0.0,Fair
2025-10-26,1:00 PM,55.5,35.7,47,ENE,7.6,18.8,29.54,0.0,Fair
2025-10-26,2:00 PM,56.2,35.5,46,NE,8.3,20.1,29.5,0.0,Fair
2025-10-26,3:00 PM,56.5,36.1,46,ENE,7.4,19.9,29.49,0.0,Fair
2025-10-26,4:00 PM,56.3,35.9,46,ENE,6.8,17.7,29.48,0.0,Fair
2025-10-26,5:00 PM,55.2,35.7,48,ENE,6.5,16.1,29.47,0.0,Fair
2025-10-26,6:00 PM,51.5,37.9,60,NE,3.7,14.3,29.47,0.0,Fair
2025-10-26,7:00 PM,48.6,36.9,64,NE,5.2,8.7,29.48,0.0,Fair
2025-10-26,8:00 PM,47.1,36.1,65,NE,7.4,13.2,29.48,0.0,Fair
2025-10-26,9:00 PM,45.9,35.2,66,NE,6.9,13.6,29.48,0.0,Partly Cloudy
2025-10-26,10:00 PM,44.7,34.7,68,NE,6.6,12.8,29.48,0.0,Fair
2025-10-26,11:00 PM,43.9,34.2,68,ENE,6.5,11.9,29.49,0.0,Fair
2025-10-27,12:00 AM,42.9,33.8,70,NE,7.3,13.6,29.48,0.0,Partly Cloudy
2025-10-27,1:00 AM,41.2,33.8,75,NE,7.0,13.6,29.48,0.0,Fair
2025-10-27,2:00 AM,40.4,32.6,74,ENE,7.2,13.2,29.45,0.0,Fair
2025-10-27,3:00 AM,39.3,32.8,77,ENE,7.1,13.4,29.45,0.0,Fair
2025-10-27,4:00 AM,38.7,32.8,79,ENE,7.0,13.2,29.44,0.0,Fair
2025-10-27,5:00 AM,38.4,32.7,80,ENE,7.1,13.2,29.42,0.0,Fair
2025-10-27,6:00 AM,38.2,32.5,80,ENE,7.0,13.6,29.43,0.0,Fair
2025-10-27,7:00 AM,37.9,32.5,80,ENE,6.9,13.2,29.43,0.0,Fair
2025-10-27,8:00 AM,38.3,31.8,77,ENE,7.7,13.4,29.43,0.0,Fair
2025-10-27,9:00 AM,40.8,33.6,75,ENE,7.8,14.1,29.45,0.0,Fair
2025-10-27,10:00 AM,45.7,34.9,66,ENE,6.8,15.4,29.44,0.0,Fair
2025-10-27,11:00 AM,50.3,36.4,59,E,7.7,18.1,29.44,0.0,Fair
2025-10-27,12:00 PM,53.7,37.9,55,E,7.5,18.6,29.42,0.0,Fair
2025-10-27,1:00 PM,56.5,39.1,52,E,7.6,18.6,29.4,0.0,Partly Cloudy
2025-10-27,2:00 PM,58.5,37.7,46,E,8.3,20.4,29.36,0.0,Cloudy
2025-10-27,3:00 PM,58.8,38.1,46,E,8.8,20.4,29.34,0.0,Partly Cloudy
2025-10-27,4:00 PM,58.6,38.1,47,E,9.5,21.5,29.32,0.0,Cloudy
2025-10-27,5:00 PM,57.4,37.6,47,E,9.1,21.3,29.32,0.0,Cloudy
2025-10-27,6:00 PM,54.2,37.9,54,E,7.6,19.2,29.33,0.0,Cloudy
2025-10-27,7:00 PM,50.6,37.5,61,ENE,7.7,15.4,29.34,0.0,Cloudy
2025-10-27,8:00 PM,49.5,36.7,61,E,8.3,16.8,29.35,0.0,Cloudy
2025-10-27,9:00 PM,48.3,36.3,63,E,8.6,17.0,29.36,0.0,Cloudy
2025-10-27,10:00 PM,47.4,35.5,63,E,8.7,17.2,29.36,0.0,Cloudy
2025-10-27,11:00 PM,46.4,34.0,62,E,9.2,18.3,29.36,0.0,Partly Cloudy
2025-10-28,12:00 AM,45.2,31.9,59,E,9.4,18.8,29.36,0.0,Fair
2025-10-28,1:00 AM,44.3,30.5,58,E,9.0,19.0,29.36,0.0,Fair
2025-10-28,2:00 AM,43.7,29.8,58,E,9.4,17.7,29.36,0.0,Fair
2025-10-28,3:00 AM,42.6,29.9,61,ENE,9.2,18.3,29.36,0.0,Fair
2025-10-28,4:00 AM,42.0,29.9,62,E,9.6,19.2,29.36,0.0,Partly Cloudy
2025-10-28,5:00 AM,41.5,29.8,63,E,9.6,19.5,29.36,0.0,Cloudy
2025-10-28,6:00 AM,40.7,29.5,64,E,8.8,19.2,29.36,0.0,Cloudy
2025-10-28,7:00 AM,39.6,29.6,67,E,7.5,17.7,29.37,0.0,Cloudy
2025-10-28,8:00 AM,38.5,30.2,72,ENE,8.5,15.2,29.37,0.0,Fair
2025-10-28,9:00 AM,40.7,31.9,71,ENE,7.4,17.7,29.39,0.0,Fair
2025-10-28,10:00 AM,44.6,32.8,63,ENE,8.9,19.5,29.41,0.0,Fair
2025-10-28,11:00 AM,47.8,32.4,55,E,10.6,24.2,29.4,0.0,Fair
2025-10-28,12:00 PM,50.4,33.4,52,E,10.9,25.1,29.38,0.0,Fair
2025-10-28,1:00 PM,52.3,34.4,51,E,11.5,26.4,29.35,0.0,Fair
2025-10-28,2:00 PM,54.1,34.9,48,E,10.9,26.8,29.33,0.0,Fair
2025-10-28,3:00 PM,55.2,34.2,45,E,10.6,25.1,29.31,0.0,Fair
2025-10-28,4:00 PM,55.0,32.5,42,E,10.5,24.2,29.3,0.0,Fair
2025-10-28,5:00 PM,53.8,31.7,43,E,9.5,23.3,29.3,0.0,Fair
2025-10-28,6:00 PM,50.9,33.0,50,E,7.4,20.6,29.29,0.0,Fair
2025-10-28,7:00 PM,47.3,33.4,58,ENE,7.0,15.0,29.3,0.0,Fair
2025-10-28,8:00 PM,45.7,32.5,60,E,7.0,13.9,29.3,0.0,Fair
2025-10-28,9:00 PM,44.7,32.5,62,E,7.0,13.4,29.31,0.0,Fair
2025-10-28,10:00 PM,43.7,31.5,62,E,6.9,13.2,29.31,0.0,Fair
2025-10-28,11:00 PM,42.6,30.9,63,E,7.1,13.2,29.3,0.0,Fair
2025-10-29,12:00 AM,41.8,31.0,65,E,7.1,13.2,29.29,0.0,Fair
2025-10-29,1:00 AM,41.3,31.3,67,E,7.2,13.9,29.28,0.0,Fair
2025-10-29,2:00 AM,40.6,31.2,69,ESE,7.1,13.9,29.28,0.0,Fair
2025-10-29,3:00 AM,39.7,31.5,72,E,6.2,13.2,29.28,0.0,Fair
2025-10-29,4:00 AM,39.4,31.6,73,E,7.4,13.2,29.26,0.0,Fair
2025-10-29,5:00 AM,39.4,31.8,74,E,7.7,15.2,29.24,0.0,Fair
2025-10-29,6:00 AM,39.3,32.5,76,E,7.0,14.8,29.25,0.0,Cloudy
2025-10-29,7:00 AM,39.0,33.1,79,ENE,6.7,13.2,29.25,0.0,Cloudy
2025-10-29,8:00 AM,39.1,33.2,79,ENE,8.2,13.6,29.24,0.0,Cloudy
2025-10-29,9:00 AM,41.1,34.5,77,ENE,8.2,15.9,29.25,0.0,Cloudy
2025-10-29,10:00 AM,44.9,35.2,69,ENE,7.5,17.0,29.23,0.0,Cloudy
2025-10-29,11:00 AM,48.6,36.1,62,E,10.0,22.4,29.22,0.0,Cloudy
2025-10-29,12:00 PM,51.1,37.0,59,E,9.9,23.7,29.2,0.0,Cloudy
2025-10-29,1:00 PM,50.2,37.6,62,E,9.2,22.6,29.18,0.0,Cloudy
2025-10-29,2:00 PM,51.6,38.4,60,E,10.3,22.6,29.15,0.0,Cloudy
2025-10-29,3:00 PM,51.5,40.3,65,E,7.8,21.7,29.13,0.004,Light Drizzle
2025-10-29,4:00 PM,50.7,42.5,73,ENE,8.5,17.2,29.12,0.004,Light Drizzle
2025-10-29,5:00 PM,49.7,42.8,77,ENE,10.1,20.6,29.1,0.004,Light Drizzle
2025-10-29,6:00 PM,48.2,42.2,80,E,10.7,23.3,29.1,0.004,Light Drizzle
2025-10-29,7:00 PM,47.7,41.3,78,E,10.5,21.7,29.12,0.0,Cloudy
2025-10-29,8:00 PM,45.7,44.6,96,ENE,9.6,23.0,29.11,0.004,Light Drizzle
2025-10-29,9:00 PM,45.4,44.4,96,ENE,9.8,20.1,29.09,0.035,Drizzle
2025-10-29,10:00 PM,45.1,44.2,97,ENE,10.2,19.7,29.07,0.035,Drizzle
2025-10-29,11:00 PM,45.0,44.1,97,ENE,10.2,20.4,29.05,0.02,Drizzle
2025-10-30,12:00 AM,45.0,44.2,97,ENE,10.2,20.1,29.02,0.031,Drizzle
2025-10-30,1:00 AM,45.6,44.2,95,ENE,10.2,20.4,28.98,0.008,Light Drizzle
2025-10-30,2:00 AM,45.1,44.4,98,ENE,9.4,19.9,28.95,0.004,Light Drizzle
2025-10-30,3:00 AM,45.4,44.8,98,NE,9.9,19.5,28.9,0.02,Drizzle
2025-10-30,4:00 AM,46.0,44.9,96,ENE,10.6,22.4,28.87,0.028,Drizzle
2025-10-30,5:00 AM,46.1,45.6,98,ENE,9.7,20.8,28.83,0.024,Drizzle
2025-10-30,6:00 AM,46.4,45.7,97,ENE,7.6,20.8,28.81,0.122,Rain
2025-10-30,7:00 AM,46.8,46.0,97,ENE,10.2,19.7,28.79,0.138,Rain
2025-10-30,8:00 AM,46.5,45.7,97,ENE,8.4,20.4,28.78,0.035,Drizzle
2025-10-30,9:00 AM,46.9,45.7,96,ENE,7.7,16.3,28.75,0.0,Cloudy
2025-10-30,10:00 AM,48.0,46.2,93,ENE,7.5,15.0,28.74,0.004,Light Drizzle
2025-10-30,11:00 AM,48.4,47.1,95,NE,3.5,14.5,28.71,0.02,Drizzle
2025-10-30,12:00 PM,50.3,47.7,91,E,1.0,9.2,28.69,0.028,Drizzle
2025-10-30,1:00 PM,49.2,48.6,98,SSE,1.3,6.9,28.68,0.079,Light Rain
2025-10-30,2:00 PM,48.4,47.4,96,SSW,2.9,8.1,28.67,0.106,Rain
2025-10-30,3:00 PM,48.4,47.9,98,SW,7.0,12.5,28.66,0.083,Light Rain
2025-10-30,4:00 PM,48.7,47.4,95,WSW,9.3,17.9,28.66,0.012,Light Drizzle
2025-10-30,5:00 PM,49.5,46.8,90,WSW,10.3,23.5,28.66,0.004,Light Drizzle
2025-10-30,6:00 PM,48.2,46.5,94,WSW,10.9,21.0,28.67,0.016,Light Drizzle
2025-10-30,7:00 PM,47.5,46.7,97,WSW,10.4,21.5,28.66,0.016,Light Drizzle
2025-10-30,8:00 PM,46.6,46.0,98,WNW,11.8,23.5,28.71,0.012,Light Drizzle
2025-10-30,9:00 PM,46.2,45.5,97,NW,11.8,24.6,28.74,0.02,Drizzle
2025-10-30,10:00 PM,45.9,44.6,95,WNW,12.3,23.9,28.76,0.012,Light Drizzle
2025-10-30,11:00 PM,45.2,43.7,94,WNW,13.6,26.6,28.77,0.004,Light Drizzle
2025-10-31,12:00 AM,44.7,42.9,93,WNW,14.0,28.6,28.79,0.004,Light Drizzle
2025-10-31,1:00 AM,44.6,42.0,90,WNW,13.5,28.4,28.8,0.004,Light Drizzle
2025-10-31,2:00 AM,44.2,41.7,91,WNW,11.8,27.5,28.8,0.008,Light Drizzle
2025-10-31,3:00 AM,44.1,40.8,88,W,11.9,24.4,28.81,0.0,Fair
2025-10-31,4:00 AM,42.2,38.8,88,W,11.5,24.4,28.82,0.0,Fair
2025-10-31,5:00 AM,40.7,36.6,85,W,10.9,23.5,28.82,0.0,Fair
2025-10-31,6:00 AM,39.9,35.8,85,W,10.2,22.1,28.84,0.0,Fair
2025-10-31,7:00 AM,38.9,36.1,90,W,9.1,20.6,28.84,0.0,Fair
2025-10-31,8:00 AM,38.9,37.3,94,W,9.6,18.6,28.85,0.0,Cloudy
2025-10-31,9:00 AM,40.3,37.3,89,W,11.2,23.7,28.87,0.0,Fair
2025-10-31,10:00 AM,43.2,36.8,78,W,11.8,27.1,28.89,0.0,Fair
2025-10-31,11:00 AM,46.5,36.6,68,WSW,11.8,26.2,28.9,0.0,Fair
2025-10-31,12:00 PM,49.5,37.3,63,W,13.2,29.8,28.9,0.0,Cloudy
2025-10-31,1:00 PM,50.6,36.3,58,W,14.4,31.3,28.9,0.0,Fair
2025-10-31,2:00 PM,50.6,37.2,60,W,16.1,41.6,28.91,0.004,Light Drizzle
2025-10-31,3:00 PM,50.6,36.1,57,W,17.7,38.0,28.92,0.0,Cloudy
2025-10-31,4:00 PM,50.7,35.7,56,W,17.4,37.1,28.94,0.0,Cloudy
2025-10-31,5:00 PM,50.9,36.7,58,W,13.4,36.9,28.96,0.0,Cloudy
2025-10-31,6:00 PM,50.2,37.1,61,W,10.5,27.7,28.98,0.0,Cloudy
2025-10-31,7:00 PM,49.5,37.0,62,W,9.7,21.9,28.99,0.0,Cloudy
2025-10-31,8:00 PM,49.5,37.2,63,W,9.8,19.9,29.03,0.0,Cloudy
2025-10-31,9:00 PM,49.0,37.0,63,W,10.2,21.3,29.04,0.0,Cloudy
2025-10-31,10:00 PM,48.8,36.4,62,W,9.7,21.3,29.06,0.0,Cloudy
2025-10-31,11:00 PM,48.0,35.5,62,W,9.5,20.1,29.07,0.0,Cloudy
2025-11-01,12:00 AM,47.4,35.3,63,W,8.8,19.5,29.08,0.0,Cloudy
2025-11-01,1:00 AM,46.0,35.3,66,W,8.7,18.1,29.08,0.0,Fair
2025-11-01,2:00 AM,45.1,36.0,70,WSW,9.3,17.7,29.1,0.0,Fair
2025-11-01,3:00 AM,44.1,36.2,74,WSW,8.3,18.1,29.11,0.0,Fair
2025-11-01,4:00 AM,41.9,36.3,80,WSW,7.8,16.8,29.12,0.0,Fair
2025-11-01,5:00 AM,40.4,36.2,85,WSW,7.7,15.0,29.13,0.0,Cloudy
2025-11-01,6:00 AM,40.0,36.1,86,WSW,7.8,15.4,29.14,0.0,Cloudy
2025-11-01,7:00 AM,39.5,35.9,87,WSW,6.6,15.0,29.15,0.0,Cloudy
2025-11-01,8:00 AM,42.3,36.7,80,SW,5.7,12.8,29.17,0.0,Cloudy
2025-11-01,9:00 AM,43.2,37.6,81,SW,4.7,11.4,29.2,0.0,Partly Cloudy
2025-11-01,10:00 AM,45.9,38.8,76,SW,5.9,14.3,29.21,0.0,Cloudy
2025-11-01,11:00 AM,48.8,39.9,71,SW,7.0,17.0,29.21,0.0,Fair
2025-11-01,12:00 PM,51.7,40.7,66,WSW,8.3,20.1,29.22,0.0,Partly Cloudy
2025-11-01,1:00 PM,54.1,39.7,58,WSW,9.3,21.9,29.22,0.0,Fair
2025-11-01,2:00 PM,56.3,35.9,46,W,9.7,23.5,29.21,0.0,Fair
2025-11-01,3:00 PM,56.7,33.2,41,W,11.2,25.1,29.2,0.0,Cloudy
2025-11-01,4:00 PM,55.1,33.9,45,WNW,10.2,24.8,29.21,0.0,Cloudy
2025-11-01,5:00 PM,54.4,34.6,47,W,6.3,22.1,29.22,0.0,Cloudy
2025-11-01,6:00 PM,51.3,38.0,60,W,3.0,13.2,29.22,0.0,Cloudy
2025-11-01,7:00 PM,48.0,37.6,67,W,3.3,5.6,29.23,0.0,Cloudy
2025-11-01,8:00 PM,48.9,37.8,65,WSW,3.9,5.6,29.25,0.0,Fair
2025-11-01,9:00 PM,46.5,38.1,72,WSW,2.7,6.9,29.25,0.0,Fair
2025-11-01,10:00 PM,44.5,36.8,74,W,2.2,4.9,29.26,0.0,Fair
2025-11-01,11:00 PM,43.4,36.4,76,S,1.0,4.0,29.28,0.0,Cloudy
2025-11-02,12:00 AM,42.5,37.9,84,SSE,2.8,6.7,29.28,0.0,Cloudy
2025-11-02,1:00 AM,42.4,37.9,84,S,1.3,4.3,29.28,0.0,Cloudy
2025-11-02,2:00 AM,40.1,36.8,88,SW,2.8,2.7,29.3,0.0,Cloudy
2025-11-02,3:00 AM,40.3,37.1,88,SSW,2.6,5.4,29.31,0.0,Cloudy
2025-11-02,4:00 AM,39.7,37.1,90,S,2.3,4.5,29.31,0.0,Partly Cloudy
2025-11-02,5:00 AM,39.1,37.0,92,S,2.6,4.3,29.32,0.0,Partly Cloudy
2025-11-02,6:00 AM,38.9,37.0,93,SSW,2.7,4.5,29.35,0.0,Cloudy
2025-11-02,7:00 AM,39.2,37.2,93,WSW,2.2,4.5,29.36,0.0,Cloudy
2025-11-02,8:00 AM,38.9,37.0,93,S,3.1,3.8,29.37,0.0,Cloudy
2025-11-02,9:00 AM,40.7,38.1,90,SSE,2.3,5.8,29.4,0.0,Cloudy
2025-11-02,10:00 AM,43.2,38.8,84,SE,0.7,5.4,29.42,0.0,Cloudy
2025-11-02,11:00 AM,45.0,39.4,81,E,0.4,4.0,29.43,0.0,Cloudy
2025-11-02,12:00 PM,48.2,40.0,73,SE,1.3,5.6,29.43,0.0,Cloudy
2025-11-02,1:00 PM,52.7,41.5,65,SE,1.7,7.4,29.41,0.0,Cloudy
2025-11-02,2:00 PM,55.7,41.3,58,SSE,1.7,8.5,29.38,0.0,Fair
2025-11-02,3:00 PM,56.9,41.6,57,SSW,5.1,12.3,29.37,0.0,Cloudy
2025-11-02,4:00 PM,57.1,41.1,55,SSW,3.6,12.8,29.35,0.0,Cloudy
2025-11-02,5:00 PM,56.6,41.5,57,S,3.5,11.0,29.35,0.0,Cloudy
2025-11-02,6:00 PM,53.9,42.2,64,S,3.4,7.4,29.34,0.0,Partly Cloudy
2025-11-02,7:00 PM,50.7,42.1,72,S,2.8,6.0,29.34,0.0,Fair
2025-11-02,8:00 PM,50.6,41.7,71,SSE,3.1,4.7,29.35,0.0,Cloudy
2025-11-02,9:00 PM,49.6,41.6,74,SSE,3.5,6.0,29.35,0.0,Cloudy
2025-11-02,10:00 PM,48.3,41.2,76,S,3.5,6.5,29.34,0.0,Cloudy
2025-11-02,11:00 PM,46.4,41.0,81,S,2.8,6.0,29.34,0.0,Cloudy
2025-11-03,12:00 AM,46.0,40.8,82,SSE,2.8,5.1,29.32,0.0,Fair
2025-11-03,1:00 AM,43.9,39.2,83,S,3.0,5.1,29.31,0.0,Fair
2025-11-03,2:00 AM,43.0,37.7,81,S,4.4,6.7,29.32,0.0,Fair
2025-11-03,3:00 AM,42.5,37.2,81,S,5.9,10.5,29.32,0.0,Fair
2025-11-03,4:00 AM,41.6,36.9,83,SSW,6.3,11.2,29.31,0.0,Fair
2025-11-03,5:00 AM,40.8,36.9,86,SW,6.4,11.6,29.31,0.0,Fair
2025-11-03,6:00 AM,40.0,37.0,89,SW,6.2,11.6,29.31,0.0,Fair
2025-11-03,7:00 AM,39.4,37.0,91,SW,5.8,11.2,29.29,0.0,Fair
2025-11-03,8:00 AM,38.4,36.6,93,SW,5.5,10.5,29.31,0.0,Fair
2025-11-03,9:00 AM,41.0,38.2,90,SW,7.0,13.2,29.32,0.0,Fair
2025-11-03,10:00 AM,45.3,39.5,80,SW,6.6,15.2,29.33,0.0,Fair
2025-11-03,11:00 AM,48.6,40.0,72,SW,8.9,20.4,29.31,0.0,Cloudy
2025-11-03,12:00 PM,48.6,39.6,71,SW,10.6,23.3,29.27,0.0,Cloudy
2025-11-03,1:00 PM,48.7,38.8,68,SW,11.3,24.2,29.26,0.0,Fair
2025-11-03,2:00 PM,52.8,37.2,55,WSW,13.2,29.5,29.26,0.0,Fair
2025-11-03,3:00 PM,53.9,36.2,51,WSW,13.6,29.8,29.22,0.0,Partly Cloudy
2025-11-03,4:00 PM,54.3,35.6,49,WSW,14.2,30.4,29.21,0.0,Partly Cloudy
2025-11-03,5:00 PM,53.6,36.8,53,W,13.9,30.2,29.21,0.0,Cloudy
2025-11-03,6:00 PM,52.3,39.1,61,W,12.2,29.3,29.22,0.0,Fair
2025-11-03,7:00 PM,50.5,39.1,65,WSW,11.1,25.5,29.23,0.0,Fair
2025-11-03,8:00 PM,50.2,38.6,64,WSW,11.5,22.8,29.26,0.0,Fair
2025-11-03,9:00 PM,48.9,38.2,66,W,11.3,23.0,29.27,0.0,Fair
2025-11-03,10:00 PM,48.3,36.8,64,W,11.5,23.7,29.29,0.0,Fair
2025-11-03,11:00 PM,47.6,34.1,59,WNW,12.1,24.8,29.32,0.0,Fair
2025-11-04,12:00 AM,46.7,31.5,55,WNW,10.9,24.8,29.33,0.0,Fair
2025-11-04,1:00 AM,45.1,30.7,57,W,9.1,22.1,29.34,0.0,Fair
2025-11-04,2:00 AM,43.0,31.1,63,W,8.8,18.3,29.35,0.0,Fair
2025-11-04,3:00 AM,41.6,30.5,64,W,8.3,16.8,29.35,0.0,Fair
2025-11-04,4:00 AM,41.0,30.0,65,W,8.2,16.3,29.36,0.0,Fair
2025-11-04,5:00 AM,39.9,29.7,66,W,7.6,15.9,29.37,0.0,Fair
2025-11-04,6:00 AM,38.9,29.3,68,W,7.2,14.5,29.39,0.0,Fair
2025-11-04,7:00 AM,38.2,29.0,69,W,6.8,13.9,29.41,0.0,Fair
2025-11-04,8:00 AM,37.4,29.8,74,W,5.9,12.8,29.43,0.0,Fair
2025-11-04,9:00 AM,39.2,31.2,73,WSW,6.7,12.5,29.45,0.0,Partly Cloudy
2025-11-04,10:00 AM,43.6,32.4,64,WSW,5.3,12.5,29.47,0.0,Fair
2025-11-04,11:00 AM,48.2,33.4,56,WSW,6.0,14.8,29.47,0.0,Fair
2025-11-04,12:00 PM,52.3,33.8,49,WSW,6.7,16.6,29.47,0.0,Fair
2025-11-04,1:00 PM,55.0,30.9,40,WSW,8.2,19.5,29.45,0.0,Fair
2025-11-04,2:00 PM,57.3,23.7,27,W,8.7,21.3,29.42,0.0,Fair
2025-11-04,3:00 PM,57.7,22.6,26,W,9.0,20.6,29.4,0.0,Fair
2025-11-04,4:00 PM,57.5,22.5,26,W,9.2,20.6,29.38,0.0,Cloudy
2025-11-04,5:00 PM,55.9,25.8,31,WSW,7.0,20.4,29.38,0.0,Cloudy
2025-11-04,6:00 PM,52.3,28.9,40,WSW,5.5,15.0,29.39,0.0,Fair
2025-11-04,7:00 PM,48.6,29.5,47,WSW,5.5,11.0,29.39,0.0,Fair
2025-11-04,8:00 PM,47.1,28.4,48,WSW,5.0,9.8,29.38,0.0,Fair
2025-11-04,9:00 PM,46.0,30.4,54,SW,3.6,8.7,29.36,0.0,Fair
2025-11-04,10:00 PM,45.1,29.7,55,SSW,5.5,8.9,29.35,0.0,Fair
2025-11-04,11:00 PM,43.8,30.7,60,SSW,6.5,11.6,29.34,0.0,Fair
2025-11-05,12:00 AM,43.3,31.6,63,SSW,7.1,13.0,29.33,0.0,Fair
2025-11-05,1:00 AM,43.2,31.8,64,SSW,6.9,13.0,29.31,0.0,Fair
2025-11-05,2:00 AM,42.7,31.4,64,SSW,7.4,12.8,29.29,0.0,Fair
2025-11-05,3:00 AM,41.5,30.9,66,SSW,7.1,13.4,29.28,0.0,Fair
2025-11-05,4:00 AM,40.8,30.7,67,S,7.8,14.8,29.26,0.0,Fair
2025-11-05,5:00 AM,40.8,30.5,66,S,8.6,16.6,29.23,0.0,Fair
2025-11-05,6:00 AM,41.2,30.4,65,SSW,9.1,17.4,29.21,0.0,Fair
2025-11-05,7:00 AM,41.9,30.7,64,SSW,10.0,19.7,29.18,0.0,Fair
2025-11-05,8:00 AM,44.7,33.3,64,SSW,11.1,20.8,29.15,0.0,Fair
2025-11-05,9:00 AM,46.5,35.4,65,SSW,11.4,23.0,29.13,0.0,Fair
2025-11-05,10:00 AM,50.3,37.9,62,SSW,10.3,23.9,29.11,0.0,Fair
2025-11-05,11:00 AM,53.7,39.5,58,SSW,12.5,27.1,29.09,0.0,Cloudy
2025-11-05,12:00 PM,56.6,42.1,58,SW,14.3,30.9,29.06,0.0,Fair
2025-11-05,1:00 PM,59.6,44.7,58,SW,15.4,33.3,29.03,0.0,Fair
2025-11-05,2:00 PM,63.9,45.1,51,SW,15.9,34.9,28.99,0.0,Cloudy
2025-11-05,3:00 PM,64.0,46.0,52,WSW,16.4,35.3,28.97,0.0,Cloudy
2025-11-05,4:00 PM,63.1,46.9,55,WSW,14.7,35.3,28.96,0.0,Fair
2025-11-05,5:00 PM,62.3,47.8,59,WSW,15.7,34.7,28.97,0.0,Cloudy
2025-11-05,6:00 PM,59.5,48.7,67,W,15.2,33.1,28.99,0.004,Light Drizzle
2025-11-05,7:00 PM,56.6,51.4,83,W,15.1,35.6,29.02,0.035,Drizzle
2025-11-05,8:00 PM,58.1,46.9,66,WNW,17.4,37.8,29.05,0.004,Light Drizzle
2025-11-05,9:00 PM,53.3,46.2,77,NW,15.2,37.4,29.1,0.0,Partly Cloudy
2025-11-05,10:00 PM,51.5,40.5,66,NW,13.5,34.0,29.16,0.0,Fair
2025-11-05,11:00 PM,49.1,37.4,64,NW,12.6,28.4,29.21,0.0,Fair
2025-11-06,12:00 AM,47.5,36.9,66,NW,11.1,25.9,29.24,0.0,Partly Cloudy
2025-11-06,1:00 AM,45.9,35.8,68,NW,10.2,23.0,29.26,0.0,Fair
2025-11-06,2:00 AM,43.9,33.8,67,NW,8.6,21.0,29.28,0.0,Fair
2025-11-06,3:00 AM,42.3,33.5,71,WNW,6.7,16.8,29.29,0.0,Fair
2025-11-06,4:00 AM,40.7,33.8,76,W,6.5,13.0,29.31,0.0,Fair
2025-11-06,5:00 AM,39.6,33.1,77,W,7.0,13.4,29.31,0.0,Fair
2025-11-06,6:00 AM,38.7,32.0,77,W,6.8,13.4,29.33,0.0,Fair
2025-11-06,7:00 AM,37.7,31.2,77,W,6.8,13.0,29.34,0.0,Fair
2025-11-06,8:00 AM,36.9,30.9,79,W,7.4,13.4,29.37,0.0,Fair
2025-11-06,9:00 AM,38.3,32.0,78,W,6.6,13.6,29.39,0.0,Fair
2025-11-06,10:00 AM,42.2,32.5,68,W,5.1,12.8,29.4,0.0,Fair
2025-11-06,11:00 AM,46.4,33.1,60,W,5.6,14.3,29.41,0.0,Fair
2025-11-06,12:00 PM,49.3,31.7,51,W,6.2,16.1,29.4,0.0,Fair
2025-11-06,1:00 PM,50.9,30.4,45,WNW,6.9,17.2,29.39,0.0,Fair
2025-11-06,2:00 PM,52.3,28.3,39,WNW,6.9,18.6,29.37,0.0,Fair
2025-11-06,3:00 PM,52.7,28.1,39,WNW,6.7,17.4,29.35,0.0,Partly Cloudy
2025-11-06,4:00 PM,52.3,28.0,39,WNW,6.2,16.6,29.33,0.0,Fair
2025-11-06,5:00 PM,51.4,28.0,40,WNW,5.0,14.8,29.32,0.0,Fair
2025-11-06,6:00 PM,47.3,33.4,58,W,2.6,11.0,29.31,0.0,Cloudy
2025-11-06,7:00 PM,44.8,31.9,60,WSW,1.5,4.3,29.3,0.0,Cloudy
2025-11-06,8:00 PM,43.6,28.8,56,SSE,0.3,2.7,29.3,0.0,Fair
2025-11-06,9:00 PM,41.8,30.8,65,SE,1.8,2.7,29.28,0.0,Fair
2025-11-06,10:00 PM,40.2,31.0,69,SSE,3.4,5.6,29.27,0.0,Partly Cloudy
2025-11-06,11:00 PM,39.5,31.0,71,SSE,3.6,5.8,29.26,0.0,Fair
2025-11-07,12:00 AM,39.5,30.0,69,SSE,5.0,8.7,29.24,0.0,Cloudy
2025-11-07,1:00 AM,39.4,29.2,67,SSE,5.0,8.7,29.21,0.0,Cloudy
2025-11-07,2:00 AM,38.6,28.2,66,SSE,6.2,10.7,29.19,0.0,Cloudy
2025-11-07,3:00 AM,38.5,27.6,65,SSE,7.4,13.6,29.15,0.0,Cloudy
2025-11-07,4:00 AM,38.4,27.4,64,SSE,7.4,14.1,29.12,0.0,Cloudy
2025-11-07,5:00 AM,38.4,26.6,62,SSE,7.5,14.5,29.08,0.0,Cloudy
2025-11-07,6:00 AM,38.9,25.0,57,SSE,7.5,14.5,29.04,0.0,Cloudy
2025-11-07,7:00 AM,39.9,23.7,52,S,7.9,15.4,29.01,0.0,Cloudy
2025-11-07,8:00 AM,43.3,25.7,50,S,11.1,18.3,28.98,0.0,Cloudy
2025-11-07,9:00 AM,45.5,28.7,52,SSW,12.3,24.8,28.96,0.0,Cloudy
2025-11-07,10:00 AM,49.8,33.2,53,SSW,10.3,27.1,28.94,0.0,Cloudy
2025-11-07,11:00 AM,53.0,35.6,52,SSW,11.2,23.5,28.91,0.0,Cloudy
2025-11-07,12:00 PM,57.1,38.6,50,SSW,12.3,25.9,28.87,0.0,Cloudy
2025-11-07,1:00 PM,59.5,41.1,51,SSW,14.8,31.8,28.82,0.0,Cloudy
2025-11-07,2:00 PM,55.1,49.0,80,SW,13.2,33.1,28.82,0.059,Light Rain
2025-11-07,3:00 PM,54.1,50.3,87,SW,14.0,32.4,28.79,0.031,Drizzle
2025-11-07,4:00 PM,57.6,50.8,78,SW,13.9,29.5,28.78,0.0,Cloudy
2025-11-07,5:00 PM,57.2,51.3,81,SW,14.6,33.1,28.78,0.012,Light Drizzle
2025-11-07,6:00 PM,55.3,52.3,89,SW,11.8,29.3,28.77,0.264,Rain
2025-11-07,7:00 PM,55.6,52.9,91,SW,11.3,23.9,28.78,0.004,Light Drizzle
2025-11-07,8:00 PM,55.3,54.5,97,SW,10.5,22.6,28.79,0.0,Cloudy
2025-11-07,9:00 PM,55.7,54.9,97,WSW,10.2,20.8,28.8,0.008,Light Drizzle
2025-11-07,10:00 PM,54.9,53.9,96,WSW,9.2,19.7,28.81,0.004,Light Drizzle
2025-11-07,11:00 PM,54.1,52.6,95,WSW,9.0,17.4,28.81,0.004,Light Drizzle
2025-11-08,12:00 AM,53.5,52.8,97,W,8.9,19.2,28.83,0.028,Drizzle
2025-11-08,1:00 AM,51.9,51.0,97,W,7.1,16.8,28.84,0.004,Light Drizzle
2025-11-08,2:00 AM,50.5,49.8,97,W,6.7,13.2,28.86,0.0,Partly Cloudy
2025-11-08,3:00 AM,48.7,48.2,98,W,5.4,11.9,28.86,0.0,Fair
2025-11-08,4:00 AM,46.7,46.2,98,W,4.2,10.1,28.87,0.0,Fair
2025-11-08,5:00 AM,44.8,44.3,98,SW,3.2,7.8,28.88,0.0,Fair
2025-11-08,6:00 AM,43.4,43.2,99,SW,3.4,5.8,28.9,0.0,Fair
2025-11-08,7:00 AM,42.8,42.6,99,SW,4.1,7.4,28.92,0.0,Fair
2025-11-08,8:00 AM,42.8,42.4,99,S,4.9,7.8,28.94,0.0,Fair
2025-11-08,9:00 AM,45.1,44.9,99,SSW,6.7,12.5,28.96,0.0,Cloudy
2025-11-08,10:00 AM,48.2,47.8,98,SW,10.3,18.1,28.97,0.0,Cloudy
2025-11-08,11:00 AM,51.7,47.5,85,SW,8.7,20.6,28.97,0.0,Partly Cloudy
2025-11-08,12:00 PM,55.6,47.2,73,SW,7.0,19.5,28.97,0.0,Fair
2025-11-08,1:00 PM,58.3,47.4,67,SW,7.5,17.4,28.97,0.004,Light Drizzle
2025-11-08,2:00 PM,57.9,46.8,66,WSW,9.4,21.5,28.95,0.008,Light Drizzle
2025-11-08,3:00 PM,58.6,46.9,65,WSW,9.2,23.5,28.96,0.004,Light Drizzle
2025-11-08,4:00 PM,58.5,45.8,63,WSW,8.9,25.3,28.95,0.0,Cloudy
2025-11-08,5:00 PM,57.0,46.3,67,WSW,7.1,20.4,28.96,0.0,Cloudy
2025-11-08,6:00 PM,55.0,46.8,74,WSW,4.2,14.5,28.96,0.0,Cloudy
2025-11-08,7:00 PM,51.7,46.4,82,WSW,2.9,7.8,28.97,0.0,Cloudy
2025-11-08,8:00 PM,50.5,45.5,83,NW,4.1,5.6,28.99,0.0,Cloudy
2025-11-08,9:00 PM,48.6,45.8,90,N,5.7,9.8,28.99,0.0,Fair
2025-11-08,10:00 PM,45.6,44.5,96,NNE,4.3,10.1,28.99,0.0,Fair
2025-11-08,11:00 PM,43.3,42.6,98,NNE,3.2,7.6,29.0,0.0,Fair
2025-11-09,12:00 AM,41.5,41.0,98,NE,3.1,5.8,28.99,0.0,Cloudy
2025-11-09,1:00 AM,40.6,40.2,99,NE,2.6,5.1,28.97,0.0,Partly Cloudy
2025-11-09,2:00 AM,41.1,40.6,98,ENE,2.9,4.0,28.97,0.0,Cloudy
2025-11-09,3:00 AM,40.4,40.0,99,NNE,1.3,4.7,28.96,0.0,Cloudy
2025-11-09,4:00 AM,41.5,41.1,99,NNW,1.9,4.3,28.96,0.028,Drizzle
2025-11-09,5:00 AM,41.5,41.2,99,ESE,2.0,4.7,28.93,0.004,Light Drizzle
2025-11-09,6:00 AM,41.4,41.1,99,SE,3.8,8.1,28.9,0.0,Fair
2025-11-09,7:00 AM,41.5,41.4,99,SSE,3.5,6.7,28.89,0.0,Partly Cloudy
2025-11-09,8:00 AM,40.7,40.4,99,ESE,2.3,6.3,28.88,0.0,Cloudy
2025-11-09,9:00 AM,43.7,42.4,95,ESE,3.8,5.8,28.86,0.0,Cloudy
2025-11-09,10:00 AM,44.7,44.2,98,WNW,8.5,17.0,28.9,0.024,Drizzle
2025-11-09,11:00 AM,45.4,44.6,97,SSE,1.0,16.3,28.87,0.094,Light Rain
2025-11-09,12:00 PM,47.2,46.1,96,SE,1.4,5.4,28.86,0.016,Light Drizzle
2025-11-09,1:00 PM,51.6,46.8,83,SW,5.9,13.9,28.86,0.0,Cloudy
2025-11-09,2:00 PM,51.6,45.5,80,WSW,9.0,19.2,28.87,0.008,Light Drizzle
2025-11-09,3:00 PM,48.2,45.1,89,W,8.3,24.8,28.89,0.059,Light Rain
2025-11-09,4:00 PM,49.8,42.2,75,W,8.1,18.3,28.89,0.0,Cloudy
2025-11-09,5:00 PM,46.3,43.4,90,WNW,9.2,21.0,28.91,0.031,Drizzle
2025-11-09,6:00 PM,44.8,42.4,91,W,9.6,18.6,28.92,0.004,Light Drizzle
2025-11-09,7:00 PM,42.7,40.6,92,W,11.2,22.1,28.95,0.008,Light Drizzle
2025-11-09,8:00 PM,39.7,39.1,98,W,12.2,24.2,29.0,0.004,Light Drizzle
2025-11-09,9:00 PM,38.2,37.0,96,W,10.7,23.9,29.01,0.02,Drizzle
2025-11-09,10:00 PM,36.9,35.2,94,W,11.2,25.9,29.03,0.004,Light Drizzle
2025-11-09,11:00 PM,36.3,35.3,96,W,10.9,23.7,29.03,0.008,Light Drizzle
2025-11-10,12:00 AM,36.4,35.2,95,WNW,9.2,22.1,29.03,0.008,Light Drizzle
2025-11-10,1:00 AM,36.2,33.9,91,WNW,7.0,19.7,29.05,0.012,Light Drizzle
2025-11-10,2:00 AM,34.3,33.3,96,NW,8.4,17.9,29.07,0.012,Light Snow
2025-11-10,3:00 AM,34.0,33.1,96,WNW,7.0,16.1,29.06,0.0,Fair
2025-11-10,4:00 AM,33.2,32.0,95,WNW,6.5,14.1,29.06,0.012,Light Snow
2025-11-10,5:00 AM,33.3,32.6,98,WNW,5.3,13.4,29.06,0.004,Light Snow
2025-11-10,6:00 AM,32.8,30.8,92,NW,5.5,11.6,29.06,0.012,Light Snow
2025-11-10,7:00 AM,31.5,30.5,96,NNW,5.8,11.0,29.06,0.004,Light Snow
2025-11-10,8:00 AM,31.0,27.3,86,NW,6.1,14.1,29.08,0.0,Fair
2025-11-10,9:00 AM,31.7,26.4,81,NW,7.5,15.7,29.11,0.0,Fair
2025-11-10,10:00 AM,33.3,25.2,72,NNW,7.8,17.9,29.11,0.0,Fair
2025-11-10,11:00 AM,35.3,22.3,59,NNW,9.7,21.9,29.11,0.0,Fair
2025-11-10,12:00 PM,36.5,21.5,54,NNW,9.8,23.3,29.11,0.004,Light Snow
2025-11-10,1:00 PM,37.4,20.4,50,NW,10.6,24.2,29.09,0.008,Light Snow
2025-11-10,2:00 PM,36.3,19.9,51,NW,11.1,25.5,29.08,0.0,Partly Cloudy
2025-11-10,3:00 PM,36.6,22.1,55,NW,10.3,25.5,29.07,0.004,Light Snow
2025-11-10,4:00 PM,34.8,21.7,59,NW,11.7,26.4,29.08,0.016,Light Snow
2025-11-10,5:00 PM,34.3,21.9,60,NW,12.2,25.9,29.09,0.0,Fair
2025-11-10,6:00 PM,32.1,20.5,62,NW,11.3,26.2,29.1,0.0,Partly Cloudy
2025-11-10,7:00 PM,29.8,20.8,69,WNW,12.0,25.1,29.12,0.0,Partly Cloudy
2025-11-10,8:00 PM,28.6,19.3,68,WNW,11.0,25.9,29.15,0.0,Fair
2025-11-10,9:00 PM,28.1,19.3,69,WNW,12.3,25.5,29.15,0.0,Fair
2025-11-10,10:00 PM,26.8,15.9,63,WNW,11.6,25.9,29.16,0.0,Fair
2025-11-10,11:00 PM,25.0,15.4,66,W,11.7,24.6,29.16,0.0,Fair
2025-11-11,12:00 AM,24.1,14.0,65,W,11.2,24.4,29.15,0.0,Fair
2025-11-11,1:00 AM,23.7,13.4,64,W,10.8,23.5,29.15,0.0,Fair
2025-11-11,2:00 AM,24.9,16.2,69,W,10.7,23.3,29.15,0.0,Fair
2025-11-11,3:00 AM,24.7,16.0,69,W,11.3,23.3,29.15,0.0,Cloudy
2025-11-11,4:00 AM,25.3,16.1,68,WSW,11.0,25.1,29.15,0.0,Fair
2025-11-11,5:00 AM,24.8,16.8,71,W,11.1,24.2,29.15,0.0,Cloudy
2025-11-11,6:00 AM,24.5,17.8,75,WSW,10.9,23.3,29.15,0.0,Cloudy
2025-11-11,7:00 AM,24.7,19.0,79,WSW,11.2,23.5,29.16,0.0,Fair
2025-11-11,8:00 AM,24.6,20.7,85,WSW,14.5,24.2,29.19,0.0,Cloudy
2025-11-11,9:00 AM,26.0,21.4,83,WSW,15.6,32.2,29.21,0.0,Cloudy
2025-11-11,10:00 AM,28.4,21.0,74,WSW,16.3,34.0,29.21,0.0,Cloudy
2025-11-11,11:00 AM,31.1,22.2,69,WSW,16.7,35.1,29.22,0.0,Cloudy
2025-11-11,12:00 PM,32.7,23.7,69,WSW,16.1,36.0,29.22,0.0,Cloudy
2025-11-11,1:00 PM,33.0,23.6,68,WSW,15.3,34.2,29.21,0.0,Cloudy
2025-11-11,2:00 PM,35.5,22.9,60,WSW,15.1,35.8,29.18,0.0,Cloudy
2025-11-11,3:00 PM,36.4,20.5,52,WSW,14.7,32.2,29.16,0.0,Partly Cloudy
2025-11-11,4:00 PM,36.1,19.8,51,WSW,14.7,34.2,29.16,0.0,Fair
2025-11-11,5:00 PM,34.9,19.1,52,WSW,13.3,31.3,29.15,0.0,Fair
2025-11-11,6:00 PM,32.9,19.0,56,SW,10.4,27.7,29.14,0.0,Cloudy
2025-11-11,7:00 PM,31.6,19.3,60,SW,10.4,21.3,29.14,0.0,Cloudy
2025-11-11,8:00 PM,33.4,20.7,59,SSW,10.3,22.1,29.11,0.0,Cloudy
2025-11-11,9:00 PM,33.8,20.7,58,SSW,10.6,22.1,29.09,0.0,Cloudy
2025-11-11,10:00 PM,34.7,20.0,55,SW,11.8,24.6,29.08,0.0,Cloudy
2025-11-11,11:00 PM,34.1,19.2,54,SW,11.2,24.6,29.06,0.0,Partly Cloudy
2025-11-12,12:00 AM,33.9,19.1,54,SW,11.3,23.3,29.04,0.0,Cloudy
2025-11-12,1:00 AM,35.6,19.7,52,SW,11.8,24.6,29.02,0.0,Cloudy
2025-11-12,2:00 AM,35.7,20.2,53,SW,11.7,24.8,29.01,0.0,Fair
2025-11-12,3:00 AM,34.8,20.7,56,SW,11.3,23.5,29.0,0.0,Fair
2025-11-12,4:00 AM,35.2,21.7,57,SW,12.0,24.6,29.0,0.0,Fair
2025-11-12,5:00 AM,35.1,22.8,61,SW,11.8,24.6,28.99,0.0,Partly Cloudy
2025-11-12,6:00 AM,35.6,24.0,62,SW,11.6,24.4,28.99,0.0,Fair
2025-11-12,7:00 AM,35.3,25.0,66,SW,10.8,23.5,28.99,0.0,Fair
2025-11-12,8:00 AM,37.7,25.8,62,SW,10.9,22.8,29.0,0.0,Cloudy
2025-11-12,9:00 AM,38.6,26.8,62,SW,10.3,21.7,29.01,0.0,Cloudy
2025-11-12,10:00 AM,39.8,28.4,63,WSW,12.0,25.5,29.01,0.0,Cloudy
2025-11-12,11:00 AM,41.6,29.0,61,SW,14.5,30.4,29.01,0.0,Cloudy
2025-11-12,12:00 PM,44.7,30.7,58,SW,13.8,32.2,29.0,0.0,Fair
2025-11-12,1:00 PM,47.8,32.6,56,WSW,13.4,30.0,28.98,0.0,Fair
2025-11-12,2:00 PM,50.1,33.0,52,WSW,13.6,30.9,28.97,0.0,Fair
2025-11-12,3:00 PM,50.8,34.3,53,WSW,14.6,32.0,28.96,0.0,Fair
2025-11-12,4:00 PM,50.3,34.5,55,W,16.7,38.5,28.97,0.0,Fair
2025-11-12,5:00 PM,49.4,33.6,54,W,14.0,36.9,28.99,0.0,Fair
2025-11-12,6:00 PM,46.9,33.4,59,W,13.0,29.8,29.01,0.0,Fair
2025-11-12,7:00 PM,44.7,32.8,63,W,12.6,26.8,29.04,0.0,Fair
2025-11-12,8:00 PM,44.0,31.3,61,W,11.0,25.9,29.08,0.0,Fair
2025-11-12,9:00 PM,43.0,32.0,65,W,10.8,22.1,29.1,0.0,Fair
2025-11-12,10:00 PM,42.1,31.1,65,W,11.3,23.3,29.12,0.0,Fair
2025-11-12,11:00 PM,41.1,29.8,64,WNW,10.7,23.5,29.13,0.0,Fair
2025-11-13,12:00 AM,39.9,29.2,65,W,8.6,22.1,29.14,0.0,Fair
2025-11-13,1:00 AM,38.5,29.2,69,WSW,7.1,17.2,29.14,0.0,Fair
2025-11-13,2:00 AM,37.7,29.6,72,WSW,7.3,13.6,29.15,0.0,Fair
2025-11-13,3:00 AM,37.4,29.6,73,WSW,7.4,14.3,29.15,0.0,Fair
2025-11-13,4:00 AM,36.7,29.4,75,WSW,7.9,15.0,29.16,0.0,Fair
2025-11-13,5:00 AM,36.4,29.4,75,WSW,8.7,17.0,29.17,0.0,Fair
2025-11-13,6:00 AM,36.1,29.5,77,WSW,8.6,17.2,29.18,0.0,Fair
2025-11-13,7:00 AM,35.4,29.7,79,W,8.3,16.8,29.2,0.0,Fair
2025-11-13,8:00 AM,35.0,29.4,80,W,7.6,16.3,29.23,0.0,Fair
2025-11-13,9:00 AM,36.0,29.9,79,W,7.1,14.1,29.25,0.0,Fair
2025-11-13,10:00 AM,39.7,30.9,71,WSW,6.9,15.2,29.27,0.0,Fair
2025-11-13,11:00 AM,43.3,31.9,64,W,7.9,18.3,29.28,0.0,Fair
2025-11-13,12:00 PM,46.5,32.1,57,W,9.8,22.4,29.28,0.0,Fair
2025-11-13,1:00 PM,48.5,30.3,49,W,12.3,27.7,29.27,0.0,Fair
2025-11-13,2:00 PM,50.2,29.2,44,WNW,12.1,28.0,29.27,0.0,Fair
2025-11-13,3:00 PM,50.6,29.1,43,WNW,11.7,27.1,29.26,0.0,Fair
2025-11-13,4:00 PM,50.5,28.9,43,W,11.1,26.2,29.26,0.0,Fair
2025-11-13,5:00 PM,49.5,28.8,45,W,8.8,23.9,29.26,0.0,Fair
2025-11-13,6:00 PM,45.8,29.3,52,W,6.2,18.6,29.26,0.0,Fair
2025-11-13,7:00 PM,42.5,29.9,61,W,6.0,12.1,29.27,0.0,Fair
2025-11-13,8:00 PM,41.9,28.1,58,W,7.0,12.1,29.28,0.0,Fair
2025-11-13,9:00 PM,41.1,28.3,60,W,6.9,13.0,29.28,0.0,Fair
2025-11-13,10:00 PM,39.9,28.3,63,W,6.9,13.0,29.29,0.0,Fair
2025-11-13,11:00 PM,39.0,28.3,65,W,6.6,12.8,29.3,0.0,Fair
2025-11-14,12:00 AM,38.1,28.3,67,W,5.8,12.1,29.3,0.0,Fair
2025-11-14,1:00 AM,37.2,28.3,70,W,5.5,10.5,29.29,0.0,Fair
2025-11-14,2:00 AM,35.6,27.5,72,W,5.2,10.5,29.3,0.0,Fair
2025-11-14,3:00 AM,34.8,27.3,74,W,5.3,9.8,29.31,0.0,Fair
2025-11-14,4:00 AM,34.0,27.4,77,W,4.3,9.4,29.31,0.0,Fair
2025-11-14,5:00 AM,33.4,27.5,79,W,4.3,7.8,29.32,0.0,Fair
2025-11-14,6:00 AM,32.9,27.7,81,WSW,3.6,7.8,29.32,0.0,Partly Cloudy
2025-11-14,7:00 AM,32.3,28.0,84,SW,2.7,6.5,29.33,0.0,Cloudy
2025-11-14,8:00 AM,33.9,30.1,86,SSW,2.6,5.4,29.35,0.0,Cloudy
2025-11-14,9:00 AM,35.2,30.7,83,S,3.6,6.0,29.36,0.0,Cloudy
2025-11-14,10:00 AM,36.8,31.0,79,S,3.9,8.1,29.35,0.0,Cloudy
2025-11-14,11:00 AM,41.2,31.6,68,S,3.7,9.6,29.35,0.0,Cloudy
2025-11-14,12:00 PM,46.4,32.2,57,SSW,5.0,12.3,29.33,0.0,Partly Cloudy
2025-11-14,1:00 PM,50.1,31.0,48,SSW,7.0,16.6,29.28,0.0,Fair
2025-11-14,2:00 PM,52.1,29.1,41,SSW,7.1,17.7,29.24,0.0,Cloudy
2025-11-14,3:00 PM,54.1,29.8,39,SSW,7.6,17.7,29.21,0.0,Cloudy
2025-11-14,4:00 PM,54.0,31.0,41,SSW,7.6,17.7,29.18,0.0,Cloudy
2025-11-14,5:00 PM,52.8,32.5,46,SSW,5.9,16.8,29.16,0.0,Cloudy
2025-11-14,6:00 PM,50.3,32.6,51,SSW,5.4,12.5,29.14,0.0,Cloudy
2025-11-14,7:00 PM,47.9,32.2,54,SW,6.2,11.4,29.13,0.0,Fair
2025-11-14,8:00 PM,48.2,33.9,57,SW,7.0,11.4,29.12,0.0,Cloudy
2025-11-14,9:00 PM,48.8,34.5,58,SW,6.6,12.8,29.11,0.0,Cloudy
2025-11-14,10:00 PM,48.2,34.7,59,WSW,7.0,13.4,29.1,0.0,Fair
2025-11-14,11:00 PM,46.9,35.7,65,WSW,5.9,13.4,29.1,0.0,Cloudy
2025-11-15,12:00 AM,46.2,37.1,70,WSW,5.5,10.7,29.08,0.0,Cloudy
2025-11-15,1:00 AM,45.6,38.8,77,WSW,5.1,9.8,29.07,0.0,Cloudy
2025-11-15,2:00 AM,45.2,38.5,77,WSW,4.8,8.9,29.05,0.0,Cloudy
2025-11-15,3:00 AM,46.2,40.2,79,SW,4.9,9.4,29.05,0.0,Cloudy
2025-11-15,4:00 AM,47.5,41.6,80,SW,4.8,8.9,29.04,0.0,Cloudy
2025-11-15,5:00 AM,48.4,42.9,81,SSW,5.2,9.2,29.02,0.0,Cloudy
2025-11-15,6:00 AM,48.7,44.2,84,SSW,6.2,11.0,29.02,0.0,Cloudy
2025-11-15,7:00 AM,49.5,45.8,87,SSW,6.9,12.8,28.99,0.004,Light Drizzle
2025-11-15,8:00 AM,47.1,42.7,85,SSE,6.3,12.8,28.97,0.004,Light Drizzle
2025-11-15,9:00 AM,49.1,47.0,93,S,7.5,13.4,28.95,0.0,Cloudy
2025-11-15,10:00 AM,52.6,50.0,91,SSW,8.5,16.3,28.94,0.0,Cloudy
2025-11-15,11:00 AM,57.7,52.0,81,SSW,8.1,17.7,28.92,0.0,Cloudy
2025-11-15,12:00 PM,60.4,51.3,72,SW,10.4,22.1,28.88,0.0,Cloudy
2025-11-15,1:00 PM,61.3,51.5,70,SW,12.1,26.2,28.84,0.0,Cloudy
2025-11-15,2:00 PM,61.4,52.3,72,SSW,10.9,26.4,28.79,0.0,Cloudy
2025-11-15,3:00 PM,63.7,53.2,69,SW,12.9,27.7,28.75,0.0,Cloudy
2025-11-15,4:00 PM,62.5,53.3,72,SSW,13.3,27.7,28.7,0.0,Cloudy
2025-11-15,5:00 PM,62.4,53.7,73,SW,13.9,30.6,28.68,0.0,Cloudy
2025-11-15,6:00 PM,62.2,54.2,75,SW,14.1,29.8,28.65,0.0,Cloudy
2025-11-15,7:00 PM,61.8,55.5,80,SW,15.3,30.9,28.64,0.02,Drizzle
2025-11-15,8:00 PM,59.4,55.8,88,WSW,12.9,34.0,28.66,0.091,Light Rain
2025-11-15,9:00 PM,59.2,56.2,90,WSW,15.1,30.0,28.62,0.0,Partly Cloudy
2025-11-15,10:00 PM,58.2,55.8,92,WSW,14.8,33.6,28.62,0.008,Light Drizzle
2025-11-15,11:00 PM,58.5,55.2,89,W,14.2,33.6,28.63,0.0,Cloudy
2025-11-16,12:00 AM,57.5,54.3,89,W,12.4,32.0,28.63,0.004,Light Drizzle
2025-11-16,1:00 AM,55.9,51.9,87,WNW,12.0,25.1,28.63,0.004,Light Drizzle
2025-11-16,2:00 AM,56.5,49.5,77,WNW,12.8,25.7,28.62,0.0,Fair
2025-11-16,3:00 AM,55.1,45.7,70,NW,13.8,28.6,28.64,0.0,Cloudy
2025-11-16,4:00 AM,53.1,43.0,69,NW,13.7,29.5,28.67,0.0,Cloudy
2025-11-16,5:00 AM,50.0,38.8,65,NW,11.0,28.6,28.69,0.0,Fair
2025-11-16,6:00 AM,46.9,36.7,67,NW,9.5,22.8,28.72,0.0,Fair
2025-11-16,7:00 AM,45.0,34.8,67,NW,9.4,19.2,28.74,0.0,Fair
2025-11-16,8:00 AM,46.4,33.6,61,NW,10.6,20.1,28.77,0.0,Fair
2025-11-16,9:00 AM,44.6,31.6,60,NW,11.2,23.3,28.8,0.0,Fair
2025-11-16,10:00 AM,45.0,29.6,55,NW,13.9,29.5,28.82,0.0,Fair
2025-11-16,11:00 AM,45.6,28.1,50,WNW,15.0,32.4,28.84,0.0,Fair
2025-11-16,12:00 PM,45.8,26.8,47,WNW,15.2,33.3,28.85,0.0,Partly Cloudy
2025-11-16,1:00 PM,45.4,26.0,46,WNW,15.6,34.2,28.84,0.0,Cloudy
2025-11-16,2:00 PM,45.9,24.0,42,WNW,15.8,34.2,28.85,0.0,Partly Cloudy
2025-11-16,3:00 PM,45.7,22.6,40,WNW,16.0,34.4,28.85,0.0,Fair
2025-11-16,4:00 PM,44.4,21.9,41,NW,16.8,36.5,28.87,0.0,Partly Cloudy
2025-11-16,5:00 PM,43.3,21.7,42,NW,15.1,36.7,28.89,0.0,Cloudy
2025-11-16,6:00 PM,42.0,22.1,45,NW,12.2,34.9,28.91,0.0,Fair
2025-11-16,7:00 PM,39.9,23.1,51,NW,9.7,25.7,28.93,0.0,Fair
2025-11-16,8:00 PM,39.9,24.8,54,WNW,7.7,20.1,28.95,0.0,Fair
2025-11-16,9:00 PM,37.9,24.4,58,WNW,7.1,15.4,28.96,0.0,Fair
2025-11-16,10:00 PM,37.0,24.1,59,WNW,7.3,14.5,28.97,0.0,Cloudy
2025-11-16,11:00 PM,38.5,24.1,56,WNW,7.8,16.1,28.97,0.0,Cloudy
2025-11-17,12:00 AM,38.4,24.4,57,WNW,8.1,16.8,28.97,0.0,Fair
2025-11-17,1:00 AM,37.0,24.8,61,WNW,9.5,19.0,28.98,0.0,Fair
2025-11-17,2:00 AM,34.8,24.4,66,W,10.8,21.5,28.99,0.0,Fair
2025-11-17,3:00 AM,33.8,24.4,68,W,10.3,21.5,29.01,0.0,Fair
2025-11-17,4:00 AM,33.3,24.4,70,W,10.3,21.0,29.03,0.0,Fair
2025-11-17,5:00 AM,32.9,24.0,69,W,10.0,21.0,29.05,0.0,Fair
2025-11-17,6:00 AM,32.5,23.5,69,W,8.9,20.6,29.07,0.0,Cloudy
2025-11-17,7:00 AM,32.0,23.1,69,W,8.5,17.9,29.09,0.0,Fair
2025-11-17,8:00 AM,32.5,23.5,69,W,9.8,18.8,29.13,0.0,Fair
2025-11-17,9:00 AM,31.7,22.8,69,W,8.9,20.6,29.16,0.0,Fair
2025-11-17,10:00 AM,33.8,22.9,64,W,9.5,21.0,29.19,0.0,Fair
2025-11-17,11:00 AM,36.9,23.5,58,W,9.8,22.1,29.21,0.0,Fair
2025-11-17,12:00 PM,39.3,22.2,50,WNW,10.4,24.2,29.21,0.0,Fair
2025-11-17,1:00 PM,40.9,20.8,44,WNW,10.8,25.1,29.19,0.0,Fair
2025-11-17,2:00 PM,42.6,20.2,40,WNW,10.3,24.8,29.17,0.0,Fair
2025-11-17,3:00 PM,43.4,20.8,40,WNW,10.3,23.3,29.17,0.0,Fair
2025-11-17,4:00 PM,43.0,21.5,42,WNW,10.0,23.5,29.18,0.0,Fair
2025-11-17,5:00 PM,41.6,22.0,45,WNW,8.7,22.4,29.19,0.0,Fair
2025-11-17,6:00 PM,38.9,23.4,53,W,5.8,18.6,29.21,0.0,Fair
2025-11-17,7:00 PM,36.9,24.1,60,WNW,5.3,11.4,29.23,0.0,Fair
2025-11-17,8:00 PM,35.8,23.6,61,WNW,4.3,9.6,29.24,0.0,Fair
2025-11-17,9:00 PM,35.0,24.4,65,NW,3.8,8.5,29.26,0.0,Fair
2025-11-17,10:00 PM,33.1,25.8,74,NNW,2.5,6.9,29.26,0.0,Fair
2025-11-17,11:00 PM,33.0,25.5,74,SE,0.3,4.5,29.27,0.0,Fair
2025-11-18,12:00 AM,31.6,26.2,80,S,1.8,2.9,29.27,0.0,Fair
2025-11-18,1:00 AM,31.6,26.3,81,S,3.4,5.4,29.27,0.0,Fair
2025-11-18,2:00 AM,29.0,24.5,83,S,2.9,6.3,29.28,0.0,Fair
2025-11-18,3:00 AM,29.3,24.2,81,S,3.4,5.8,29.28,0.0,Fair
2025-11-18,4:00 AM,29.4,23.9,80,SSW,4.1,6.9,29.28,0.0,Fair
2025-11-18,5:00 AM,29.1,23.3,78,SSW,5.1,8.9,29.29,0.0,Cloudy
2025-11-18,6:00 AM,29.5,22.9,76,SSW,3.8,8.9,29.29,0.0,Cloudy
2025-11-18,7:00 AM,30.5,23.5,75,SSW,5.1,9.4,29.31,0.0,Cloudy
2025-11-18,8:00 AM,30.8,24.6,77,S,4.9,9.4,29.33,0.0,Cloudy
2025-11-18,9:00 AM,32.1,24.4,73,S,4.4,9.2,29.33,0.0,Cloudy
2025-11-18,10:00 AM,35.3,24.1,63,S,3.7,8.9,29.33,0.0,Cloudy
2025-11-18,11:00 AM,36.9,23.7,59,SSW,3.9,9.4,29.33,0.0,Cloudy
2025-11-18,12:00 PM,37.6,23.5,57,S,2.3,9.4,29.34,0.0,Cloudy
2025-11-18,1:00 PM,37.9,23.5,56,E,1.0,5.4,29.31,0.0,Cloudy
2025-11-18,2:00 PM,39.7,25.1,56,SE,2.3,6.5,29.27,0.0,Cloudy
2025-11-18,3:00 PM,38.7,26.7,62,SE,4.3,7.8,29.25,0.004,Light Drizzle
2025-11-18,4:00 PM,38.5,28.9,68,SSE,5.3,9.2,29.23,0.0,Cloudy
2025-11-18,5:00 PM,37.5,30.7,76,SE,5.0,10.7,29.21,0.0,Cloudy
2025-11-18,6:00 PM,36.4,31.6,82,SE,5.4,9.6,29.19,0.004,Light Drizzle
2025-11-18,7:00 PM,35.9,32.4,87,ESE,4.8,10.1,29.19,0.0,Cloudy
2025-11-18,8:00 PM,35.4,32.8,90,ESE,5.1,8.9,29.18,0.02,Drizzle
2025-11-18,9:00 PM,34.3,33.5,97,E,3.8,8.5,29.17,0.024,Drizzle
2025-11-18,10:00 PM,34.3,33.6,98,NE,2.9,10.7,29.17,0.122,Rain
2025-11-18,11:00 PM,34.2,33.7,98,NE,4.5,8.5,29.17,0.055,Light Rain
2025-11-19,12:00 AM,34.2,33.6,98,NE,3.6,8.5,29.16,0.016,Light Drizzle
2025-11-19,1:00 AM,34.1,33.7,99,NNE,4.1,10.1,29.17,0.012,Light Drizzle
2025-11-19,2:00 AM,37.0,36.9,99,N,5.7,9.4,29.18,0.0,Cloudy
2025-11-19,3:00 AM,37.0,36.9,100,NNE,6.7,12.1,29.18,0.016,Light Drizzle
2025-11-19,4:00 AM,35.6,35.5,100,N,6.6,13.6,29.23,0.0,Cloudy
2025-11-19,5:00 AM,34.3,34.2,99,N,4.8,11.9,29.23,0.0,Fair
2025-11-19,6:00 AM,33.4,33.1,99,N,4.3,9.6,29.25,0.0,Fair
2025-11-19,7:00 AM,32.7,32.4,99,NNE,3.6,7.8,29.26,0.0,Fair
2025-11-19,8:00 AM,32.3,32.2,100,N,2.3,6.5,29.3,0.0,Cloudy
2025-11-19,9:00 AM,33.4,33.4,100,N,4.1,8.1,29.32,0.0,Cloudy
2025-11-19,10:00 AM,36.6,35.2,94,NNE,3.3,8.3,29.35,0.0,Cloudy
2025-11-19,11:00 AM,39.7,36.1,87,NE,3.8,11.0,29.36,0.0,Cloudy
2025-11-19,12:00 PM,43.7,35.7,73,NE,4.0,11.6,29.37,0.0,Cloudy
2025-11-19,1:00 PM,46.0,36.3,69,NE,1.7,11.2,29.36,0.0,Fair
2025-11-19,2:00 PM,46.0,36.4,69,NE,2.1,8.1,29.35,0.0,Cloudy
2025-11-19,3:00 PM,47.2,36.8,67,N,2.2,7.8,29.35,0.0,Cloudy
2025-11-19,4:00 PM,47.7,36.9,66,N,1.7,7.4,29.35,0.0,Cloudy
2025-11-19,5:00 PM,46.6,37.0,69,E,2.4,5.8,29.34,0.0,Cloudy
2025-11-19,6:00 PM,43.8,37.4,78,S,3.3,5.4,29.35,0.0,Cloudy
2025-11-19,7:00 PM,41.5,37.4,85,S,3.7,6.7,29.36,0.0,Cloudy
2025-11-19,8:00 PM,37.9,35.8,92,SE,3.1,6.3,29.39,0.0,Cloudy
2025-11-19,9:00 PM,37.7,36.5,95,ESE,4.0,8.5,29.39,0.0,Cloudy
2025-11-19,10:00 PM,36.1,35.3,97,E,4.4,7.2,29.37,0.0,Fair
2025-11-19,11:00 PM,34.6,34.3,99,ESE,4.3,8.1,29.36,0.0,Fair
2025-11-20,12:00 AM,32.3,32.0,99,SE,2.7,7.4,29.35,0.0,Cloudy
2025-11-20,1:00 AM,32.9,32.6,99,ESE,3.4,6.3,29.35,0.0,Cloudy
2025-11-20,2:00 AM,33.2,33.1,100,ESE,3.1,6.5,29.34,0.0,Cloudy
2025-11-20,3:00 AM,33.2,33.2,100,E,3.5,6.7,29.34,0.0,Cloudy
2025-11-20,4:00 AM,33.0,33.0,100,E,4.1,7.4,29.32,0.0,Cloudy
2025-11-20,5:00 AM,34.3,34.1,99,ENE,4.0,7.8,29.31,0.0,Cloudy
2025-11-20,6:00 AM,35.3,34.6,97,NE,3.1,7.4,29.31,0.0,Cloudy
2025-11-20,7:00 AM,36.1,35.2,96,NNE,3.3,6.0,29.32,0.0,Cloudy
2025-11-20,8:00 AM,34.4,34.3,99,NE,3.4,8.3,29.33,0.0,Cloudy
2025-11-20,9:00 AM,35.1,34.3,97,NE,3.4,7.6,29.34,0.0,Cloudy
2025-11-20,10:00 AM,35.9,34.7,95,NE,3.7,8.5,29.34,0.0,Cloudy
2025-11-20,11:00 AM,37.0,35.4,94,NE,2.5,8.5,29.34,0.004,Light Drizzle
2025-11-20,12:00 PM,38.5,36.1,91,NE,2.5,7.6,29.33,0.004,Light Drizzle
2025-11-20,1:00 PM,39.8,37.3,91,E,1.0,7.8,29.31,0.0,Cloudy
2025-11-20,2:00 PM,40.2,37.4,90,SE,1.0,5.8,29.29,0.0,Cloudy
2025-11-20,3:00 PM,40.7,37.8,89,S,1.7,5.1,29.29,0.0,Cloudy
2025-11-20,4:00 PM,41.0,38.0,89,SSE,2.1,5.8,29.28,0.0,Cloudy
2025-11-20,5:00 PM,41.0,38.5,91,S,2.7,6.7,29.28,0.0,Cloudy
2025-11-20,6:00 PM,40.4,38.8,94,S,1.3,6.5,29.28,0.0,Cloudy
2025-11-20,7:00 PM,39.9,38.8,96,S,2.2,4.0,29.26,0.0,Cloudy
2025-11-20,8:00 PM,40.2,39.5,97,SW,1.9,4.3,29.27,0.0,Cloudy
2025-11-20,9:00 PM,41.1,40.1,96,SE,2.6,4.3,29.26,0.0,Cloudy
2025-11-20,10:00 PM,40.4,39.8,98,SSE,1.7,4.7,29.26,0.0,Cloudy
2025-11-20,11:00 PM,39.5,39.4,100,S,3.7,6.0,29.26,0.0,Cloudy
2025-11-21,12:00 AM,38.8,38.6,99,S,3.9,6.7,29.25,0.0,Cloudy
2025-11-21,1:00 AM,37.9,37.7,99,S,4.1,8.5,29.23,0.0,Cloudy
2025-11-21,2:00 AM,39.4,39.5,100,S,4.0,8.9,29.22,0.0,Cloudy
2025-11-21,3:00 AM,39.6,39.6,100,SSW,4.6,10.7,29.21,0.0,Cloudy
2025-11-21,4:00 AM,39.4,39.4,100,SSW,4.4,9.6,29.21,0.0,Cloudy
2025-11-21,5:00 AM,39.3,39.3,100,SW,4.7,10.1,29.2,0.0,Cloudy
2025-11-21,6:00 AM,39.3,39.3,100,SW,4.0,9.6,29.2,0.0,Cloudy
2025-11-21,7:00 AM,39.5,39.5,100,SW,4.4,8.5,29.21,0.0,Cloudy
2025-11-21,8:00 AM,39.3,39.1,99,SSW,3.4,8.3,29.22,0.0,Cloudy
2025-11-21,9:00 AM,40.3,39.9,99,SSW,4.1,7.6,29.22,0.0,Cloudy
2025-11-21,10:00 AM,41.8,41.1,97,SW,4.4,8.7,29.24,0.0,Cloudy
2025-11-21,11:00 AM,43.3,42.2,96,SW,4.0,8.9,29.24,0.0,Cloudy
2025-11-21,12:00 PM,44.1,43.0,96,WSW,2.6,8.5,29.23,0.0,Cloudy
2025-11-21,1:00 PM,45.5,43.8,94,WSW,3.1,8.1,29.21,0.0,Cloudy
2025-11-21,2:00 PM,45.8,44.2,94,SW,2.0,8.9,29.18,0.0,Cloudy
2025-11-21,3:00 PM,46.3,44.4,93,SSW,2.6,6.7,29.16,0.0,Cloudy
2025-11-21,4:00 PM,46.4,44.3,92,SSW,3.7,8.3,29.15,0.0,Cloudy
2025-11-21,5:00 PM,46.4,44.6,93,SSW,3.7,8.9,29.13,0.0,Cloudy
2025-11-21,6:00 PM,45.3,44.4,97,S,3.7,7.8,29.13,0.0,Cloudy
2025-11-21,7:00 PM,44.9,44.4,98,S,3.8,6.9,29.11,0.0,Cloudy
2025-11-21,8:00 PM,45.0,44.7,99,SW,3.1,7.2,29.09,0.0,Cloudy
2025-11-21,9:00 PM,45.5,45.3,99,NW,2.1,6.3,29.08,0.008,Light Drizzle
2025-11-21,10:00 PM,44.8,44.8,100,N,5.1,8.7,29.08,0.008,Light Drizzle
2025-11-21,11:00 PM,44.9,44.9,100,NE,4.8,8.5,29.05,0.012,Light Drizzle
2025-11-22,12:00 AM,45.0,45.0,100,NNE,5.1,9.8,29.05,0.051,Light Rain
2025-11-22,1:00 AM,45.0,45.0,100,NNE,3.0,8.7,29.04,0.028,Drizzle
2025-11-22,2:00 AM,45.1,45.1,100,N,4.8,8.7,29.05,0.024,Drizzle
2025-11-22,3:00 AM,45.1,45.1,100,NNE,6.0,10.7,29.04,0.0,Cloudy
2025-11-22,4:00 AM,45.0,44.7,99,NNE,4.3,11.4,29.04,0.0,Cloudy
2025-11-22,5:00 AM,44.6,44.4,99,NNE,4.5,7.8,29.04,0.0,Cloudy
2025-11-22,6:00 AM,44.2,44.1,99,N,6.2,12.1,29.06,0.0,Cloudy
2025-11-22,7:00 AM,44.1,43.8,99,N,7.1,13.0,29.06,0.0,Cloudy
2025-11-22,8:00 AM,44.0,43.7,99,NNW,5.3,13.9,29.09,0.004,Light Drizzle
2025-11-22,9:00 AM,43.7,43.4,99,NNW,6.8,12.8,29.13,0.008,Light Drizzle
2025-11-22,10:00 AM,43.4,43.2,99,NNW,5.9,12.5,29.15,0.008,Light Drizzle
2025-11-22,11:00 AM,43.9,42.4,95,NNW,5.7,12.8,29.16,0.0,Fair
2025-11-22,12:00 PM,47.3,38.9,73,NNW,7.1,17.9,29.17,0.0,Fair
2025-11-22,1:00 PM,48.9,37.1,64,NNW,5.4,17.0,29.15,0.0,Fair
2025-11-22,2:00 PM,49.4,36.1,60,NW,5.3,14.1,29.15,0.0,Fair
2025-11-22,3:00 PM,49.6,35.2,57,NW,7.1,17.0,29.16,0.0,Fair
2025-11-22,4:00 PM,48.7,34.7,58,NW,7.0,17.4,29.17,0.0,Fair
2025-11-22,5:00 PM,46.9,33.8,60,NW,6.0,16.1,29.17,0.0,Fair
2025-11-22,6:00 PM,43.0,34.3,71,NW,4.1,12.3,29.18,0.0,Partly Cloudy
2025-11-22,7:00 PM,40.8,34.6,78,WNW,2.9,7.4,29.18,0.0,Fair
2025-11-22,8:00 PM,39.5,33.6,79,W,4.6,6.5,29.2,0.0,Fair
2025-11-22,9:00 PM,38.5,33.4,82,WNW,5.4,9.4,29.21,0.0,Fair
2025-11-22,10:00 PM,37.3,33.1,85,WNW,3.4,9.6,29.21,0.0,Partly Cloudy
2025-11-22,11:00 PM,35.2,32.3,89,W,2.4,5.8,29.2,0.0,Cloudy
2025-11-23,12:00 AM,34.2,31.7,91,SSW,2.1,4.3,29.18,0.0,Fair
2025-11-23,1:00 AM,33.9,31.8,92,SW,2.7,4.7,29.18,0.0,Fair
2025-11-23,2:00 AM,33.2,31.1,92,SW,4.5,8.5,29.19,0.0,Cloudy
2025-11-23,3:00 AM,36.1,32.9,88,SW,5.4,10.5,29.2,0.004,Light Drizzle
2025-11-23,4:00 AM,37.3,33.6,86,SSW,7.0,13.2,29.18,0.0,Cloudy
2025-11-23,5:00 AM,38.1,33.4,83,SSW,8.1,15.7,29.16,0.0,Partly Cloudy
2025-11-23,6:00 AM,39.0,33.4,80,SW,8.8,17.2,29.16,0.0,Partly Cloudy
2025-11-23,7:00 AM,38.1,33.5,83,SW,9.3,18.3,29.16,0.0,Fair
2025-11-23,8:00 AM,39.2,35.2,86,SW,9.1,18.6,29.17,0.0,Fair
2025-11-23,9:00 AM,39.1,35.2,86,WSW,9.0,17.9,29.18,0.0,Fair
2025-11-23,10:00 AM,41.9,35.9,79,WSW,7.9,18.1,29.21,0.0,Fair
2025-11-23,11:00 AM,44.9,36.3,72,W,9.4,20.8,29.22,0.0,Fair
2025-11-23,12:00 PM,47.5,36.8,66,W,9.4,21.7,29.23,0.0,Fair
2025-11-23,1:00 PM,49.7,36.6,60,W,9.1,21.7,29.22,0.0,Fair
2025-11-23,2:00 PM,51.5,35.0,53,WNW,11.2,23.3,29.21,0.0,Fair
2025-11-23,3:00 PM,52.1,35.2,52,W,10.2,24.6,29.21,0.0,Fair
2025-11-23,4:00 PM,51.9,35.3,53,W,10.4,22.8,29.21,0.0,Fair
2025-11-23,5:00 PM,50.6,35.0,55,W,8.5,22.6,29.22,0.0,Fair
2025-11-23,6:00 PM,46.9,34.5,62,W,7.3,17.9,29.24,0.0,Fair
2025-11-23,7:00 PM,44.2,34.3,68,W,7.3,14.1,29.25,0.0,Fair
2025-11-23,8:00 PM,43.9,32.3,63,W,8.7,14.5,29.26,0.0,Fair
2025-11-23,9:00 PM,42.9,31.6,64,W,7.8,15.9,29.27,0.0,Fair
2025-11-23,10:00 PM,41.6,31.4,67,W,7.2,15.0,29.28,0.0,Fair
2025-11-23,11:00 PM,40.5,31.4,70,WNW,6.8,13.4,29.29,0.0,Fair
2025-11-24,12:00 AM,39.5,31.4,73,WNW,6.1,12.3,29.29,0.0,Fair
2025-11-24,1:00 AM,38.6,31.3,75,WNW,6.1,11.0,29.31,0.0,Fair
2025-11-24,2:00 AM,36.6,30.1,77,WNW,5.4,11.0,29.32,0.0,Fair
2025-11-24,3:00 AM,35.9,30.0,79,WNW,4.6,9.6,29.33,0.0,Fair
2025-11-24,4:00 AM,34.5,29.8,83,W,3.1,8.1,29.34,0.0,Fair
2025-11-24,5:00 AM,32.9,29.1,86,WSW,2.2,5.4,29.35,0.0,Fair
2025-11-24,6:00 AM,32.0,29.0,89,WSW,2.3,4.3,29.37,0.0,Fair
2025-11-24,7:00 AM,30.7,28.5,91,SW,1.9,4.0,29.38,0.0,Fair
2025-11-24,8:00 AM,29.3,28.2,96,SSW,1.9,3.1,29.41,0.0,Fair
2025-11-24,9:00 AM,30.7,29.8,96,SSE,3.2,4.9,29.42,0.0,Fair
2025-11-24,10:00 AM,35.2,31.7,87,SSE,2.8,7.6,29.42,0.0,Cloudy
2025-11-24,11:00 AM,40.3,33.2,76,S,2.3,8.1,29.44,0.0,Cloudy
2025-11-24,12:00 PM,44.4,33.8,66,SSE,3.3,9.6,29.43,0.0,Cloudy
2025-11-24,1:00 PM,48.1,34.0,58,S,3.2,10.5,29.4,0.0,Cloudy
2025-11-24,2:00 PM,50.7,32.1,49,S,3.1,9.8,29.37,0.0,Cloudy
2025-11-24,3:00 PM,52.3,30.8,44,S,2.4,9.4,29.35,0.0,Cloudy
2025-11-24,4:00 PM,52.5,31.6,45,SSE,2.9,7.6,29.33,0.0,Cloudy
2025-11-24,5:00 PM,50.3,35.2,56,SE,2.7,7.4,29.32,0.0,Cloudy
2025-11-24,6:00 PM,46.9,34.3,62,E,4.1,6.0,29.29,0.0,Cloudy
2025-11-24,7:00 PM,45.0,34.9,68,E,5.9,10.7,29.28,0.0,Cloudy
2025-11-24,8:00 PM,43.7,35.0,71,E,4.4,10.3,29.29,0.0,Cloudy
2025-11-24,9:00 PM,43.3,34.7,72,ESE,5.0,8.7,29.29,0.0,Cloudy
2025-11-24,10:00 PM,41.7,33.7,73,ESE,5.6,9.6,29.26,0.0,Cloudy
2025-11-24,11:00 PM,41.5,33.4,72,SE,4.8,10.3,29.25,0.0,Cloudy
2025-11-25,12:00 AM,41.9,33.3,71,SE,4.7,8.5,29.24,0.0,Cloudy
2025-11-25,1:00 AM,43.6,32.1,64,S,6.7,12.1,29.23,0.0,Cloudy
2025-11-25,2:00 AM,45.1,32.1,60,S,7.7,13.9,29.21,0.0,Cloudy
2025-11-25,3:00 AM,46.0,33.7,62,S,6.3,13.9,29.2,0.0,Cloudy
2025-11-25,4:00 AM,46.4,35.4,65,S,5.4,12.1,29.19,0.0,Cloudy
2025-11-25,5:00 AM,47.5,35.9,64,S,6.9,13.0,29.18,0.0,Cloudy
2025-11-25,6:00 AM,47.9,36.6,65,S,8.2,15.0,29.18,0.008,Light Drizzle
2025-11-25,7:00 AM,46.6,39.7,77,S,7.8,14.8,29.18,0.008,Light Drizzle
2025-11-25,8:00 AM,49.5,35.7,59,S,9.7,14.1,29.16,0.024,Drizzle
2025-11-25,9:00 AM,45.7,43.6,92,S,7.4,18.6,29.15,0.039,Drizzle
2025-11-25,10:00 AM,46.6,45.6,96,S,9.1,17.2,29.14,0.091,Light Rain
2025-11-25,11:00 AM,47.8,47.0,97,S,10.4,20.1,29.12,0.087,Light Rain
2025-11-25,12:00 PM,48.9,48.2,97,S,11.3,22.6,29.1,0.067,Light Rain
2025-11-25,1:00 PM,50.1,49.4,97,S,10.7,22.1,29.07,0.031,Drizzle
2025-11-25,2:00 PM,50.9,49.6,95,SSW,11.3,21.7,29.05,0.031,Drizzle
2025-11-25,3:00 PM,51.8,51.0,97,SSW,10.9,22.1,29.03,0.047,Drizzle
2025-11-25,4:00 PM,51.9,51.3,98,SSW,9.7,21.5,29.02,0.071,Light Rain
2025-11-25,5:00 PM,52.1,51.4,98,SSW,10.0,19.7,29.01,0.047,Drizzle
2025-11-25,6:00 PM,51.8,51.2,98,SSW,9.8,19.7,29.0,0.02,Drizzle
2025-11-25,7:00 PM,52.1,51.2,97,SSW,9.8,19.5,29.01,0.0,Cloudy
2025-11-25,8:00 PM,53.2,52.8,98,SSW,9.9,19.0,29.01,0.004,Light Drizzle
2025-11-25,9:00 PM,53.7,53.3,99,SSW,9.4,20.4,29.01,0.008,Light Drizzle
2025-11-25,10:00 PM,53.5,53.2,99,SSW,8.3,18.3,29.0,0.008,Light Drizzle
2025-11-25,11:00 PM,53.7,53.4,99,SSW,9.3,18.1,28.99,0.012,Light Drizzle
2025-11-26,12:00 AM,53.9,53.6,99,SSW,9.1,18.3,28.99,0.004,Light Drizzle
2025-11-26,1:00 AM,53.7,53.4,99,SSW,7.7,17.7,28.98,0.0,Cloudy
2025-11-26,2:00 AM,53.7,53.5,99,SSW,6.7,16.3,28.96,0.0,Cloudy
2025-11-26,3:00 AM,54.2,54.0,99,SW,8.1,15.4,28.96,0.0,Cloudy
2025-11-26,4:00 AM,53.6,53.0,98,SW,8.9,18.8,28.96,0.012,Light Drizzle
2025-11-26,5:00 AM,53.8,53.3,98,SW,9.3,20.1,28.95,0.008,Light Drizzle
2025-11-26,6:00 AM,53.2,52.3,96,SW,10.6,21.5,28.96,0.004,Light Drizzle
2025-11-26,7:00 AM,51.8,50.9,97,SW,9.8,20.4,28.95,0.0,Cloudy
2025-11-26,8:00 AM,51.5,50.8,97,SW,10.0,20.1,28.95,0.0,Cloudy
2025-11-26,9:00 AM,52.0,50.6,95,SW,10.3,23.5,28.94,0.004,Light Drizzle
2025-11-26,10:00 AM,52.9,51.4,95,SW,12.0,26.6,28.93,0.008,Light Drizzle
2025-11-26,11:00 AM,53.0,49.5,88,SW,14.3,28.2,28.92,0.004,Light Drizzle
2025-11-26,12:00 PM,52.3,46.3,80,WSW,15.9,34.7,28.93,0.008,Light Drizzle
2025-11-26,1:00 PM,49.1,41.1,74,WSW,13.8,35.3,28.93,0.004,Light Drizzle
2025-11-26,2:00 PM,49.1,35.7,60,WSW,15.5,34.2,28.95,0.0,Fair
2025-11-26,3:00 PM,47.1,31.4,54,WSW,17.6,37.8,28.97,0.0,Cloudy
2025-11-26,4:00 PM,43.1,28.3,56,WSW,17.5,38.7,29.01,0.0,Cloudy
2025-11-26,5:00 PM,40.6,27.1,59,WSW,17.3,37.4,29.04,0.0,Cloudy
2025-11-26,6:00 PM,37.8,24.4,58,WSW,17.1,40.3,29.08,0.0,Cloudy
2025-11-26,7:00 PM,37.6,24.9,60,WSW,17.7,40.7,29.09,0.0,Cloudy
2025-11-26,8:00 PM,37.0,27.2,68,WSW,16.4,36.5,29.12,0.0,Cloudy
2025-11-26,9:00 PM,37.6,23.3,56,WSW,16.3,35.3,29.12,0.004,Light Drizzle
2025-11-26,10:00 PM,36.7,22.2,55,WSW,17.5,36.0,29.14,0.0,Cloudy
2025-11-26,11:00 PM,36.1,22.3,57,WSW,15.9,37.8,29.15,0.0,Cloudy
2025-11-27,12:00 AM,35.4,21.9,58,WSW,15.7,35.1,29.15,0.0,Cloudy
2025-11-27,1:00 AM,35.1,22.7,60,WSW,15.2,36.0,29.15,0.0,Cloudy
2025-11-27,2:00 AM,34.5,24.5,67,WSW,16.0,34.7,29.17,0.0,Cloudy
2025-11-27,3:00 AM,34.4,22.0,60,WSW,15.2,33.1,29.16,0.0,Cloudy
2025-11-27,4:00 AM,33.7,19.2,55,WSW,16.2,38.7,29.18,0.0,Cloudy
2025-11-27,5:00 AM,32.6,19.9,59,W,14.3,37.8,29.17,0.0,Cloudy
2025-11-27,6:00 AM,32.2,18.9,58,W,13.3,32.9,29.16,0.0,Cloudy
2025-11-27,7:00 AM,31.7,18.5,58,W,13.2,30.9,29.19,0.0,Cloudy
2025-11-27,8:00 AM,31.8,19.4,60,WSW,13.4,32.9,29.22,0.0,Cloudy
2025-11-27,9:00 AM,31.4,18.6,59,WSW,12.6,30.0,29.22,0.0,Cloudy
2025-11-27,10:00 AM,31.6,19.4,60,WSW,14.1,29.1,29.22,0.0,Cloudy
2025-11-27,11:00 AM,32.0,19.5,60,WSW,13.5,31.8,29.23,0.0,Cloudy
2025-11-27,12:00 PM,33.2,19.0,55,W,16.1,34.9,29.24,0.0,Cloudy
2025-11-27,1:00 PM,33.2,19.1,56,W,15.8,34.7,29.21,0.0,Cloudy
2025-11-27,2:00 PM,32.3,19.0,58,W,14.8,34.0,29.23,0.0,Cloudy
2025-11-27,3:00 PM,32.1,18.6,57,W,14.8,31.8,29.23,0.0,Cloudy
2025-11-27,4:00 PM,32.1,19.3,59,W,15.4,32.9,29.23,0.0,Light Snow
2025-11-27,5:00 PM,32.2,19.4,59,W,13.5,32.0,29.24,0.004,Light Snow
2025-11-27,6:00 PM,31.4,20.0,62,W,13.5,32.2,29.24,0.004,Light Snow
2025-11-27,7:00 PM,30.7,21.7,69,W,12.6,29.1,29.25,0.016,Light Snow
2025-11-27,8:00 PM,29.3,22.2,74,W,13.7,26.2,29.26,0.012,Light Snow
2025-11-27,9:00 PM,28.5,21.1,74,W,13.0,28.6,29.26,0.0,Fair
2025-11-27,10:00 PM,27.6,20.8,75,W,13.1,27.5,29.26,0.0,Fair
2025-11-27,11:00 PM,27.2,19.1,71,W,12.9,27.5,29.25,0.0,Cloudy
2025-11-28,12:00 AM,28.1,19.3,69,WSW,10.3,28.2,29.25,0.0,Cloudy
2025-11-28,1:00 AM,28.0,18.2,66,W,11.8,25.9,29.24,0.0,Fair
2025-11-28,2:00 AM,28.0,18.2,66,W,12.6,25.3,29.24,0.0,Fair
2025-11-28,3:00 AM,27.3,18.6,69,WSW,12.2,25.9,29.24,0.0,Fair
2025-11-28,4:00 AM,27.1,18.8,71,W,12.0,25.3,29.24,0.0,Fair
2025-11-28,5:00 AM,26.7,19.1,73,W,11.8,24.8,29.25,0.0,Fair
2025-11-28,6:00 AM,26.4,19.0,73,W,11.5,24.6,29.26,0.0,Fair
2025-11-28,7:00 AM,26.1,19.0,74,W,11.4,23.9,29.27,0.0,Fair
2025-11-28,8:00 AM,27.4,19.9,73,W,11.4,23.5,29.3,0.0,Fair
2025-11-28,9:00 AM,26.8,20.0,75,W,11.2,23.5,29.32,0.0,Cloudy
2025-11-28,10:00 AM,28.3,20.3,72,W,13.8,28.4,29.34,0.0,Fair
2025-11-28,11:00 AM,29.7,20.4,68,W,14.7,30.9,29.36,0.0,Fair
2025-11-28,12:00 PM,31.0,19.7,62,W,14.2,31.5,29.37,0.0,Fair
2025-11-28,1:00 PM,32.5,17.1,53,WNW,16.1,33.8,29.36,0.004,Light Snow
2025-11-28,2:00 PM,31.6,15.6,51,W,13.9,34.7,29.37,0.004,Light Snow
2025-11-28,3:00 PM,33.0,15.2,47,W,15.2,34.4,29.38,0.0,Fair
2025-11-28,4:00 PM,32.5,14.8,48,WNW,14.6,32.7,29.39,0.0,Partly Cloudy
2025-11-28,5:00 PM,31.6,15.8,52,W,11.6,33.8,29.41,0.0,Cloudy
2025-11-28,6:00 PM,30.6,17.1,57,WNW,9.7,24.2,29.43,0.0,Cloudy
2025-11-28,7:00 PM,29.9,17.2,59,W,8.9,20.1,29.45,0.0,Partly Cloudy
2025-11-28,8:00 PM,29.0,21.3,72,W,9.4,18.6,29.49,0.0,Partly Cloudy
2025-11-28,9:00 PM,28.4,20.8,73,W,8.8,19.2,29.5,0.0,Partly Cloudy
2025-11-28,10:00 PM,28.3,20.7,73,W,9.1,18.8,29.51,0.0,Fair
2025-11-28,11:00 PM,28.0,20.8,74,W,8.9,18.8,29.52,0.0,Partly Cloudy
2025-11-29,12:00 AM,27.7,20.8,75,W,8.2,17.9,29.53,0.0,Partly Cloudy
2025-11-29,1:00 AM,27.1,20.8,77,W,7.8,16.8,29.55,0.0,Partly Cloudy
2025-11-29,2:00 AM,26.9,20.4,76,W,8.1,15.7,29.55,0.0,Partly Cloudy
2025-11-29,3:00 AM,26.7,20.4,77,W,7.3,15.9,29.58,0.0,Fair
2025-11-29,4:00 AM,25.4,20.3,81,W,5.0,14.1,29.58,0.0,Fair
2025-11-29,5:00 AM,24.5,19.9,82,W,4.9,8.9,29.58,0.0,Fair
2025-11-29,6:00 AM,24.4,19.7,82,W,4.0,8.7,29.59,0.0,Fair
2025-11-29,7:00 AM,24.4,19.7,82,WSW,3.6,6.9,29.61,0.0,Fair
2025-11-29,8:00 AM,24.2,19.4,82,SW,2.8,6.5,29.63,0.0,Fair
2025-11-29,9:00 AM,24.4,19.9,82,SSW,3.4,6.3,29.65,0.0,Fair
2025-11-29,10:00 AM,27.3,19.3,71,SSW,2.6,8.1,29.67,0.0,Fair
2025-11-29,11:00 AM,30.6,17.3,58,SSW,3.1,10.1,29.67,0.0,Partly Cloudy
2025-11-29,12:00 PM,33.0,14.2,45,S,3.5,11.2,29.66,0.0,Partly Cloudy
2025-11-29,1:00 PM,34.4,13.3,41,S,4.4,13.2,29.64,0.0,Cloudy
2025-11-29,2:00 PM,34.7,15.2,44,SSE,3.7,13.0,29.6,0.0,Cloudy
2025-11-29,3:00 PM,34.3,14.7,44,ESE,4.3,10.3,29.57,0.0,Cloudy
2025-11-29,4:00 PM,35.0,15.0,44,ESE,5.5,12.8,29.55,0.0,Cloudy
2025-11-29,5:00 PM,34.4,16.7,48,ESE,5.7,13.0,29.54,0.0,Cloudy
2025-11-29,6:00 PM,32.4,18.6,56,ESE,6.8,12.8,29.51,0.0,Cloudy
2025-11-29,7:00 PM,31.6,19.6,61,E,6.8,14.3,29.49,0.0,Cloudy
2025-11-29,8:00 PM,31.9,20.0,61,E,7.5,13.6,29.45,0.0,Cloudy
2025-11-29,9:00 PM,32.8,18.5,55,ESE,8.1,16.1,29.42,0.0,Cloudy
2025-11-29,10:00 PM,34.6,16.3,47,SE,8.5,17.0,29.39,0.0,Cloudy
2025-11-29,11:00 PM,35.8,14.4,41,SE,8.6,17.4,29.36,0.0,Cloudy
2025-11-30,12:00 AM,35.8,13.0,39,SSE,9.4,18.8,29.34,0.0,Cloudy
2025-11-30,1:00 AM,36.1,11.8,36,S,9.2,19.9,29.33,0.0,Cloudy
2025-11-30,2:00 AM,37.1,19.3,48,S,9.9,20.1,29.29,0.004,Light Snow
2025-11-30,3:00 AM,37.4,19.7,48,S,9.7,20.4,29.27,0.004,Light Snow
2025-11-30,4:00 AM,38.3,18.8,45,S,11.7,23.3,29.23,0.0,Cloudy
2025-11-30,5:00 AM,38.7,20.4,47,S,12.5,26.6,29.21,0.004,Light Snow
2025-11-30,6:00 AM,39.7,20.3,45,SSW,13.7,28.2,29.19,0.0,Cloudy
2025-11-30,7:00 AM,40.1,21.2,46,SSW,13.3,28.2,29.17,0.0,Cloudy
2025-11-30,8:00 AM,40.8,24.8,53,SSW,13.2,28.4,29.16,0.0,Cloudy
2025-11-30,9:00 AM,40.8,26.9,57,SSW,13.0,26.8,29.16,0.0,Cloudy
2025-11-30,10:00 AM,41.5,29.8,63,SSW,14.1,29.1,29.15,0.0,Cloudy
2025-11-30,11:00 AM,42.4,33.0,69,SSW,16.5,34.2,29.14,0.0,Cloudy
2025-11-30,12:00 PM,43.0,36.2,77,SW,20.3,38.5,29.15,0.012,Light Drizzle
2025-11-30,1:00 PM,38.2,35.2,89,WSW,15.2,41.4,29.18,0.012,Light Drizzle
2025-11-30,2:00 PM,38.6,30.5,72,WSW,15.0,31.5,29.18,0.0,Cloudy
2025-11-30,3:00 PM,38.0,26.9,64,WSW,16.0,34.0,29.2,0.0,Cloudy
2025-11-30,4:00 PM,34.8,22.8,61,W,16.1,35.1,29.25,0.0,Cloudy
2025-11-30,5:00 PM,32.0,21.4,64,W,15.1,34.0,29.29,0.0,Cloudy
2025-11-30,6:00 PM,30.5,20.5,66,W,11.7,31.8,29.33,0.0,Cloudy
2025-11-30,7:00 PM,30.7,19.5,63,W,11.6,24.4,29.35,0.0,Cloudy
2025-11-30,8:00 PM,30.6,22.1,70,WSW,11.8,24.6,29.4,0.0,Cloudy
2025-11-30,9:00 PM,29.9,21.7,71,WSW,11.2,25.1,29.43,0.0,Cloudy
2025-11-30,10:00 PM,29.3,21.6,73,WSW,10.0,23.7,29.45,0.0,Cloudy
2025-11-30,11:00 PM,28.9,21.6,74,W,10.0,21.7,29.48,0.0,Cloudy
2025-12-01,12:00 AM,28.8,21.8,75,W,10.7,22.4,29.49,0.0,Cloudy
2025-12-01,1:00 AM,28.5,22.2,77,W,9.9,23.0,29.5,0.0,Cloudy
2025-12-01,2:00 AM,29.2,23.5,79,W,9.2,20.8,29.52,0.0,Partly Cloudy
2025-12-01,3:00 AM,28.5,23.5,81,W,8.6,19.0,29.53,0.0,Partly Cloudy
2025-12-01,4:00 AM,28.2,23.7,83,WNW,8.2,17.7,29.55,0.0,Cloudy
2025-12-01,5:00 AM,28.8,23.9,82,WNW,7.7,16.8,29.55,0.0,Cloudy
2025-12-01,6:00 AM,29.4,24.4,81,NW,6.1,16.1,29.55,0.0,Cloudy
2025-12-01,7:00 AM,28.5,24.4,84,NNW,4.4,12.8,29.56,0.0,Partly Cloudy
2025-12-01,8:00 AM,30.1,23.8,77,NNW,5.2,8.5,29.57,0.0,Cloudy
2025-12-01,9:00 AM,29.0,21.8,74,N,5.4,10.7,29.59,0.0,Cloudy
2025-12-01,10:00 AM,29.8,19.3,65,N,5.0,12.8,29.59,0.0,Cloudy
2025-12-01,11:00 AM,30.8,19.3,62,NE,3.3,11.9,29.6,0.0,Cloudy
2025-12-01,12:00 PM,32.1,19.2,59,ENE,2.0,10.1,29.59,0.0,Cloudy
2025-12-01,1:00 PM,33.0,19.1,56,E,2.1,8.7,29.54,0.0,Cloudy
2025-12-01,2:00 PM,33.5,19.5,56,SE,2.7,8.5,29.5,0.0,Cloudy
2025-12-01,3:00 PM,33.8,19.2,55,SE,3.0,8.5,29.47,0.0,Cloudy
2025-12-01,4:00 PM,33.6,19.2,55,ESE,4.7,11.2,29.43,0.0,Cloudy
2025-12-01,5:00 PM,33.1,19.8,58,ESE,5.8,12.8,29.4,0.0,Cloudy
2025-12-01,6:00 PM,29.8,21.8,72,E,2.8,13.6,29.39,0.0,Cloudy
2025-12-01,7:00 PM,29.7,21.7,72,ENE,4.8,8.7,29.38,0.0,Cloudy
2025-12-01,8:00 PM,28.0,19.7,71,ENE,4.9,8.9,29.35,0.0,Cloudy
2025-12-01,9:00 PM,29.7,20.4,68,ENE,4.6,10.1,29.33,0.0,Cloudy
2025-12-01,10:00 PM,30.1,21.1,69,ENE,4.4,8.9,29.3,0.0,Cloudy
2025-12-01,11:00 PM,30.5,21.6,69,ENE,4.1,9.2,29.27,0.0,Cloudy
2025-12-02,12:00 AM,29.4,21.8,73,E,4.9,8.7,29.23,0.0,Cloudy
2025-12-02,1:00 AM,29.9,22.5,73,ESE,5.7,11.2,29.19,0.012,Light Snow
2025-12-02,2:00 AM,29.8,24.0,79,ESE,7.9,13.6,29.13,0.0,Cloudy
2025-12-02,3:00 AM,30.9,22.8,72,SE,5.8,11.4,29.1,0.0,Cloudy
2025-12-02,4:00 AM,31.2,25.1,78,SSE,5.9,11.2,29.09,0.031,Light Snow
2025-12-02,5:00 AM,31.0,28.1,89,SSE,5.1,13.6,29.05,0.039,Light Snow
2025-12-02,6:00 AM,31.0,28.9,92,SW,0.5,10.1,29.04,0.028,Light Snow
2025-12-02,7:00 AM,31.0,30.2,97,N,1.2,3.4,29.04,0.079,Snow
2025-12-02,8:00 AM,30.4,29.7,97,WNW,3.1,4.7,29.04,0.098,Snow
2025-12-02,9:00 AM,30.2,29.4,97,WNW,2.5,6.3,29.05,0.043,Light Snow
2025-12-02,10:00 AM,30.3,28.9,95,WNW,1.6,5.4,29.04,0.016,Light Snow
2025-12-02,11:00 AM,31.0,28.3,90,NW,5.6,12.8,29.06,0.004,Light Snow
2025-12-02,12:00 PM,31.2,27.9,87,NW,5.9,13.0,29.05,0.0,Cloudy
2025-12-02,1:00 PM,32.1,27.4,83,NW,6.7,15.0,29.03,0.0,Cloudy
2025-12-02,2:00 PM,32.8,27.0,79,NW,7.0,15.7,29.02,0.0,Cloudy
2025-12-02,3:00 PM,32.5,26.5,78,NW,7.0,15.9,29.02,0.0,Cloudy
2025-12-02,4:00 PM,31.9,26.2,79,NW,7.6,16.8,29.04,0.0,Cloudy
2025-12-02,5:00 PM,31.0,26.2,82,WNW,7.1,18.1,29.06,0.0,Cloudy
2025-12-02,6:00 PM,30.4,26.3,85,WNW,6.5,15.0,29.08,0.0,Cloudy
2025-12-02,7:00 PM,28.9,26.1,89,W,6.3,13.0,29.09,0.0,Partly Cloudy
2025-12-02,8:00 PM,28.1,26.2,92,W,7.3,13.4,29.11,0.0,Cloudy
2025-12-02,9:00 PM,27.9,26.5,95,W,7.6,15.0,29.14,0.0,Cloudy
2025-12-02,10:00 PM,29.4,27.9,94,W,7.3,15.0,29.16,0.0,Cloudy
2025-12-02,11:00 PM,29.7,27.9,93,WNW,7.1,14.5,29.18,0.004,Light Drizzle
2025-12-03,12:00 AM,29.2,27.5,93,WNW,7.3,14.5,29.19,0.004,Light Snow
2025-12-03,1:00 AM,28.8,26.7,92,WNW,6.7,14.5,29.19,0.0,Cloudy
2025-12-03,2:00 AM,29.2,27.5,93,WNW,6.8,13.2,29.2,0.0,Cloudy
2025-12-03,3:00 AM,28.4,26.7,93,W,5.1,13.2,29.21,0.0,Cloudy
2025-12-03,4:00 AM,27.3,25.8,94,W,4.3,10.1,29.21,0.0,Cloudy
2025-12-03,5:00 AM,25.9,24.6,95,WSW,4.4,9.6,29.21,0.0,Cloudy
2025-12-03,6:00 AM,24.7,23.5,95,WSW,6.1,13.0,29.22,0.0,Cloudy
2025-12-03,7:00 AM,24.6,22.8,93,WSW,6.4,13.4,29.24,0.0,Cloudy
2025-12-03,8:00 AM,27.0,24.4,90,WSW,6.5,13.6,29.26,0.0,Cloudy
2025-12-03,9:00 AM,27.0,23.9,88,SW,8.4,17.2,29.27,0.0,Cloudy
2025-12-03,10:00 AM,26.6,23.2,87,SW,10.0,21.3,29.28,0.0,Cloudy
2025-12-03,11:00 AM,26.8,22.8,85,SW,9.9,21.5,29.29,0.0,Cloudy
2025-12-03,12:00 PM,27.1,22.6,83,SW,9.9,21.7,29.29,0.0,Cloudy
2025-12-03,1:00 PM,27.2,22.4,82,SW,10.1,21.7,29.27,0.0,Cloudy
2025-12-03,2:00 PM,27.7,22.8,82,SW,10.4,22.6,29.26,0.0,Cloudy
2025-12-03,3:00 PM,28.2,23.4,82,SW,10.6,22.6,29.25,0.0,Cloudy
2025-12-03,4:00 PM,28.7,23.7,81,SW,9.6,22.6,29.24,0.0,Cloudy
2025-12-03,5:00 PM,28.5,23.5,81,SW,9.3,21.0,29.25,0.0,Cloudy
2025-12-03,6:00 PM,27.9,23.7,84,SW,7.4,20.8,29.25,0.0,Partly Cloudy
2025-12-03,7:00 PM,26.5,23.2,87,SW,7.8,15.4,29.26,0.0,Fair
2025-12-03,8:00 PM,26.9,24.4,90,SSW,7.9,15.7,29.26,0.0,Cloudy
2025-12-03,9:00 PM,26.8,24.7,92,SSW,8.0,15.9,29.26,0.0,Fair
2025-12-03,10:00 PM,26.4,24.6,93,SW,8.2,16.1,29.27,0.0,Fair
2025-12-03,11:00 PM,25.7,24.0,93,SW,8.6,16.8,29.28,0.0,Cloudy
2025-12-04,12:00 AM,26.4,24.4,92,SW,8.5,17.7,29.28,0.0,Cloudy
2025-12-04,1:00 AM,26.7,24.7,92,WSW,8.0,17.7,29.27,0.0,Cloudy
2025-12-04,2:00 AM,27.1,25.3,92,SW,7.7,16.3,29.26,0.0,Cloudy
2025-12-04,3:00 AM,26.8,24.6,91,WSW,7.8,17.7,29.27,0.0,Cloudy
2025-12-04,4:00 AM,26.7,24.5,91,SW,6.7,17.0,29.28,0.0,Cloudy
2025-12-04,5:00 AM,26.6,24.6,92,SW,6.7,15.7,29.27,0.0,Cloudy
2025-12-04,6:00 AM,26.5,24.7,93,WSW,6.8,14.5,29.28,0.004,Light Snow
2025-12-04,7:00 AM,26.7,24.8,92,WSW,6.1,14.5,29.29,0.0,Cloudy
2025-12-04,8:00 AM,26.9,25.2,93,WSW,6.3,13.6,29.31,0.004,Light Snow
2025-12-04,9:00 AM,26.9,25.1,93,WSW,6.8,13.6,29.33,0.0,Cloudy
2025-12-04,10:00 AM,27.6,24.9,89,W,8.5,17.7,29.37,0.0,Cloudy
2025-12-04,11:00 AM,28.9,25.1,85,WNW,9.8,20.4,29.39,0.0,Cloudy
2025-12-04,12:00 PM,30.3,22.9,74,NW,10.0,21.9,29.41,0.0,Cloudy
2025-12-04,1:00 PM,29.8,21.1,70,NW,10.3,22.6,29.41,0.0,Cloudy
2025-12-04,2:00 PM,30.3,19.0,63,NW,9.5,22.1,29.42,0.0,Cloudy
2025-12-04,3:00 PM,29.2,16.3,58,NW,8.4,20.8,29.42,0.0,Partly Cloudy
2025-12-04,4:00 PM,28.0,15.4,59,NW,7.1,18.8,29.42,0.0,Partly Cloudy
2025-12-04,5:00 PM,26.0,15.4,64,NNW,5.7,16.1,29.42,0.0,Cloudy
2025-12-04,6:00 PM,21.7,15.1,75,N,4.6,12.3,29.42,0.0,Fair
2025-12-04,7:00 PM,19.9,14.8,80,N,4.7,8.5,29.43,0.0,Fair
2025-12-04,8:00 PM,21.9,17.1,81,N,5.6,9.6,29.42,0.0,Partly Cloudy
2025-12-04,9:00 PM,21.1,17.2,84,NNE,6.0,11.2,29.43,0.0,Fair
2025-12-04,10:00 PM,18.9,14.5,83,NE,5.7,11.9,29.44,0.0,Fair
2025-12-04,11:00 PM,16.6,12.4,83,NE,5.4,11.2,29.44,0.0,Fair
2025-12-05,12:00 AM,15.0,11.0,84,ENE,5.4,10.5,29.43,0.0,Fair
2025-12-05,1:00 AM,14.5,10.2,83,ENE,6.2,12.3,29.39,0.0,Fair
2025-12-05,2:00 AM,15.1,10.0,80,E,6.4,11.9,29.38,0.0,Fair
2025-12-05,3:00 AM,14.2,9.9,83,ENE,5.7,11.6,29.35,0.0,Fair
2025-12-05,4:00 AM,13.8,9.7,83,E,5.6,11.0,29.34,0.0,Fair
2025-12-05,5:00 AM,13.3,8.8,82,ENE,4.8,10.7,29.31,0.0,Fair
2025-12-05,6:00 AM,11.7,7.3,82,ENE,3.8,8.9,29.29,0.0,Fair
2025-12-05,7:00 AM,10.3,6.3,83,ENE,3.5,6.7,29.27,0.0,Fair
2025-12-05,8:00 AM,11.8,8.0,84,ENE,2.5,6.0,29.26,0.0,Fair
2025-12-05,9:00 AM,11.4,7.8,85,ENE,1.7,4.0,29.26,0.0,Fair
2025-12-05,10:00 AM,15.4,10.6,81,E,1.1,4.0,29.25,0.0,Fair
2025-12-05,11:00 AM,21.7,14.0,72,ESE,0.9,4.3,29.24,0.0,Fair
2025-12-05,12:00 PM,26.9,16.2,64,S,1.7,5.4,29.22,0.0,Cloudy
2025-12-05,1:00 PM,29.8,18.4,62,SW,2.0,6.0,29.18,0.0,Cloudy
2025-12-05,2:00 PM,30.5,17.6,58,SW,2.8,7.8,29.18,0.0,Cloudy
2025-12-05,3:00 PM,31.0,18.9,60,SW,2.6,8.1,29.15,0.0,Cloudy
2025-12-05,4:00 PM,31.2,20.1,63,SW,2.0,7.4,29.12,0.0,Cloudy
2025-12-05,5:00 PM,29.9,20.6,68,SW,1.9,6.0,29.11,0.0,Cloudy
2025-12-05,6:00 PM,27.2,19.7,73,SW,3.0,5.4,29.12,0.0,Cloudy
2025-12-05,7:00 PM,27.1,20.6,76,SW,4.5,7.8,29.12,0.0,Fair
2025-12-05,8:00 PM,27.0,22.0,81,SW,4.8,9.2,29.12,0.0,Fair
2025-12-05,9:00 PM,24.6,20.4,84,WSW,3.6,8.5,29.11,0.0,Fair
2025-12-05,10:00 PM,20.9,17.6,87,WSW,3.7,6.7,29.1,0.0,Fair
2025-12-05,11:00 PM,18.9,16.2,89,SW,3.6,6.5,29.08,0.0,Cloudy
2025-12-06,12:00 AM,20.4,17.7,89,SW,3.5,6.5,29.08,0.0,Cloudy
2025-12-06,1:00 AM,23.0,20.1,89,SW,5.0,9.4,29.08,0.0,Cloudy
2025-12-06,2:00 AM,26.1,23.0,88,SW,6.8,11.0,29.08,0.0,Cloudy
2025-12-06,3:00 AM,27.2,24.2,88,SW,6.8,13.6,29.08,0.0,Cloudy
2025-12-06,4:00 AM,28.5,25.3,88,SW,7.5,15.2,29.08,0.0,Cloudy
2025-12-06,5:00 AM,28.0,25.2,89,SW,7.8,15.4,29.07,0.0,Cloudy
2025-12-06,6:00 AM,27.1,24.4,89,SW,7.9,15.9,29.05,0.0,Cloudy
2025-12-06,7:00 AM,26.1,23.7,91,SSW,7.6,15.9,29.05,0.0,Cloudy
2025-12-06,8:00 AM,26.8,24.6,91,SSW,7.9,15.0,29.07,0.0,Cloudy
2025-12-06,9:00 AM,26.8,24.6,91,SSW,8.3,17.2,29.08,0.0,Cloudy
2025-12-06,10:00 AM,28.1,25.3,89,SW,10.2,20.8,29.1,0.0,Cloudy
2025-12-06,11:00 AM,29.8,26.2,86,SW,11.3,23.3,29.12,0.0,Cloudy
2025-12-06,12:00 PM,31.1,27.0,84,SW,11.0,23.9,29.12,0.0,Cloudy
2025-12-06,1:00 PM,32.2,27.4,82,SW,10.9,23.3,29.09,0.0,Cloudy
2025-12-06,2:00 PM,33.1,27.9,81,SW,10.8,23.3,29.08,0.0,Cloudy
2025-12-06,3:00 PM,32.8,28.1,83,WSW,9.5,22.1,29.08,0.0,Cloudy
2025-12-06,4:00 PM,32.5,28.3,84,WSW,8.1,20.6,29.09,0.0,Cloudy
2025-12-06,5:00 PM,32.4,28.7,86,WSW,6.8,18.1,29.11,0.0,Cloudy
2025-12-06,6:00 PM,31.7,28.7,88,WSW,5.8,14.1,29.13,0.0,Cloudy
2025-12-06,7:00 PM,31.4,28.8,90,WSW,5.3,11.6,29.15,0.0,Cloudy
2025-12-06,8:00 PM,31.2,28.6,90,WSW,4.5,10.7,29.17,0.0,Cloudy
2025-12-06,9:00 PM,30.6,28.5,92,WSW,4.0,8.3,29.18,0.0,Cloudy
2025-12-06,10:00 PM,30.4,28.6,93,SW,4.3,7.8,29.19,0.0,Cloudy
2025-12-06,11:00 PM,30.3,28.3,92,SW,4.7,8.9,29.2,0.0,Cloudy
2025-12-07,12:00 AM,29.6,27.7,93,SW,4.2,8.9,29.21,0.0,Partly Cloudy
2025-12-07,1:00 AM,29.2,27.6,94,SW,3.3,7.8,29.22,0.0,Cloudy
2025-12-07,2:00 AM,30.7,28.0,90,SW,3.8,6.5,29.22,0.0,Cloudy
2025-12-07,3:00 AM,30.6,27.5,88,W,4.8,8.9,29.23,0.0,Cloudy
2025-12-07,4:00 AM,30.0,26.2,86,WSW,3.4,8.7,29.23,0.0,Cloudy
2025-12-07,5:00 AM,28.8,25.3,87,SSW,2.6,6.3,29.22,0.0,Cloudy
2025-12-07,6:00 AM,29.2,25.8,87,S,3.2,6.0,29.21,0.0,Cloudy
2025-12-07,7:00 AM,29.5,26.4,88,S,2.7,6.3,29.21,0.0,Cloudy
2025-12-07,8:00 AM,30.7,28.3,91,S,2.5,5.1,29.22,0.0,Cloudy
2025-12-07,9:00 AM,30.6,28.3,91,S,2.8,4.9,29.23,0.0,Cloudy
2025-12-07,10:00 AM,31.9,28.9,88,S,3.3,6.9,29.23,0.0,Cloudy
2025-12-07,11:00 AM,33.8,28.9,82,SSW,3.0,8.9,29.24,0.0,Cloudy
2025-12-07,12:00 PM,35.2,28.5,76,SW,4.5,11.0,29.23,0.0,Cloudy
2025-12-07,1:00 PM,35.8,28.0,73,SW,5.9,13.6,29.22,0.0,Cloudy
2025-12-07,2:00 PM,36.6,29.1,74,SW,5.9,14.1,29.2,0.0,Cloudy
2025-12-07,3:00 PM,36.3,29.0,75,SW,4.7,12.8,29.19,0.0,Cloudy
2025-12-07,4:00 PM,36.2,29.3,76,WSW,4.5,11.6,29.19,0.0,Cloudy
2025-12-07,5:00 PM,35.2,30.1,82,WSW,2.9,11.0,29.2,0.0,Cloudy
2025-12-07,6:00 PM,34.0,30.2,86,WSW,3.1,6.7,29.21,0.0,Cloudy
2025-12-07,7:00 PM,33.4,30.1,87,WNW,2.7,5.6,29.22,0.0,Cloudy
2025-12-07,8:00 PM,33.7,30.4,87,NNW,4.8,7.4,29.25,0.0,Cloudy
2025-12-07,9:00 PM,33.3,30.9,91,NNW,5.8,10.3,29.27,0.004,Light Drizzle
2025-12-07,10:00 PM,32.5,30.5,92,N,8.9,17.9,29.28,0.004,Light Snow
2025-12-07,11:00 PM,31.3,28.5,89,N,9.6,19.2,29.3,0.0,Cloudy
2025-12-08,12:00 AM,29.5,25.1,83,N,10.5,21.9,29.32,0.0,Cloudy
2025-12-08,1:00 AM,27.4,22.4,81,N,10.3,21.3,29.34,0.0,Partly Cloudy
2025-12-08,2:00 AM,26.4,17.0,67,NNE,10.7,24.8,29.36,0.0,Cloudy
2025-12-08,3:00 AM,24.0,15.4,69,NNE,9.2,22.1,29.36,0.0,Cloudy
2025-12-08,4:00 AM,23.9,14.2,66,NNE,10.0,20.1,29.39,0.0,Cloudy
2025-12-08,5:00 AM,22.9,12.8,65,NNE,9.6,20.4,29.39,0.0,Cloudy
2025-12-08,6:00 AM,22.6,12.6,65,NNE,9.6,19.9,29.39,0.0,Cloudy
2025-12-08,7:00 AM,22.2,11.4,63,NE,9.4,19.5,29.41,0.0,Cloudy
2025-12-08,8:00 AM,22.3,13.1,67,NE,8.0,19.7,29.43,0.0,Cloudy
2025-12-08,9:00 AM,22.1,11.0,62,NE,8.7,17.9,29.43,0.0,Cloudy
2025-12-08,10:00 AM,22.6,9.2,56,NE,8.6,18.8,29.44,0.0,Cloudy
2025-12-08,11:00 AM,23.5,9.1,54,NE,8.3,19.7,29.45,0.0,Cloudy
2025-12-08,12:00 PM,25.2,6.0,43,NE,8.1,19.7,29.46,0.0,Cloudy
2025-12-08,1:00 PM,26.3,3.3,37,NE,8.8,20.8,29.43,0.0,Cloudy
2025-12-08,2:00 PM,27.1,4.4,37,NE,7.8,21.5,29.41,0.0,Cloudy
2025-12-08,3:00 PM,28.0,2.8,33,NE,8.4,19.7,29.39,0.0,Cloudy
2025-12-08,4:00 PM,27.6,0.1,30,NE,8.2,19.9,29.39,0.0,Cloudy
2025-12-08,5:00 PM,26.7,-0.8,30,NE,7.4,18.6,29.41,0.0,Cloudy
2025-12-08,6:00 PM,25.0,1.4,35,NE,6.3,15.7,29.42,0.0,Cloudy
2025-12-08,7:00 PM,23.9,2.6,39,NE,7.0,13.4,29.42,0.0,Cloudy
2025-12-08,8:00 PM,22.7,3.3,42,NE,5.4,13.6,29.44,0.0,Cloudy
2025-12-08,9:00 PM,21.9,2.9,43,NE,6.0,10.7,29.44,0.0,Cloudy
2025-12-08,10:00 PM,20.6,3.1,46,NE,6.2,11.4,29.42,0.0,Partly Cloudy
2025-12-08,11:00 PM,19.8,2.9,47,ENE,6.0,11.2,29.41,0.0,Fair
2025-12-09,12:00 AM,19.2,2.9,48,ENE,6.1,11.2,29.4,0.0,Fair
2025-12-09,1:00 AM,18.8,2.9,49,ENE,6.0,11.2,29.38,0.0,Fair
2025-12-09,2:00 AM,17.5,3.2,53,E,5.5,10.7,29.36,0.0,Fair
2025-12-09,3:00 AM,17.4,3.2,53,ESE,5.4,10.1,29.34,0.0,Fair
2025-12-09,4:00 AM,17.4,3.1,53,SE,3.9,9.4,29.34,0.0,Fair
2025-12-09,5:00 AM,17.2,3.6,55,SSE,2.8,6.7,29.33,0.0,Partly Cloudy
2025-12-09,6:00 AM,17.3,4.3,56,SSE,4.1,6.9,29.3,0.0,Fair
2025-12-09,7:00 AM,17.4,5.5,59,S,5.4,8.9,29.29,0.0,Fair
2025-12-09,8:00 AM,15.8,6.8,67,SSW,6.7,11.4,29.3,0.0,Fair
2025-12-09,9:00 AM,16.5,8.3,70,SSW,7.2,13.4,29.29,0.0,Partly Cloudy
2025-12-09,10:00 AM,20.7,9.7,62,S,7.3,15.4,29.29,0.0,Cloudy
2025-12-09,11:00 AM,24.8,12.8,60,SSW,9.1,20.6,29.26,0.0,Cloudy
2025-12-09,12:00 PM,28.2,15.4,58,SSW,10.6,23.3,29.22,0.0,Partly Cloudy
2025-12-09,1:00 PM,31.4,16.2,53,S,12.4,27.7,29.15,0.0,Cloudy
2025-12-09,2:00 PM,30.2,17.5,59,SSW,13.0,28.6,29.11,0.0,Cloudy
2025-12-09,3:00 PM,29.8,19.9,66,SSW,14.1,29.8,29.08,0.0,Cloudy
2025-12-09,4:00 PM,31.0,20.9,66,SSW,16.0,32.4,29.05,0.0,Cloudy
2025-12-09,5:00 PM,31.9,22.2,67,SSW,13.9,33.6,29.04,0.0,Cloudy
2025-12-09,6:00 PM,31.0,23.7,74,SSW,11.2,28.6,29.02,0.0,Cloudy
2025-12-09,7:00 PM,31.1,24.2,75,SSW,11.8,23.5,29.0,0.0,Cloudy
2025-12-09,8:00 PM,33.1,22.7,65,SSW,12.5,25.1,28.97,0.0,Cloudy
2025-12-09,9:00 PM,33.6,23.5,66,SW,11.5,25.1,28.98,0.0,Cloudy
2025-12-09,10:00 PM,33.9,23.8,66,SW,11.1,23.3,28.96,0.0,Cloudy
2025-12-09,11:00 PM,35.1,24.2,64,SW,11.0,22.8,28.94,0.0,Cloudy
2025-12-10,12:00 AM,35.4,24.6,64,SW,10.9,22.1,28.93,0.0,Cloudy
2025-12-10,1:00 AM,35.8,25.7,66,SSW,11.2,22.8,28.91,0.0,Cloudy
2025-12-10,2:00 AM,37.0,26.4,65,SSW,12.1,24.8,28.87,0.0,Cloudy
2025-12-10,3:00 AM,36.6,28.7,73,SSW,12.9,26.4,28.85,0.004,Light Drizzle
2025-12-10,4:00 AM,35.9,30.5,81,SSW,13.3,26.8,28.81,0.008,Light Drizzle
2025-12-10,5:00 AM,36.3,30.0,78,SSW,14.2,28.9,28.76,0.004,Light Drizzle
2025-12-10,6:00 AM,38.0,28.2,67,SSW,15.2,30.9,28.71,0.004,Light Drizzle
2025-12-10,7:00 AM,40.2,26.5,58,SSW,17.3,35.8,28.69,0.0,Cloudy
2025-12-10,8:00 AM,41.8,25.3,52,SW,15.6,36.2,28.65,0.004,Light Drizzle
2025-12-10,9:00 AM,39.4,30.9,71,SW,15.3,31.8,28.63,0.02,Drizzle
2025-12-10,10:00 AM,36.5,34.5,92,SW,15.0,32.0,28.63,0.028,Drizzle
2025-12-10,11:00 AM,35.2,35.0,99,SW,15.6,31.1,28.63,0.063,Light Snow
2025-12-10,12:00 PM,35.2,35.1,100,SW,15.6,32.0,28.62,0.071,Light Snow
2025-12-10,1:00 PM,35.3,35.2,100,SW,14.6,31.3,28.58,0.047,Light Snow
2025-12-10,2:00 PM,37.2,36.2,96,SW,14.1,30.0,28.56,0.035,Drizzle
2025-12-10,3:00 PM,37.6,37.1,98,SW,13.4,28.2,28.56,0.028,Drizzle
2025-12-10,4:00 PM,37.2,36.8,98,SW,13.0,27.1,28.56,0.016,Light Drizzle
2025-12-10,5:00 PM,37.0,35.8,95,WSW,12.8,27.7,28.58,0.008,Light Drizzle
2025-12-10,6:00 PM,35.6,34.0,94,WSW,11.8,25.3,28.6,0.008,Light Drizzle
2025-12-10,7:00 PM,34.6,32.6,92,WSW,14.1,27.5,28.63,0.012,Light Snow
2025-12-10,8:00 PM,35.2,33.2,92,W,13.7,28.0,28.67,0.012,Light Drizzle
2025-12-10,9:00 PM,32.8,31.6,95,NW,12.7,28.2,28.73,0.028,Light Snow
2025-12-10,10:00 PM,31.2,28.8,91,NW,14.0,28.2,28.78,0.008,Light Snow
2025-12-10,11:00 PM,29.2,25.9,87,NW,12.7,28.4,28.82,0.0,Cloudy
2025-12-11,12:00 AM,28.4,23.5,82,NW,11.3,26.6,28.85,0.0,Cloudy
2025-12-11,1:00 AM,27.5,21.2,77,NW,9.7,23.7,28.89,0.0,Cloudy
2025-12-11,2:00 AM,28.3,21.2,74,NW,9.4,21.0,28.92,0.0,Cloudy
2025-12-11,3:00 AM,28.0,19.5,70,WNW,9.3,20.6,28.94,0.0,Cloudy
2025-12-11,4:00 AM,27.6,20.2,73,NW,10.9,22.1,28.97,0.0,Cloudy
2025-12-11,5:00 AM,26.8,16.8,66,NW,13.3,27.7,28.98,0.004,Light Snow
2025-12-11,6:00 AM,24.1,12.5,61,WNW,10.2,28.6,29.0,0.0,Cloudy
2025-12-11,7:00 AM,24.0,13.4,63,WNW,8.4,20.8,29.02,0.0,Cloudy
2025-12-11,8:00 AM,23.3,13.4,65,WNW,7.6,19.9,29.05,0.0,Cloudy
2025-12-11,9:00 AM,23.9,16.1,72,WNW,8.5,17.9,29.06,0.004,Light Snow
2025-12-11,10:00 AM,24.8,14.8,65,W,11.9,24.8,29.07,0.004,Light Snow
2025-12-11,11:00 AM,25.5,10.2,52,WNW,14.7,30.4,29.1,0.0,Cloudy
2025-12-11,12:00 PM,27.6,10.2,48,WNW,14.7,33.3,29.1,0.0,Cloudy
2025-12-11,1:00 PM,27.6,12.3,52,WNW,13.8,32.0,29.08,0.0,Cloudy
2025-12-11,2:00 PM,27.8,13.9,56,W,12.6,30.0,29.07,0.0,Cloudy
2025-12-11,3:00 PM,28.9,14.0,53,W,13.7,28.6,29.06,0.0,Cloudy
2025-12-11,4:00 PM,28.9,15.5,57,WNW,14.0,30.6,29.07,0.0,Cloudy
2025-12-11,5:00 PM,28.7,15.7,58,WNW,10.7,29.1,29.08,0.0,Cloudy
2025-12-11,6:00 PM,28.2,13.6,54,WNW,9.8,22.6,29.1,0.0,Partly Cloudy
2025-12-11,7:00 PM,26.4,13.2,57,WNW,8.8,20.4,29.11,0.0,Fair
2025-12-11,8:00 PM,26.9,17.6,68,WNW,7.5,17.9,29.13,0.0,Cloudy
2025-12-11,9:00 PM,26.9,17.6,68,W,7.4,16.1,29.15,0.0,Cloudy
2025-12-11,10:00 PM,26.9,16.2,64,W,9.1,18.6,29.15,0.0,Cloudy
2025-12-11,11:00 PM,27.1,14.8,60,W,9.1,19.2,29.17,0.0,Cloudy
2025-12-12,12:00 AM,27.1,14.8,60,W,8.8,19.7,29.2,0.0,Cloudy
2025-12-12,1:00 AM,26.9,16.3,64,W,7.5,17.9,29.2,0.0,Cloudy
2025-12-12,2:00 AM,27.1,16.5,64,WNW,7.7,16.3,29.22,0.0,Cloudy
2025-12-12,3:00 AM,27.0,17.3,67,WNW,6.5,16.3,29.22,0.0,Cloudy
2025-12-12,4:00 AM,26.9,18.2,70,W,6.0,13.9,29.23,0.0,Cloudy
2025-12-12,5:00 AM,26.8,17.2,67,W,5.6,13.2,29.23,0.0,Cloudy
2025-12-12,6:00 AM,26.7,16.2,64,WNW,4.8,12.3,29.21,0.0,Cloudy
2025-12-12,7:00 AM,26.8,17.2,67,NW,4.9,11.0,29.22,0.0,Cloudy
2025-12-12,8:00 AM,23.6,17.8,78,WSW,2.8,10.7,29.24,0.0,Fair
2025-12-12,9:00 AM,23.5,17.4,77,WSW,3.2,5.8,29.26,0.0,Cloudy
2025-12-12,10:00 AM,26.3,16.4,66,W,1.8,6.5,29.28,0.0,Cloudy
2025-12-12,11:00 AM,28.8,12.7,51,W,1.8,7.6,29.29,0.0,Cloudy
2025-12-12,12:00 PM,30.8,12.3,46,SW,2.5,9.4,29.3,0.0,Partly Cloudy
2025-12-12,1:00 PM,32.4,11.2,41,WSW,2.8,10.5,29.28,0.0,Partly Cloudy
2025-12-12,2:00 PM,32.5,13.1,44,W,1.4,10.5,29.26,0.0,Fair
2025-12-12,3:00 PM,33.8,12.6,41,WSW,2.1,8.3,29.25,0.0,Fair
2025-12-12,4:00 PM,33.8,11.8,40,WSW,2.6,8.5,29.24,0.0,Fair
2025-12-12,5:00 PM,32.5,12.3,43,WSW,3.4,8.9,29.25,0.0,Fair
2025-12-12,6:00 PM,28.8,13.7,53,WSW,4.0,6.9,29.25,0.0,Fair
2025-12-12,7:00 PM,27.3,15.3,60,WSW,3.9,7.2,29.24,0.0,Fair
2025-12-12,8:00 PM,25.6,16.8,69,WSW,1.5,6.5,29.25,0.0,Fair
2025-12-12,9:00 PM,26.1,18.7,73,S,1.3,2.9,29.25,0.0,Fair
2025-12-12,10:00 PM,25.6,18.1,73,SSE,4.7,7.6,29.24,0.0,Fair
2025-12-12,11:00 PM,25.4,18.4,74,SSW,4.7,8.9,29.23,0.0,Cloudy
2025-12-13,12:00 AM,26.2,19.3,75,SW,4.5,8.5,29.23,0.0,Cloudy
2025-12-13,1:00 AM,29.6,21.8,73,SW,5.0,12.5,29.23,0.0,Cloudy
2025-12-13,2:00 AM,29.8,21.5,71,SSW,4.8,11.2,29.21,0.0,Cloudy
2025-12-13,3:00 AM,29.5,21.7,73,SSW,6.3,12.8,29.19,0.0,Cloudy
2025-12-13,4:00 AM,28.2,22.4,78,SW,6.2,12.8,29.2,0.0,Cloudy
2025-12-13,5:00 AM,29.2,22.9,77,SW,6.6,13.4,29.2,0.0,Cloudy
2025-12-13,6:00 AM,29.9,23.6,77,SW,7.8,15.7,29.18,0.0,Cloudy
2025-12-13,7:00 AM,30.5,24.6,79,SW,9.1,18.8,29.18,0.0,Cloudy
2025-12-13,8:00 AM,30.7,24.2,76,SW,8.2,20.4,29.2,0.0,Cloudy
2025-12-13,9:00 AM,30.8,24.7,78,SW,9.0,18.3,29.2,0.0,Cloudy
2025-12-13,10:00 AM,31.2,25.3,78,SW,9.8,20.8,29.22,0.004,Light Snow
2025-12-13,11:00 AM,32.8,24.9,72,WSW,13.6,28.4,29.23,0.0,Cloudy
2025-12-13,12:00 PM,33.6,24.9,70,WSW,12.7,28.6,29.22,0.0,Cloudy
2025-12-13,1:00 PM,34.4,24.6,67,WSW,12.2,26.8,29.18,0.0,Cloudy
2025-12-13,2:00 PM,34.2,24.9,69,WSW,11.9,26.6,29.16,0.0,Cloudy
2025-12-13,3:00 PM,33.4,25.8,73,WSW,10.2,25.1,29.18,0.012,Light Snow
2025-12-13,4:00 PM,32.5,27.0,80,WSW,7.8,21.3,29.18,0.028,Light Snow
2025-12-13,5:00 PM,30.9,28.0,89,WSW,6.7,16.8,29.19,0.043,Light Snow
2025-12-13,6:00 PM,30.1,28.1,92,W,6.4,14.1,29.2,0.043,Light Snow
2025-12-13,7:00 PM,29.7,27.4,91,W,6.4,13.9,29.19,0.028,Light Snow
2025-12-13,8:00 PM,27.5,25.2,91,W,6.8,19.2,29.22,0.035,Light Snow
2025-12-13,9:00 PM,26.6,23.6,88,WNW,7.2,15.4,29.22,0.035,Light Snow
2025-12-13,10:00 PM,25.1,22.1,88,WNW,7.0,16.6,29.22,0.035,Light Snow
2025-12-13,11:00 PM,23.9,20.3,86,NW,8.0,18.1,29.23,0.031,Light Snow
2025-12-14,12:00 AM,22.0,18.0,84,NW,7.5,18.1,29.23,0.024,Light Snow
2025-12-14,1:00 AM,20.8,16.5,83,NW,7.9,18.3,29.23,0.012,Light Snow
2025-12-14,2:00 AM,19.9,15.2,81,NW,8.3,19.7,29.25,0.008,Light Snow
2025-12-14,3:00 AM,18.3,13.1,80,NW,9.0,20.6,29.26,0.004,Light Snow
2025-12-14,4:00 AM,17.2,11.8,79,WNW,8.9,20.4,29.28,0.004,Light Snow
2025-12-14,5:00 AM,15.4,10.8,81,WNW,8.4,18.6,29.29,0.0,Cloudy
2025-12-14,6:00 AM,14.4,9.7,81,WNW,9.2,18.6,29.3,0.0,Fair
2025-12-14,7:00 AM,13.6,8.0,78,WNW,9.6,19.9,29.32,0.0,Cloudy
2025-12-14,8:00 AM,13.9,8.1,77,WNW,10.1,19.7,29.36,0.0,Cloudy
2025-12-14,9:00 AM,12.7,6.7,76,WNW,10.3,21.3,29.39,0.0,Cloudy
2025-12-14,10:00 AM,12.1,5.6,75,WNW,8.8,21.5,29.42,0.0,Fair
2025-12-14,11:00 AM,12.1,1.9,63,WNW,11.4,23.9,29.44,0.0,Fair
2025-12-14,12:00 PM,12.3,1.0,60,WNW,13.4,28.4,29.46,0.0,Partly Cloudy
2025-12-14,1:00 PM,12.3,1.2,61,WNW,13.8,30.0,29.45,0.0,Cloudy
2025-12-14,2:00 PM,13.1,-0.1,55,WNW,13.6,30.2,29.47,0.0,Partly Cloudy
2025-12-14,3:00 PM,12.9,1.2,59,WNW,13.5,28.9,29.48,0.0,Fair
2025-12-14,4:00 PM,12.5,0.5,58,WNW,12.7,28.9,29.5,0.0,Fair
2025-12-14,5:00 PM,11.8,2.4,65,WNW,12.7,26.8,29.53,0.0,Fair
2025-12-14,6:00 PM,10.8,2.8,70,WNW,12.4,26.6,29.56,0.0,Fair
2025-12-14,7:00 PM,10.1,3.0,72,W,11.4,25.3,29.58,0.0,Cloudy
2025-12-14,8:00 PM,10.9,4.0,73,W,10.8,22.8,29.62,0.0,Cloudy
2025-12-14,9:00 PM,9.5,4.2,79,W,9.6,21.9,29.64,0.0,Cloudy
2025-12-14,10:00 PM,10.9,5.7,79,W,8.5,19.2,29.63,0.0,Cloudy
2025-12-14,11:00 PM,10.9,6.2,81,W,8.6,17.7,29.63,0.0,Cloudy
2025-12-15,12:00 AM,11.8,7.4,82,WSW,7.4,17.7,29.62,0.0,Cloudy
2025-12-15,1:00 AM,12.5,8.2,83,WSW,8.4,16.8,29.62,0.0,Cloudy
2025-12-15,2:00 AM,8.7,4.7,84,WSW,8.0,18.8,29.64,0.0,Cloudy
2025-12-15,3:00 AM,8.5,4.8,85,WSW,7.6,16.1,29.62,0.0,Cloudy
2025-12-15,4:00 AM,7.9,4.3,85,WSW,6.2,15.2,29.63,0.0,Fair
2025-12-15,5:00 AM,6.3,3.0,86,SW,5.8,12.1,29.62,0.0,Partly Cloudy
2025-12-15,6:00 AM,6.6,3.5,87,SW,6.0,12.5,29.63,0.0,Cloudy
2025-12-15,7:00 AM,7.4,3.9,85,SW,6.0,12.5,29.64,0.0,Cloudy
2025-12-15,8:00 AM,7.2,3.4,84,SW,6.9,14.5,29.66,0.0,Cloudy
2025-12-15,9:00 AM,7.6,3.6,83,SSW,8.3,17.0,29.65,0.0,Cloudy
2025-12-15,10:00 AM,8.2,3.6,81,SSW,8.5,18.3,29.65,0.0,Cloudy
2025-12-15,11:00 AM,9.0,3.6,79,SW,8.8,19.7,29.65,0.0,Cloudy
2025-12-15,12:00 PM,10.6,4.1,75,SW,9.8,20.8,29.62,0.0,Cloudy
2025-12-15,1:00 PM,12.5,5.9,74,SW,9.4,21.0,29.56,0.0,Cloudy
2025-12-15,2:00 PM,15.2,8.4,74,SW,9.3,20.1,29.52,0.0,Cloudy
2025-12-15,3:00 PM,16.1,9.0,73,SW,9.0,19.9,29.49,0.0,Cloudy
2025-12-15,4:00 PM,17.2,9.0,69,SSW,9.1,19.7,29.46,0.0,Cloudy
2025-12-15,5:00 PM,17.1,9.0,70,SSW,6.7,19.7,29.42,0.0,Fair
2025-12-15,6:00 PM,15.6,9.9,78,S,5.6,14.1,29.38,0.0,Cloudy
2025-12-15,7:00 PM,15.7,10.3,79,S,6.6,13.2,29.35,0.0,Cloudy
2025-12-15,8:00 PM,18.3,11.6,74,SSW,8.1,14.3,29.34,0.0,Cloudy
2025-12-15,9:00 PM,18.7,11.6,73,SSW,7.5,16.1,29.32,0.0,Cloudy
2025-12-15,10:00 PM,16.6,10.6,77,SSW,7.2,15.2,29.32,0.0,Cloudy
2025-12-15,11:00 PM,16.3,10.0,76,SW,6.3,14.5,29.31,0.0,Cloudy
2025-12-16,12:00 AM,16.1,9.9,76,SW,5.9,12.3,29.31,0.0,Cloudy
2025-12-16,1:00 AM,15.7,9.7,77,SW,5.9,11.6,29.3,0.0,Fair
2025-12-16,2:00 AM,15.0,8.5,75,SW,5.5,11.4,29.31,0.0,Fair
2025-12-16,3:00 AM,14.5,8.4,77,SW,5.3,10.3,29.31,0.0,Fair
2025-12-16,4:00 AM,13.7,8.2,78,SW,4.4,9.8,29.33,0.0,Fair
2025-12-16,5:00 AM,13.1,7.6,78,SW,4.1,8.3,29.33,0.0,Fair
2025-12-16,6:00 AM,12.7,7.3,79,SW,4.2,7.8,29.32,0.0,Fair
2025-12-16,7:00 AM,12.4,7.3,80,SSW,4.0,8.1,29.32,0.0,Fair
2025-12-16,8:00 AM,12.7,7.7,80,S,4.6,7.4,29.34,0.0,Fair
2025-12-16,9:00 AM,12.3,7.3,80,S,4.1,8.3,29.34,0.0,Fair
2025-12-16,10:00 AM,14.6,9.1,78,S,4.3,9.8,29.34,0.0,Fair
2025-12-16,11:00 AM,19.2,10.4,68,S,4.5,11.0,29.36,0.0,Partly Cloudy
2025-12-16,12:00 PM,22.9,11.9,62,SSW,5.0,12.3,29.36,0.0,Cloudy
2025-12-16,1:00 PM,26.0,13.6,59,SSW,6.0,14.5,29.32,0.0,Cloudy
2025-12-16,2:00 PM,31.6,14.7,49,SSW,7.5,15.2,29.29,0.0,Cloudy
2025-12-16,3:00 PM,32.3,15.9,50,SSW,7.1,17.0,29.26,0.0,Cloudy
2025-12-16,4:00 PM,32.9,17.5,53,SSW,6.4,16.8,29.25,0.0,Cloudy
2025-12-16,5:00 PM,32.3,19.0,58,SSW,7.1,15.0,29.24,0.0,Cloudy
2025-12-16,6:00 PM,29.8,19.8,66,SW,7.1,15.2,29.23,0.0,Cloudy
2025-12-16,7:00 PM,28.6,20.5,71,SSW,7.9,15.0,29.21,0.0,Cloudy
2025-12-16,8:00 PM,34.3,26.1,72,SSW,9.7,17.2,29.21,0.0,Cloudy
2025-12-16,9:00 PM,34.5,26.6,73,SSW,10.0,19.9,29.2,0.0,Cloudy
2025-12-16,10:00 PM,35.2,27.5,73,SSW,10.3,20.8,29.19,0.0,Cloudy
2025-12-16,11:00 PM,35.8,28.1,73,SSW,10.5,21.3,29.17,0.0,Cloudy
2025-12-17,12:00 AM,36.4,28.7,73,SSW,10.3,21.3,29.15,0.0,Cloudy
2025-12-17,1:00 AM,36.8,29.9,76,SSW,10.0,20.8,29.14,0.0,Cloudy
2025-12-17,2:00 AM,38.4,28.6,68,SSW,11.4,22.1,29.11,0.0,Cloudy
2025-12-17,3:00 AM,39.1,27.9,64,SSW,12.0,24.4,29.1,0.0,Cloudy
2025-12-17,4:00 AM,39.6,27.2,61,SW,11.6,24.8,29.1,0.0,Cloudy
2025-12-17,5:00 AM,39.4,26.8,60,SW,11.8,24.2,29.09,0.0,Cloudy
2025-12-17,6:00 AM,39.2,26.7,61,SW,12.1,24.6,29.08,0.0,Partly Cloudy
2025-12-17,7:00 AM,37.9,26.4,63,SW,12.2,24.6,29.07,0.0,Cloudy
2025-12-17,8:00 AM,39.5,24.9,56,SW,12.0,25.5,29.08,0.0,Cloudy
2025-12-17,9:00 AM,38.8,24.5,56,SW,12.0,24.2,29.1,0.0,Cloudy
2025-12-17,10:00 AM,39.1,25.0,57,SW,12.2,25.1,29.11,0.0,Cloudy
2025-12-17,11:00 AM,39.8,25.8,57,SW,11.6,25.3,29.13,0.0,Cloudy
2025-12-17,12:00 PM,41.0,26.5,56,WSW,10.8,25.3,29.15,0.0,Cloudy
2025-12-17,1:00 PM,41.3,27.7,58,WSW,9.0,23.0,29.15,0.0,Fair
2025-12-17,2:00 PM,46.9,28.9,49,WSW,11.0,22.4,29.14,0.0,Fair
2025-12-17,3:00 PM,44.6,28.1,52,WSW,9.6,24.2,29.16,0.0,Cloudy
2025-12-17,4:00 PM,43.2,28.9,57,W,8.1,21.7,29.19,0.0,Fair
2025-12-17,5:00 PM,40.2,29.4,65,W,5.2,17.9,29.22,0.0,Fair
2025-12-17,6:00 PM,33.4,26.1,74,W,3.8,10.7,29.24,0.0,Fair
2025-12-17,7:00 PM,30.1,24.9,81,SW,3.9,6.5,29.25,0.0,Fair
2025-12-17,8:00 PM,31.6,26.5,81,W,4.5,6.5,29.25,0.0,Cloudy
2025-12-17,9:00 PM,30.7,25.6,81,WNW,1.7,7.2,29.28,0.0,Cloudy
2025-12-17,10:00 PM,30.4,26.0,83,ENE,1.5,2.9,29.27,0.0,Cloudy
2025-12-17,11:00 PM,28.0,24.8,88,SE,3.3,5.1,29.26,0.0,Cloudy
2025-12-18,12:00 AM,30.3,26.8,87,SSE,5.2,9.2,29.26,0.0,Fair
2025-12-18,1:00 AM,30.3,26.8,87,SE,4.7,9.4,29.25,0.0,Fair
2025-12-18,2:00 AM,30.6,25.6,82,SSE,5.8,9.4,29.25,0.0,Fair
2025-12-18,3:00 AM,31.2,25.2,78,SSE,6.5,10.7,29.25,0.0,Fair
2025-12-18,4:00 AM,31.9,25.1,76,SSE,6.7,12.8,29.23,0.0,Fair
2025-12-18,5:00 AM,32.5,24.7,73,SSE,5.4,11.6,29.22,0.0,Fair
2025-12-18,6:00 AM,32.4,24.5,73,SSE,5.6,9.6,29.21,0.0,Fair
2025-12-18,7:00 AM,33.0,25.2,73,SSE,6.5,12.1,29.19,0.0,Fair
2025-12-18,8:00 AM,35.2,26.1,69,SSE,6.7,11.4,29.19,0.0,Fair
2025-12-18,9:00 AM,36.3,25.6,65,SSE,6.6,12.3,29.18,0.0,Cloudy
2025-12-18,10:00 AM,40.5,26.0,56,SSE,7.0,13.0,29.18,0.0,Cloudy
2025-12-18,11:00 AM,45.5,27.8,50,S,8.6,16.6,29.17,0.0,Cloudy
2025-12-18,12:00 PM,49.4,28.8,45,S,9.6,21.3,29.15,0.0,Cloudy
2025-12-18,1:00 PM,52.4,29.6,41,S,9.5,21.7,29.1,0.0,Fair
2025-12-18,2:00 PM,56.8,28.9,34,S,9.9,22.4,29.04,0.0,Cloudy
2025-12-18,3:00 PM,56.8,30.8,37,S,13.0,27.5,29.02,0.0,Cloudy
2025-12-18,4:00 PM,55.2,33.3,43,S,11.6,27.1,29.0,0.0,Cloudy
2025-12-18,5:00 PM,52.3,36.2,54,S,11.1,23.9,28.97,0.0,Cloudy
2025-12-18,6:00 PM,50.6,38.4,63,S,11.8,23.5,28.96,0.0,Cloudy
2025-12-18,7:00 PM,49.5,41.8,75,S,13.1,25.9,28.95,0.004,Light Drizzle
2025-12-18,8:00 PM,50.5,46.5,86,S,13.8,27.5,28.89,0.004,Light Drizzle
2025-12-18,9:00 PM,49.5,47.6,93,S,14.2,28.9,28.84,0.0,Cloudy
2025-12-18,10:00 PM,49.5,47.6,93,SSE,15.8,31.1,28.78,0.0,Cloudy
2025-12-18,11:00 PM,50.0,47.5,91,SSE,15.8,31.8,28.73,0.004,Light Drizzle
2025-12-19,12:00 AM,49.6,47.3,92,S,15.6,31.8,28.68,0.008,Light Drizzle
2025-12-19,1:00 AM,50.9,46.8,86,S,15.2,31.3,28.63,0.0,Cloudy
2025-12-19,2:00 AM,56.7,47.3,71,SSE,15.7,32.2,28.52,0.0,Cloudy
2025-12-19,3:00 AM,52.5,51.3,95,S,15.1,42.1,28.48,0.165,Rain
2025-12-19,4:00 AM,47.4,46.8,98,WSW,21.0,43.8,28.56,0.185,Rain
2025-12-19,5:00 AM,42.4,42.0,98,WSW,11.2,41.2,28.61,0.047,Drizzle
2025-12-19,6:00 AM,41.3,40.1,96,SW,14.1,28.0,28.65,0.008,Light Drizzle
2025-12-19,7:00 AM,40.4,39.0,95,SW,13.4,28.0,28.66,0.004,Light Drizzle
2025-12-19,8:00 AM,39.8,39.0,97,WSW,11.7,27.7,28.66,0.012,Light Drizzle
2025-12-19,9:00 AM,39.1,37.4,94,WSW,11.7,23.0,28.65,0.004,Light Drizzle
2025-12-19,10:00 AM,33.9,31.7,92,W,18.7,37.6,28.7,0.008,Light Drizzle
2025-12-19,11:00 AM,29.5,25.2,84,W,16.1,38.5,28.77,0.008,Light Snow
2025-12-19,12:00 PM,26.3,15.5,63,W,18.2,39.6,28.83,0.0,Cloudy
2025-12-19,1:00 PM,25.8,13.6,59,W,18.5,38.7,28.86,0.0,Cloudy
2025-12-19,2:00 PM,25.8,15.9,66,WSW,18.1,39.8,28.89,0.0,Cloudy
2025-12-19,3:00 PM,25.1,15.3,66,WSW,19.4,41.8,28.93,0.008,Light Snow
2025-12-19,4:00 PM,23.5,11.1,59,W,19.6,41.8,28.98,0.004,Light Snow
2025-12-19,5:00 PM,23.0,11.6,61,W,17.6,42.3,29.03,0.004,Light Snow
2025-12-19,6:00 PM,21.2,7.4,55,W,16.8,38.3,29.09,0.0,Partly Cloudy
2025-12-19,7:00 PM,20.2,7.6,58,W,12.5,34.9,29.15,0.0,Partly Cloudy
2025-12-19,8:00 PM,19.6,11.4,70,W,11.7,34.4,29.21,0.0,Partly Cloudy
2025-12-19,9:00 PM,18.7,10.3,69,W,10.4,26.4,29.26,0.0,Fair
2025-12-19,10:00 PM,18.2,10.3,71,WSW,8.9,21.5,29.29,0.0,Fair
2025-12-19,11:00 PM,18.3,10.7,72,WSW,8.4,18.8,29.34,0.0,Fair
2025-12-20,12:00 AM,18.7,10.7,70,WSW,6.2,17.2,29.36,0.0,Cloudy
2025-12-20,1:00 AM,18.8,10.2,69,WSW,2.6,12.5,29.34,0.0,Cloudy
2025-12-20,2:00 AM,19.0,10.2,68,WSW,5.0,8.7,29.34,0.0,Cloudy
2025-12-20,3:00 AM,19.2,10.4,68,WSW,4.7,12.1,29.34,0.0,Fair
2025-12-20,4:00 AM,19.0,11.1,71,SSW,3.0,11.0,29.35,0.0,Fair
2025-12-20,5:00 AM,19.1,11.7,72,S,4.1,8.3,29.32,0.0,Fair
2025-12-20,6:00 AM,19.6,12.3,73,S,4.5,9.2,29.32,0.0,Cloudy
2025-12-20,7:00 AM,20.2,13.0,73,SSE,5.6,11.0,29.3,0.0,Fair
2025-12-20,8:00 AM,19.6,14.2,79,SSE,5.8,12.5,29.34,0.0,Fair
2025-12-20,9:00 AM,20.6,16.2,83,SSE,7.5,13.6,29.32,0.0,Fair
2025-12-20,10:00 AM,25.0,18.8,77,S,8.1,16.1,29.31,0.0,Fair
2025-12-20,11:00 AM,30.1,21.0,69,S,9.1,20.1,29.28,0.0,Partly Cloudy
2025-12-20,12:00 PM,35.3,20.8,55,S,9.0,20.8,29.25,0.0,Cloudy
2025-12-20,1:00 PM,39.5,19.3,44,S,9.0,21.3,29.19,0.0,Cloudy
2025-12-20,2:00 PM,41.3,20.2,43,S,8.3,20.6,29.14,0.0,Cloudy
2025-12-20,3:00 PM,44.5,19.0,36,S,8.3,18.8,29.12,0.0,Cloudy
2025-12-20,4:00 PM,44.8,17.5,33,S,11.4,23.3,29.08,0.0,Cloudy
2025-12-20,5:00 PM,45.2,16.2,31,SSW,12.0,24.4,29.05,0.0,Fair
2025-12-20,6:00 PM,43.5,15.3,32,SSW,11.6,24.4,29.04,0.0,Cloudy
2025-12-20,7:00 PM,41.3,15.2,34,SW,10.4,23.0,29.05,0.0,Cloudy
2025-12-20,8:00 PM,43.8,18.5,36,SW,11.3,20.8,29.04,0.0,Cloudy
2025-12-20,9:00 PM,43.8,20.0,38,SW,11.5,22.8,29.04,0.0,Cloudy
2025-12-20,10:00 PM,43.7,21.1,40,WSW,12.2,24.8,29.06,0.0,Cloudy
2025-12-20,11:00 PM,43.2,21.8,42,WSW,11.6,24.8,29.07,0.0,Cloudy
2025-12-21,12:00 AM,42.6,23.7,47,W,11.3,23.5,29.09,0.0,Cloudy
2025-12-21,1:00 AM,40.8,26.7,57,W,10.2,22.8,29.13,0.0,Cloudy
2025-12-21,2:00 AM,41.4,28.4,60,W,10.6,20.6,29.14,0.0,Partly Cloudy
2025-12-21,3:00 AM,38.5,28.0,66,W,10.8,21.5,29.17,0.0,Fair
2025-12-21,4:00 AM,36.4,26.2,66,W,10.7,21.7,29.21,0.0,Fair
2025-12-21,5:00 AM,34.5,23.5,64,W,10.9,22.1,29.25,0.0,Fair
2025-12-21,6:00 AM,32.5,21.0,62,W,10.0,21.9,29.27,0.0,Fair
2025-12-21,7:00 AM,30.8,19.8,63,WNW,9.9,20.1,29.31,0.0,Fair
2025-12-21,8:00 AM,30.0,19.9,65,W,7.9,19.9,29.34,0.0,Fair
2025-12-21,9:00 AM,28.4,20.4,72,W,8.2,15.7,29.37,0.0,Fair
2025-12-21,10:00 AM,30.6,20.9,67,W,10.3,21.0,29.43,0.0,Fair
2025-12-21,11:00 AM,32.1,20.4,62,WNW,12.0,25.7,29.47,0.0,Fair
2025-12-21,12:00 PM,32.7,19.1,57,WNW,11.2,26.4,29.49,0.0,Fair
2025-12-21,1:00 PM,33.4,17.3,51,WNW,10.7,25.1,29.5,0.0,Fair
2025-12-21,2:00 PM,35.2,18.4,50,WNW,10.6,24.8,29.49,0.0,Fair
2025-12-21,3:00 PM,35.7,17.2,46,WNW,10.4,24.2,29.5,0.0,Fair
2025-12-21,4:00 PM,34.8,16.5,47,WNW,9.7,23.5,29.52,0.0,Fair
2025-12-21,5:00 PM,33.0,16.3,50,NW,7.6,21.0,29.53,0.0,Fair
2025-12-21,6:00 PM,28.9,16.2,58,NW,5.6,15.7,29.55,0.0,Fair
2025-12-21,7:00 PM,27.1,16.2,63,NW,5.4,10.1,29.58,0.0,Fair
2025-12-21,8:00 PM,26.9,14.7,60,NW,5.3,9.6,29.6,0.0,Fair
2025-12-21,9:00 PM,26.3,14.5,61,NW,5.2,10.1,29.62,0.0,Fair
2025-12-21,10:00 PM,25.5,14.4,62,NW,4.7,9.2,29.64,0.0,Fair
2025-12-21,11:00 PM,24.5,14.4,65,NNW,2.8,8.3,29.65,0.0,Fair
2025-12-22,12:00 AM,23.6,14.7,68,N,1.0,4.9,29.66,0.0,Fair
2025-12-22,1:00 AM,23.1,14.5,69,SE,1.3,2.5,29.65,0.0,Fair
2025-12-22,2:00 AM,21.3,15.2,77,S,1.7,4.7,29.67,0.0,Fair
2025-12-22,3:00 AM,21.1,15.2,77,S,2.1,3.4,29.67,0.0,Fair
2025-12-22,4:00 AM,21.2,15.3,77,S,3.1,5.1,29.68,0.0,Fair
2025-12-22,5:00 AM,20.8,15.2,79,S,2.9,5.1,29.67,0.0,Fair
2025-12-22,6:00 AM,20.6,15.0,79,S,4.3,7.2,29.65,0.0,Fair
2025-12-22,7:00 AM,20.5,14.7,78,S,4.4,7.4,29.64,0.0,Fair
2025-12-22,8:00 AM,21.0,15.6,79,SSW,5.1,9.4,29.66,0.0,Fair
2025-12-22,9:00 AM,21.2,15.4,78,SSW,6.1,10.7,29.67,0.0,Fair
2025-12-22,10:00 AM,25.0,15.6,67,S,5.7,11.0,29.7,0.0,Partly Cloudy
2025-12-22,11:00 AM,30.2,15.3,53,SSW,3.7,10.5,29.71,0.0,Cloudy
2025-12-22,12:00 PM,35.2,14.5,42,SSW,4.9,13.0,29.7,0.0,Cloudy
2025-12-22,1:00 PM,39.3,12.7,33,S,4.8,13.6,29.64,0.0,Cloudy
2025-12-22,2:00 PM,41.4,15.2,34,S,4.9,13.4,29.6,0.0,Cloudy
2025-12-22,3:00 PM,43.3,14.4,31,SSW,5.1,13.0,29.59,0.0,Cloudy
2025-12-22,4:00 PM,42.1,14.4,32,SSW,3.9,12.8,29.58,0.0,Cloudy
2025-12-22,5:00 PM,38.4,16.5,41,SSW,2.9,8.5,29.58,0.004,Light Drizzle
2025-12-22,6:00 PM,36.1,18.6,49,SSE,3.6,6.0,29.55,0.004,Light Snow
2025-12-22,7:00 PM,35.7,19.1,51,SSE,6.3,10.5,29.52,0.0,Cloudy
2025-12-22,8:00 PM,34.4,25.4,69,SE,6.6,13.2,29.49,0.0,Cloudy
2025-12-22,9:00 PM,33.6,25.2,71,SE,7.2,12.8,29.47,0.0,Cloudy
2025-12-22,10:00 PM,34.1,23.5,65,SE,7.7,13.9,29.43,0.0,Cloudy
2025-12-22,11:00 PM,36.0,21.7,56,SE,6.7,14.8,29.4,0.0,Cloudy
2025-12-23,12:00 AM,37.3,21.3,52,SSE,7.3,13.4,29.37,0.004,Light Drizzle
2025-12-23,1:00 AM,35.9,25.7,66,SSE,8.3,13.2,29.35,0.012,Light Drizzle
2025-12-23,2:00 AM,34.3,30.7,87,SSE,9.1,15.7,29.3,0.004,Light Drizzle
2025-12-23,3:00 AM,35.6,30.7,82,S,6.1,17.2,29.3,0.004,Light Drizzle
2025-12-23,4:00 AM,35.3,32.6,90,S,7.5,13.0,29.28,0.016,Light Drizzle
2025-12-23,5:00 AM,35.5,34.3,95,SSW,6.9,14.1,29.26,0.031,Drizzle
2025-12-23,6:00 AM,36.0,35.2,97,SSW,5.3,13.4,29.23,0.11,Rain
2025-12-23,7:00 AM,36.8,36.1,97,SSW,5.9,10.7,29.22,0.028,Drizzle
2025-12-23,8:00 AM,38.6,37.9,97,SW,9.3,15.9,29.23,0.012,Light Drizzle
2025-12-23,9:00 AM,39.1,38.8,99,SW,8.3,17.0,29.23,0.008,Light Drizzle
2025-12-23,10:00 AM,40.0,39.7,99,SW,8.3,16.1,29.24,0.008,Light Drizzle
2025-12-23,11:00 AM,41.0,40.7,99,SW,8.5,16.3,29.25,0.004,Light Drizzle
2025-12-23,12:00 PM,42.7,42.2,98,WSW,8.9,17.0,29.25,0.0,Cloudy
2025-12-23,1:00 PM,44.5,43.9,98,WSW,9.0,17.7,29.23,0.0,Cloudy
2025-12-23,2:00 PM,45.5,45.0,98,WSW,8.6,18.1,29.22,0.0,Cloudy
2025-12-23,3:00 PM,46.9,46.0,96,WSW,8.1,18.6,29.21,0.0,Cloudy
2025-12-23,4:00 PM,47.1,46.4,97,WSW,8.0,16.3,29.21,0.0,Cloudy
2025-12-23,5:00 PM,46.9,46.6,99,WSW,8.3,15.7,29.21,0.0,Cloudy
2025-12-23,6:00 PM,46.6,46.3,99,WSW,8.9,16.8,29.21,0.0,Cloudy
2025-12-23,7:00 PM,46.7,46.2,98,WSW,9.1,17.0,29.22,0.0,Cloudy
2025-12-23,8:00 PM,45.9,45.9,100,W,5.3,17.0,29.23,0.0,Cloudy
2025-12-23,9:00 PM,47.9,47.8,100,W,9.0,16.3,29.25,0.004,Light Drizzle
2025-12-23,10:00 PM,48.2,47.8,99,W,9.5,19.0,29.25,0.0,Cloudy
2025-12-23,11:00 PM,47.6,47.3,99,W,8.5,18.3,29.26,0.0,Partly Cloudy
2025-12-24,12:00 AM,45.2,45.0,99,W,8.1,16.6,29.27,0.0,Fair
2025-12-24,1:00 AM,41.8,41.6,99,WNW,7.3,15.7,29.28,0.0,Fair
2025-12-24,2:00 AM,42.0,41.5,98,WNW,8.7,14.5,29.3,0.0,Fair
2025-12-24,3:00 AM,40.4,40.0,99,NW,7.4,15.7,29.32,0.0,Fair
2025-12-24,4:00 AM,37.9,37.5,99,NW,6.6,14.3,29.36,0.0,Fair
2025-12-24,5:00 AM,35.2,34.8,99,NNW,5.9,12.8,29.38,0.0,Fair
2025-12-24,6:00 AM,32.4,32.0,99,NNW,4.9,11.4,29.4,0.0,Fair
2025-12-24,7:00 AM,30.7,30.2,98,NNW,5.1,9.8,29.44,0.0,Fair
2025-12-24,8:00 AM,31.5,30.4,96,NNW,6.0,9.8,29.46,0.0,Fair
2025-12-24,9:00 AM,31.0,30.6,98,N,4.5,10.5,29.48,0.0,Partly Cloudy
2025-12-24,10:00 AM,33.1,32.1,96,N,5.5,9.8,29.52,0.0,Cloudy
2025-12-24,11:00 AM,35.6,32.0,87,NNE,4.9,12.1,29.54,0.0,Cloudy
2025-12-24,12:00 PM,37.8,30.6,75,NNE,4.5,12.8,29.53,0.0,Cloudy
2025-12-24,1:00 PM,39.8,29.9,67,NNE,3.3,12.3,29.5,0.0,Cloudy
2025-12-24,2:00 PM,41.9,30.0,62,N,2.0,10.3,29.48,0.0,Cloudy
2025-12-24,3:00 PM,42.6,29.7,60,N,2.0,7.6,29.46,0.0,Cloudy
2025-12-24,4:00 PM,42.9,29.3,58,NNE,1.4,7.2,29.45,0.0,Cloudy
2025-12-24,5:00 PM,41.6,32.8,71,E,1.0,4.7,29.43,0.0,Cloudy
2025-12-24,6:00 PM,37.6,29.5,72,ESE,2.4,3.4,29.42,0.0,Cloudy
2025-12-24,7:00 PM,37.2,29.7,74,SE,4.1,6.9,29.41,0.0,Cloudy
2025-12-24,8:00 PM,35.4,29.9,80,SSE,3.1,6.7,29.4,0.0,Cloudy
2025-12-24,9:00 PM,35.4,30.7,83,SSE,2.6,5.1,29.4,0.0,Cloudy
2025-12-24,10:00 PM,34.0,29.7,84,SE,2.9,4.7,29.38,0.0,Cloudy
2025-12-24,11:00 PM,34.5,29.8,83,SE,5.1,8.5,29.34,0.0,Cloudy
2025-12-25,12:00 AM,35.1,30.0,82,SSE,4.1,8.7,29.32,0.0,Cloudy
2025-12-25,1:00 AM,35.7,30.4,81,SE,3.8,7.4,29.29,0.0,Cloudy
2025-12-25,2:00 AM,36.9,31.6,81,SSE,5.3,8.5,29.25,0.0,Partly Cloudy
2025-12-25,3:00 AM,36.0,30.7,81,S,5.4,9.4,29.22,0.0,Cloudy
2025-12-25,4:00 AM,36.5,30.8,80,S,4.4,10.7,29.19,0.0,Cloudy
2025-12-25,5:00 AM,37.0,32.6,84,NW,1.9,7.6,29.21,0.051,Light Rain
2025-12-25,6:00 AM,38.0,34.0,85,SW,6.4,10.5,29.18,0.008,Light Drizzle
2025-12-25,7:00 AM,37.4,34.5,89,SSW,4.9,10.5,29.15,0.0,Cloudy
2025-12-25,8:00 AM,38.0,37.0,96,WSW,4.3,7.6,29.16,0.0,Cloudy
2025-12-25,9:00 AM,38.4,38.0,99,W,4.7,8.5,29.18,0.0,Cloudy
2025-12-25,10:00 AM,41.7,40.7,96,NW,8.3,15.2,29.22,0.0,Cloudy
2025-12-25,11:00 AM,43.0,41.5,95,NNW,8.4,17.2,29.25,0.0,Fair
2025-12-25,12:00 PM,44.9,39.7,82,NNW,6.6,18.3,29.24,0.0,Cloudy
2025-12-25,1:00 PM,46.3,37.9,72,NNW,6.3,15.4,29.23,0.0,Cloudy
2025-12-25,2:00 PM,45.6,36.5,70,NNW,6.2,15.7,29.25,0.0,Fair
2025-12-25,3:00 PM,46.3,34.0,62,NNW,7.8,17.9,29.25,0.0,Partly Cloudy
2025-12-25,4:00 PM,45.1,32.5,61,NNW,8.5,19.0,29.25,0.0,Cloudy
2025-12-25,5:00 PM,42.7,32.3,66,N,8.4,19.0,29.27,0.0,Cloudy
2025-12-25,6:00 PM,38.5,30.9,74,N,8.4,18.1,29.3,0.0,Cloudy
2025-12-25,7:00 PM,35.6,29.5,78,NNE,7.7,17.2,29.31,0.0,Partly Cloudy
2025-12-25,8:00 PM,33.4,29.5,85,N,7.0,15.4,29.33,0.0,Fair
2025-12-25,9:00 PM,32.5,29.2,87,NNE,6.8,13.6,29.35,0.0,Fair
2025-12-25,10:00 PM,31.4,28.4,89,NNE,6.0,12.8,29.35,0.0,Cloudy
2025-12-25,11:00 PM,30.3,26.8,87,NE,5.6,10.7,29.33,0.0,Cloudy
2025-12-26,12:00 AM,29.4,25.7,86,ENE,5.7,10.1,29.34,0.0,Cloudy
2025-12-26,1:00 AM,29.5,25.3,84,ENE,6.5,12.1,29.32,0.0,Cloudy
2025-12-26,2:00 AM,29.9,26.7,88,ENE,6.2,13.0,29.28,0.0,Cloudy
2025-12-26,3:00 AM,30.4,26.6,86,ENE,5.7,11.6,29.28,0.0,Cloudy
2025-12-26,4:00 AM,30.0,26.1,85,ENE,6.7,12.5,29.26,0.0,Cloudy
2025-12-26,5:00 AM,30.7,25.5,81,ENE,6.8,14.1,29.23,0.0,Cloudy
2025-12-26,6:00 AM,31.2,25.2,78,E,6.5,13.0,29.2,0.0,Cloudy
2025-12-26,7:00 AM,31.9,24.7,74,E,6.8,13.9,29.17,0.0,Cloudy
2025-12-26,8:00 AM,32.8,25.0,73,E,4.8,13.6,29.16,0.0,Cloudy
2025-12-26,9:00 AM,33.8,25.6,72,E,7.5,13.6,29.13,0.008,Light Drizzle
2025-12-26,10:00 AM,35.1,28.0,75,ESE,8.0,16.3,29.09,0.004,Light Drizzle
2025-12-26,11:00 AM,37.5,27.9,68,ESE,9.2,18.1,29.05,0.0,Cloudy
2025-12-26,12:00 PM,37.9,36.4,94,SE,8.0,18.6,29.0,0.071,Light Rain
2025-12-26,1:00 PM,40.4,39.9,98,SSE,8.5,17.9,28.92,0.035,Drizzle
2025-12-26,2:00 PM,42.1,41.5,98,S,9.2,19.9,28.87,0.02,Drizzle
2025-12-26,3:00 PM,44.7,44.5,99,SSW,9.2,18.1,28.83,0.012,Light Drizzle
2025-12-26,4:00 PM,47.7,47.5,99,SSW,12.0,23.0,28.79,0.016,Light Drizzle
2025-12-26,5:00 PM,51.1,50.8,99,SW,16.4,35.3,28.76,0.075,Light Rain
2025-12-26,6:00 PM,53.0,52.6,99,WSW,17.1,38.3,28.78,0.106,Rain
2025-12-26,7:00 PM,52.8,52.3,98,WSW,15.1,34.0,28.81,0.02,Drizzle
2025-12-26,8:00 PM,54.1,53.9,99,W,11.9,29.8,28.83,0.024,Drizzle
2025-12-26,9:00 PM,53.9,53.7,99,WNW,11.8,26.8,28.87,0.028,Drizzle
2025-12-26,10:00 PM,47.9,47.1,97,NW,11.7,24.4,28.92,0.004,Light Drizzle
2025-12-26,11:00 PM,43.1,42.4,97,NW,11.5,23.5,28.97,0.0,Cloudy
2025-12-27,12:00 AM,39.6,38.3,95,NW,10.0,23.5,29.01,0.0,Cloudy
2025-12-27,1:00 AM,37.7,36.5,95,NW,7.4,20.6,29.03,0.0,Cloudy
2025-12-27,2:00 AM,39.4,38.8,98,NW,6.0,15.2,29.05,0.0,Cloudy
2025-12-27,3:00 AM,38.1,37.3,97,NW,6.0,12.5,29.09,0.0,Cloudy
2025-12-27,4:00 AM,36.5,35.7,97,NNW,5.5,12.3,29.12,0.0,Cloudy
2025-12-27,5:00 AM,35.8,34.5,95,NNW,5.1,10.7,29.14,0.0,Cloudy
2025-12-27,6:00 AM,34.9,33.4,94,NW,4.9,10.1,29.15,0.0,Cloudy
2025-12-27,7:00 AM,34.3,32.4,92,NW,4.5,9.6,29.18,0.0,Cloudy
2025-12-27,8:00 AM,35.1,33.6,94,NNW,5.0,8.9,29.2,0.0,Cloudy
2025-12-27,9:00 AM,35.0,33.2,93,NNW,4.4,9.6,29.22,0.0,Cloudy
2025-12-27,10:00 AM,35.2,32.3,89,N,4.6,9.8,29.24,0.0,Cloudy
2025-12-27,11:00 AM,35.6,31.6,85,NNE,3.7,10.1,29.26,0.0,Cloudy
2025-12-27,12:00 PM,36.1,31.4,83,NE,3.2,9.4,29.26,0.0,Cloudy
2025-12-27,1:00 PM,36.8,31.1,80,NE,2.6,9.2,29.25,0.0,Cloudy
2025-12-27,2:00 PM,36.9,31.1,79,ESE,0.9,8.1,29.24,0.0,Cloudy
2025-12-27,3:00 PM,37.9,31.6,78,E,0.7,5.4,29.25,0.0,Cloudy
2025-12-27,4:00 PM,37.9,31.5,77,E,1.6,5.8,29.26,0.0,Cloudy
2025-12-27,5:00 PM,37.5,31.3,78,ESE,2.5,6.3,29.27,0.0,Cloudy
2025-12-27,6:00 PM,36.5,31.4,81,ESE,2.9,6.5,29.26,0.0,Cloudy
2025-12-27,7:00 PM,35.8,31.5,84,ESE,4.0,7.4,29.26,0.0,Cloudy
2025-12-27,8:00 PM,34.9,32.6,91,ENE,3.8,8.1,29.27,0.0,Cloudy
2025-12-27,9:00 PM,34.9,32.6,91,ENE,5.1,9.4,29.28,0.0,Cloudy
2025-12-27,10:00 PM,34.3,32.5,93,E,5.3,10.1,29.27,0.0,Cloudy
2025-12-27,11:00 PM,33.5,32.4,95,E,5.5,10.1,29.26,0.0,Cloudy
2025-12-28,12:00 AM,32.9,32.0,96,E,5.7,10.7,29.24,0.0,Cloudy
2025-12-28,1:00 AM,31.9,31.0,96,E,5.0,10.5,29.23,0.0,Cloudy
2025-12-28,2:00 AM,33.2,32.6,98,ESE,4.5,8.9,29.21,0.0,Cloudy
2025-12-28,3:00 AM,33.7,33.2,98,ESE,4.2,8.5,29.2,0.0,Cloudy
2025-12-28,4:00 AM,34.8,34.2,98,ESE,5.1,8.7,29.18,0.0,Cloudy
2025-12-28,5:00 AM,35.1,34.3,97,ESE,4.7,8.9,29.16,0.0,Cloudy
2025-12-28,6:00 AM,35.6,34.7,96,SE,5.2,8.9,29.14,0.0,Cloudy
2025-12-28,7:00 AM,36.5,35.3,95,SE,4.5,8.9,29.12,0.0,Cloudy
2025-12-28,8:00 AM,38.0,36.5,94,SSE,5.4,9.4,29.12,0.0,Cloudy
2025-12-28,9:00 AM,38.7,37.9,97,SSE,5.6,11.4,29.1,0.008,Light Drizzle
2025-12-28,10:00 AM,40.6,39.9,97,S,7.1,12.8,29.1,0.008,Light Drizzle
2025-12-28,11:00 AM,42.4,41.6,97,S,7.0,13.4,29.07,0.024,Drizzle
2025-12-28,12:00 PM,48.8,46.9,93,SSW,10.2,19.0,29.06,0.0,Cloudy
2025-12-28,1:00 PM,51.9,49.4,91,SSW,11.3,20.6,29.01,0.0,Cloudy
2025-12-28,2:00 PM,53.7,51.5,92,S,11.7,22.8,28.93,0.0,Cloudy
2025-12-28,3:00 PM,57.2,53.5,87,SSW,11.9,22.6,28.9,0.0,Cloudy
2025-12-28,4:00 PM,58.3,53.2,83,S,12.4,25.9,28.87,0.0,Cloudy
2025-12-28,5:00 PM,58.0,53.2,84,S,11.1,25.3,28.84,0.0,Cloudy
2025-12-28,6:00 PM,57.9,53.3,85,SSW,12.2,25.3,28.82,0.0,Cloudy
2025-12-28,7:00 PM,57.9,52.9,83,SSW,12.1,24.6,28.8,0.0,Cloudy
2025-12-28,8:00 PM,58.6,53.6,84,SSW,12.0,25.5,28.77,0.004,Light Drizzle
2025-12-28,9:00 PM,59.4,53.5,81,SSW,14.0,27.5,28.75,0.0,Cloudy
2025-12-28,10:00 PM,61.1,54.0,77,SSW,14.8,30.0,28.74,0.0,Cloudy
2025-12-28,11:00 PM,62.1,54.2,76,SSW,15.3,31.5,28.7,0.0,Cloudy
2025-12-29,12:00 AM,62.9,53.8,72,SSW,17.0,35.1,28.67,0.0,Cloudy
2025-12-29,1:00 AM,60.4,54.7,81,SSW,16.9,40.3,28.62,0.008,Light Drizzle
2025-12-29,2:00 AM,61.6,54.3,77,SSW,16.5,42.7,28.58,0.012,Light Drizzle
2025-12-29,3:00 AM,58.1,56.8,95,SW,16.9,38.9,28.56,0.047,Drizzle
2025-12-29,4:00 AM,56.4,55.4,96,WSW,15.4,39.6,28.59,0.102,Rain
2025-12-29,5:00 AM,51.4,50.1,95,WSW,16.1,40.5,28.59,0.028,Drizzle
2025-12-29,6:00 AM,48.2,46.9,95,WSW,17.0,38.9,28.62,0.028,Drizzle
2025-12-29,7:00 AM,43.1,39.1,86,WSW,16.0,37.1,28.65,0.0,Cloudy
2025-12-29,8:00 AM,39.2,35.3,86,W,17.2,40.0,28.7,0.0,Cloudy
2025-12-29,9:00 AM,36.9,28.6,72,WSW,17.5,39.6,28.73,0.0,Cloudy
2025-12-29,10:00 AM,34.1,24.9,69,WSW,19.4,40.7,28.77,0.0,Cloudy
2025-12-29,11:00 AM,31.4,20.7,64,WSW,20.5,43.6,28.81,0.0,Cloudy
2025-12-29,12:00 PM,28.7,19.0,67,WSW,21.0,44.5,28.84,0.0,Cloudy
2025-12-29,1:00 PM,26.9,14.2,58,WSW,21.6,45.9,28.84,0.0,Cloudy
2025-12-29,2:00 PM,24.7,13.8,63,W,21.7,45.6,28.87,0.004,Light Snow
2025-12-29,3:00 PM,23.5,11.2,59,WSW,20.7,47.2,28.9,0.004,Light Snow
2025-12-29,4:00 PM,22.9,10.4,58,WSW,20.1,43.8,28.92,0.004,Light Snow
2025-12-29,5:00 PM,23.0,10.7,59,WSW,19.9,47.2,28.94,0.0,Cloudy
2025-12-29,6:00 PM,22.9,11.4,61,WSW,17.5,43.4,28.96,0.0,Cloudy
2025-12-29,7:00 PM,23.4,12.7,63,W,20.1,42.1,28.99,0.0,Cloudy
2025-12-29,8:00 PM,22.7,15.8,74,WSW,18.2,41.8,29.04,0.004,Light Snow
2025-12-29,9:00 PM,22.5,15.7,75,WSW,16.7,39.8,29.05,0.004,Light Snow
2025-12-29,10:00 PM,22.1,16.3,78,WSW,15.2,36.7,29.07,0.0,Cloudy
2025-12-29,11:00 PM,22.6,17.1,79,WSW,17.0,34.2,29.08,0.004,Light Snow
2025-12-30,12:00 AM,23.0,18.1,81,WSW,14.4,35.8,29.09,0.004,Light Snow
2025-12-30,1:00 AM,23.2,18.2,81,W,14.0,34.2,29.1,0.012,Light Snow
2025-12-30,2:00 AM,22.6,19.0,86,WSW,11.6,31.1,29.13,0.02,Light Snow
2025-12-30,3:00 AM,22.5,18.2,84,W,10.3,27.5,29.13,0.02,Light Snow
2025-12-30,4:00 AM,22.7,18.0,82,W,11.8,25.3,29.13,0.031,Light Snow
2025-12-30,5:00 AM,22.6,18.5,84,W,11.5,28.2,29.13,0.031,Light Snow
2025-12-30,6:00 AM,22.8,18.7,84,WNW,10.3,30.0,29.13,0.012,Light Snow
2025-12-30,7:00 AM,22.1,15.0,74,WNW,15.0,31.5,29.14,0.004,Light Snow
2025-12-30,8:00 AM,21.7,14.5,73,WNW,13.4,30.6,29.17,0.0,Cloudy
2025-12-30,9:00 AM,21.1,13.6,72,WNW,12.5,28.0,29.18,0.0,Cloudy
2025-12-30,10:00 AM,21.3,13.1,70,WNW,15.0,31.3,29.18,0.0,Cloudy
2025-12-30,11:00 AM,22.2,14.8,73,WNW,11.6,31.1,29.2,0.0,Cloudy
2025-12-30,12:00 PM,22.5,15.4,74,W,14.5,30.4,29.18,0.004,Light Snow
2025-12-30,1:00 PM,21.9,14.4,72,W,17.1,36.2,29.16,0.0,Cloudy
2025-12-30,2:00 PM,22.3,12.8,67,W,15.4,36.5,29.15,0.0,Cloudy
2025-12-30,3:00 PM,21.7,12.1,66,W,14.9,33.1,29.15,0.0,Cloudy
2025-12-30,4:00 PM,21.7,12.2,66,W,14.6,32.9,29.15,0.0,Cloudy
2025-12-30,5:00 PM,21.5,12.5,68,W,14.0,31.1,29.15,0.0,Cloudy
2025-12-30,6:00 PM,21.0,13.0,71,W,12.4,29.8,29.15,0.0,Cloudy
2025-12-30,7:00 PM,20.8,12.5,70,W,12.9,27.5,29.16,0.0,Cloudy
2025-12-30,8:00 PM,20.9,13.2,72,W,12.0,27.3,29.16,0.0,Cloudy
2025-12-30,9:00 PM,20.3,12.8,72,WSW,11.9,25.5,29.17,0.0,Cloudy
2025-12-30,10:00 PM,20.2,12.0,70,W,12.4,26.4,29.16,0.0,Cloudy
2025-12-30,11:00 PM,19.9,12.2,71,W,10.8,26.4,29.15,0.0,Cloudy
2025-12-31,12:00 AM,19.4,12.7,75,W,9.1,22.8,29.13,0.0,Cloudy
2025-12-31,1:00 AM,19.1,13.2,77,W,9.2,19.2,29.11,0.004,Light Snow
2025-12-31,2:00 AM,19.9,13.8,77,W,11.4,23.9,29.1,0.004,Light Snow
2025-12-31,3:00 AM,19.8,13.3,76,W,10.5,25.1,29.1,0.004,Light Snow
2025-12-31,4:00 AM,20.1,14.8,80,WSW,8.7,23.3,29.09,0.004,Light Snow
2025-12-31,5:00 AM,20.7,15.8,81,WSW,9.6,19.7,29.07,0.004,Light Snow
2025-12-31,6:00 AM,21.1,16.8,83,SW,9.3,20.8,29.05,0.0,Light Snow
2025-12-31,7:00 AM,21.9,17.7,83,SW,8.9,19.2,29.05,0.0,Cloudy
2025-12-31,8:00 AM,22.5,18.7,85,SW,9.3,18.6,29.06,0.004,Light Snow
2025-12-31,9:00 AM,22.8,19.3,86,SW,8.7,18.8,29.05,0.004,Light Snow
2025-12-31,10:00 AM,23.7,20.2,86,SW,10.2,21.0,29.04,0.004,Light Snow
2025-12-31,11:00 AM,24.9,20.8,84,SW,11.8,24.4,29.05,0.004,Light Snow
2025-12-31,12:00 PM,25.7,21.6,84,SW,11.9,24.8,29.04,0.004,Light Snow
2025-12-31,1:00 PM,26.6,22.4,84,SW,11.6,24.6,28.99,0.0,Cloudy
2025-12-31,2:00 PM,28.0,23.2,82,SW,13.0,27.1,28.97,0.0,Cloudy
2025-12-31,3:00 PM,28.2,23.6,83,SW,13.0,26.8,28.95,0.004,Light Snow
2025-12-31,4:00 PM,28.9,24.4,83,SW,12.7,28.0,28.92,0.004,Light Snow
2025-12-31,5:00 PM,29.3,24.9,83,SW,11.2,26.4,28.91,0.004,Light Snow
2025-12-31,6:00 PM,29.4,25.2,84,SW,12.3,24.8,28.89,0.012,Light Snow
2025-12-31,7:00 PM,29.8,25.7,85,SW,13.9,28.4,28.88,0.012,Light Snow
2025-12-31,8:00 PM,30.4,26.4,85,WSW,14.7,28.9,28.9,0.031,Light Snow
2025-12-31,9:00 PM,30.1,26.9,88,WSW,13.4,30.0,28.89,0.031,Light Snow
2025-12-31,10:00 PM,30.2,27.0,88,WSW,14.0,28.6,28.87,0.016,Light Snow
2025-12-31,11:00 PM,30.3,27.1,88,WSW,14.9,30.4,28.84,0.012,Light Snow
2026-01-01,12:00 AM,30.7,27.3,87,WSW,15.9,32.2,28.83,0.008,Light Snow
2026-01-01,1:00 AM,31.3,28.0,88,WSW,16.9,34.9,28.8,0.008,Light Snow
2026-01-01,2:00 AM,28.6,26.0,90,NW,17.2,34.9,28.84,0.047,Snow
2026-01-01,3:00 AM,22.7,18.1,82,NW,13.4,35.6,28.92,0.012,Light Snow
2026-01-01,4:00 AM,21.7,17.2,83,NW,11.5,28.0,28.97,0.004,Light Snow
2026-01-01,5:00 AM,20.0,15.7,83,NW,9.7,24.2,29.0,0.0,Cloudy
2026-01-01,6:00 AM,18.3,13.2,80,WNW,9.8,20.4,29.04,0.0,Cloudy
2026-01-01,7:00 AM,16.6,10.3,76,WNW,9.1,20.6,29.06,0.0,Fair
2026-01-01,8:00 AM,14.7,8.4,76,WNW,8.5,19.0,29.1,0.0,Fair
2026-01-01,9:00 AM,11.7,6.4,79,W,7.2,17.0,29.12,0.0,Fair
2026-01-01,10:00 AM,12.1,6.6,78,W,6.8,14.3,29.15,0.0,Fair
2026-01-01,11:00 AM,14.2,6.7,72,W,7.5,17.7,29.17,0.0,Fair
2026-01-01,12:00 PM,15.4,6.1,66,WNW,9.0,19.7,29.18,0.0,Cloudy
2026-01-01,1:00 PM,16.1,6.3,65,W,8.7,20.4,29.17,0.0,Cloudy
2026-01-01,2:00 PM,17.2,6.0,61,W,8.4,19.7,29.16,0.0,Cloudy
2026-01-01,3:00 PM,17.1,6.1,61,W,7.5,18.6,29.15,0.0,Partly Cloudy
2026-01-01,4:00 PM,16.8,5.9,62,WSW,7.0,17.0,29.13,0.0,Partly Cloudy
2026-01-01,5:00 PM,16.1,5.7,63,WSW,6.6,16.1,29.1,0.0,Partly Cloudy
2026-01-01,6:00 PM,13.7,6.7,73,WSW,3.7,14.3,29.09,0.0,Cloudy
2026-01-01,7:00 PM,14.5,8.3,76,WSW,3.8,8.9,29.11,0.0,Cloudy
2026-01-01,8:00 PM,17.2,10.9,76,WSW,4.6,8.5,29.09,0.0,Cloudy
2026-01-01,9:00 PM,17.0,11.5,79,WSW,4.1,9.6,29.09,0.004,Light Snow
2026-01-01,10:00 PM,17.2,12.3,81,WSW,3.9,8.7,29.08,0.004,Light Snow
2026-01-01,11:00 PM,17.8,12.8,81,SW,3.7,8.7,29.07,0.004,Light Snow
2026-01-02,12:00 AM,18.1,13.6,82,SSW,4.5,9.6,29.05,0.004,Light Snow
2026-01-02,1:00 AM,18.8,14.3,82,SSW,4.7,10.3,29.02,0.0,Cloudy
2026-01-02,2:00 AM,18.8,14.1,82,SW,4.3,9.8,29.01,0.0,Cloudy
2026-01-02,3:00 AM,19.2,14.4,81,SW,4.5,9.6,29.0,0.0,Cloudy
2026-01-02,4:00 AM,19.4,14.3,80,SW,5.1,10.7,29.0,0.0,Cloudy
2026-01-02,5:00 AM,19.6,14.8,81,SW,5.0,10.5,28.99,0.0,Partly Cloudy
2026-01-02,6:00 AM,19.0,14.8,84,WSW,4.8,10.3,28.97,0.0,Fair
2026-01-02,7:00 AM,17.1,13.5,85,WSW,4.7,9.6,28.97,0.0,Fair
2026-01-02,8:00 AM,20.0,15.1,81,WSW,5.2,8.9,28.99,0.0,Cloudy
2026-01-02,9:00 AM,19.7,15.1,82,W,4.8,10.5,29.0,0.0,Cloudy
2026-01-02,10:00 AM,20.7,15.4,80,W,4.8,10.5,29.02,0.0,Cloudy
2026-01-02,11:00 AM,21.4,13.3,71,W,6.4,14.3,29.03,0.0,Cloudy
2026-01-02,12:00 PM,22.6,13.1,66,W,6.9,15.7,29.03,0.0,Fair
2026-01-02,1:00 PM,23.5,13.3,64,W,7.6,17.4,29.02,0.0,Fair
2026-01-02,2:00 PM,25.5,14.3,62,WNW,9.0,19.7,29.0,0.0,Fair
2026-01-02,3:00 PM,24.9,14.2,63,WNW,8.5,19.9,29.0,0.0,Fair
2026-01-02,4:00 PM,24.2,14.8,67,WNW,7.3,19.2,29.02,0.0,Partly Cloudy
2026-01-02,5:00 PM,23.3,15.4,72,WNW,6.6,16.8,29.04,0.0,Cloudy
2026-01-02,6:00 PM,21.7,15.5,77,WNW,5.7,15.2,29.05,0.0,Cloudy
2026-01-02,7:00 PM,18.6,14.3,83,WNW,4.7,11.9,29.07,0.0,Fair
2026-01-02,8:00 PM,18.7,14.4,83,NW,6.1,9.2,29.07,0.0,Fair
2026-01-02,9:00 PM,16.6,12.4,83,NW,4.8,11.0,29.08,0.0,Fair
2026-01-02,10:00 PM,15.4,11.1,83,NW,4.7,8.9,29.09,0.0,Fair
2026-01-02,11:00 PM,14.3,10.0,83,WNW,4.2,8.7,29.11,0.0,Partly Cloudy
2026-01-03,12:00 AM,13.4,9.3,84,WNW,4.1,7.6,29.11,0.0,Cloudy
2026-01-03,1:00 AM,13.3,9.5,85,W,4.1,7.8,29.12,0.0,Cloudy
2026-01-03,2:00 AM,13.6,10.0,85,WNW,4.2,7.8,29.12,0.0,Cloudy
2026-01-03,3:00 AM,12.9,9.6,86,WNW,3.4,8.1,29.13,0.0,Cloudy
2026-01-03,4:00 AM,14.4,10.9,86,W,3.0,6.5,29.14,0.0,Cloudy
2026-01-03,5:00 AM,14.4,11.1,87,WSW,3.2,6.3,29.15,0.0,Cloudy
2026-01-03,6:00 AM,13.6,10.6,88,WSW,3.1,6.3,29.15,0.0,Cloudy
2026-01-03,7:00 AM,14.0,11.0,88,WNW,2.7,5.8,29.16,0.0,Cloudy
2026-01-03,8:00 AM,14.0,11.3,89,SW,2.6,4.9,29.18,0.0,Cloudy
2026-01-03,9:00 AM,14.5,12.0,90,SW,2.7,6.3,29.19,0.0,Cloudy
2026-01-03,10:00 AM,17.2,13.6,85,WSW,2.6,6.5,29.21,0.0,Cloudy
2026-01-03,11:00 AM,19.1,14.1,80,WSW,2.2,6.5,29.22,0.0,Cloudy
2026-01-03,12:00 PM,21.0,14.3,75,W,1.6,5.8,29.23,0.0,Cloudy
2026-01-03,1:00 PM,22.6,14.5,71,WNW,1.7,5.4,29.21,0.0,Cloudy
2026-01-03,2:00 PM,23.6,14.4,67,WNW,2.2,5.8,29.18,0.0,Cloudy
2026-01-03,3:00 PM,24.6,14.7,66,WNW,2.7,7.4,29.18,0.0,Cloudy
2026-01-03,4:00 PM,24.8,15.0,66,WNW,1.9,7.4,29.17,0.0,Cloudy
2026-01-03,5:00 PM,24.8,15.2,66,NW,2.2,6.3,29.18,0.0,Cloudy
2026-01-03,6:00 PM,23.4,16.7,75,WNW,1.7,6.5,29.18,0.0,Cloudy
2026-01-03,7:00 PM,23.5,16.8,75,WSW,1.3,3.4,29.17,0.0,Cloudy
2026-01-03,8:00 PM,22.6,16.0,76,W,2.6,2.9,29.17,0.0,Cloudy
2026-01-03,9:00 PM,22.5,16.6,78,W,2.5,5.1,29.16,0.0,Cloudy
2026-01-03,10:00 PM,23.5,18.0,79,W,2.1,4.9,29.16,0.0,Cloudy
2026-01-03,11:00 PM,23.7,18.4,80,W,2.3,5.6,29.17,0.0,Cloudy
2026-01-04,12:00 AM,24.1,19.0,80,WNW,2.8,6.0,29.17,0.0,Cloudy
2026-01-04,1:00 AM,24.0,19.0,81,WNW,3.1,6.5,29.18,0.004,Light Snow
2026-01-04,2:00 AM,23.7,18.8,81,NW,4.2,8.1,29.19,0.0,Cloudy
2026-01-04,3:00 AM,23.5,19.0,82,NW,3.6,8.3,29.21,0.004,Light Snow
2026-01-04,4:00 AM,23.3,19.0,84,W,3.1,7.8,29.22,0.0,Cloudy
2026-01-04,5:00 AM,23.2,19.0,84,WNW,3.6,7.8,29.22,0.0,Cloudy
2026-01-04,6:00 AM,22.9,19.0,85,W,2.3,7.6,29.22,0.0,Cloudy
2026-01-04,7:00 AM,21.8,18.5,87,W,2.2,5.4,29.24,0.0,Cloudy
2026-01-04,8:00 AM,22.6,19.4,87,W,3.9,5.6,29.27,0.0,Cloudy
2026-01-04,9:00 AM,19.7,17.0,89,WNW,3.5,7.4,29.29,0.0,Partly Cloudy
2026-01-04,10:00 AM,20.1,17.1,88,W,3.1,7.6,29.31,0.0,Cloudy
2026-01-04,11:00 AM,24.7,19.8,81,WNW,3.6,8.5,29.34,0.0,Cloudy
2026-01-04,12:00 PM,26.9,21.0,78,WNW,5.4,12.3,29.35,0.0,Cloudy
2026-01-04,1:00 PM,27.6,21.7,78,WNW,6.2,14.3,29.35,0.0,Cloudy
2026-01-04,2:00 PM,28.2,21.6,76,WNW,5.7,14.3,29.34,0.0,Cloudy
2026-01-04,3:00 PM,28.1,21.6,76,WNW,5.0,13.4,29.33,0.0,Cloudy
2026-01-04,4:00 PM,28.3,21.7,76,WNW,4.4,11.9,29.34,0.0,Cloudy
2026-01-04,5:00 PM,28.0,21.8,78,WNW,4.0,10.5,29.34,0.0,Cloudy
2026-01-04,6:00 PM,26.9,22.6,84,WNW,1.9,9.6,29.34,0.0,Cloudy
2026-01-04,7:00 PM,25.9,21.9,85,W,1.9,3.8,29.35,0.0,Cloudy
2026-01-04,8:00 PM,27.1,22.0,81,NNE,1.4,3.4,29.36,0.0,Cloudy
2026-01-04,9:00 PM,26.4,21.9,83,NE,1.6,2.9,29.37,0.0,Cloudy
2026-01-04,10:00 PM,25.5,21.9,86,ENE,4.0,7.8,29.34,0.0,Cloudy
2026-01-04,11:00 PM,24.1,21.3,89,E,4.2,7.8,29.33,0.0,Cloudy
2026-01-05,12:00 AM,23.3,20.8,90,ESE,4.3,7.8,29.32,0.0,Cloudy
2026-01-05,1:00 AM,23.4,20.7,89,SE,4.2,8.9,29.3,0.0,Cloudy
2026-01-05,2:00 AM,22.9,19.9,88,SE,4.7,8.1,29.28,0.0,Cloudy
2026-01-05,3:00 AM,23.6,20.2,87,SE,2.9,8.7,29.28,0.0,Cloudy
2026-01-05,4:00 AM,23.4,19.9,86,ESE,4.3,8.1,29.26,0.0,Cloudy
2026-01-05,5:00 AM,25.0,21.0,85,ESE,3.7,8.7,29.26,0.0,Cloudy
2026-01-05,6:00 AM,25.6,21.4,84,ESE,3.5,7.4,29.23,0.0,Cloudy
2026-01-05,7:00 AM,24.1,20.0,84,SE,4.0,6.9,29.21,0.0,Cloudy
2026-01-05,8:00 AM,24.0,19.9,84,SSE,4.6,7.6,29.2,0.0,Cloudy
2026-01-05,9:00 AM,22.4,18.1,83,SSE,4.8,8.5,29.17,0.0,Cloudy
2026-01-05,10:00 AM,25.2,19.2,78,S,4.5,9.8,29.17,0.0,Cloudy
2026-01-05,11:00 AM,30.7,20.9,67,S,4.6,11.0,29.16,0.0,Fair
2026-01-05,12:00 PM,35.3,22.5,59,SSW,5.4,13.2,29.14,0.0,Cloudy
2026-01-05,1:00 PM,38.8,23.9,55,SSW,6.0,15.0,29.1,0.0,Cloudy
2026-01-05,2:00 PM,43.3,26.2,51,SSW,8.0,16.6,29.07,0.0,Cloudy
2026-01-05,3:00 PM,43.3,25.5,49,SSW,7.8,18.3,29.04,0.0,Cloudy
2026-01-05,4:00 PM,43.6,26.2,50,SW,7.2,18.3,29.03,0.0,Cloudy
2026-01-05,5:00 PM,42.8,27.1,54,SW,7.8,18.1,29.03,0.0,Cloudy
2026-01-05,6:00 PM,39.7,27.9,62,SW,6.5,16.8,29.03,0.0,Cloudy
2026-01-05,7:00 PM,37.0,27.9,69,SW,6.1,12.5,29.05,0.0,Fair
2026-01-05,8:00 PM,37.5,29.9,74,SW,7.1,11.2,29.07,0.0,Cloudy
2026-01-05,9:00 PM,36.4,29.8,77,WSW,6.1,12.8,29.08,0.0,Cloudy
2026-01-05,10:00 PM,35.3,29.6,79,SW,5.3,11.2,29.08,0.0,Cloudy
2026-01-05,11:00 PM,34.4,29.3,81,SW,5.3,9.6,29.07,0.0,Cloudy
2026-01-06,12:00 AM,33.9,29.4,83,SW,4.6,9.8,29.07,0.0,Cloudy
2026-01-06,1:00 AM,32.9,28.9,85,SW,3.9,8.3,29.06,0.0,Cloudy
2026-01-06,2:00 AM,32.5,28.1,84,SSW,4.0,7.2,29.04,0.0,Cloudy
2026-01-06,3:00 AM,31.6,27.7,85,SSW,3.8,7.2,29.04,0.0,Cloudy
2026-01-06,4:00 AM,33.2,29.6,86,S,5.2,8.7,29.05,0.0,Cloudy
2026-01-06,5:00 AM,33.2,30.2,89,S,4.1,9.8,29.03,0.0,Cloudy
2026-01-06,6:00 AM,32.5,29.7,89,S,4.5,7.8,29.0,0.0,Cloudy
2026-01-06,7:00 AM,33.6,30.7,89,S,5.7,10.1,29.0,0.0,Cloudy
2026-01-06,8:00 AM,36.0,32.0,85,S,7.3,12.1,28.98,0.0,Cloudy
2026-01-06,9:00 AM,36.1,32.5,86,S,7.2,13.4,28.97,0.0,Cloudy
2026-01-06,10:00 AM,37.7,33.0,83,S,6.9,14.1,28.95,0.0,Cloudy
2026-01-06,11:00 AM,40.9,34.2,77,S,7.6,16.6,28.94,0.0,Cloudy
2026-01-06,12:00 PM,43.8,35.6,73,S,6.5,16.8,28.9,0.0,Cloudy
2026-01-06,1:00 PM,48.3,39.3,71,SSW,12.7,25.3,28.85,0.0,Cloudy
2026-01-06,2:00 PM,47.2,42.2,83,SSW,11.1,25.9,28.82,0.004,Light Drizzle
2026-01-06,3:00 PM,45.2,44.1,96,SW,10.7,22.6,28.8,0.012,Light Drizzle
2026-01-06,4:00 PM,45.0,44.6,99,SSW,10.8,21.5,28.79,0.004,Light Drizzle
2026-01-06,5:00 PM,45.1,44.8,99,SSW,12.0,22.8,28.77,0.004,Light Drizzle
2026-01-06,6:00 PM,45.1,44.5,98,SSW,11.5,23.7,28.77,0.008,Light Drizzle
2026-01-06,7:00 PM,43.6,43.3,99,SW,6.7,22.6,28.79,0.02,Drizzle
2026-01-06,8:00 PM,44.2,43.7,98,WSW,8.0,13.2,28.8,0.043,Drizzle
2026-01-06,9:00 PM,42.2,41.9,99,WSW,7.1,15.4,28.79,0.02,Drizzle
2026-01-06,10:00 PM,43.7,43.1,98,WSW,11.6,22.4,28.8,0.004,Light Drizzle
2026-01-06,11:00 PM,44.2,43.6,98,WSW,13.1,25.9,28.82,0.0,Cloudy
2026-01-07,12:00 AM,45.0,43.5,95,WSW,14.0,27.5,28.83,0.004,Light Drizzle
2026-01-07,1:00 AM,44.4,43.2,95,W,13.9,27.3,28.85,0.0,Cloudy
2026-01-07,2:00 AM,44.5,43.2,95,W,13.5,27.5,28.86,0.0,Cloudy
2026-01-07,3:00 AM,42.7,41.4,95,W,11.3,26.2,28.88,0.0,Cloudy
2026-01-07,4:00 AM,41.6,40.6,96,WNW,8.4,21.9,28.92,0.0,Cloudy
2026-01-07,5:00 AM,40.3,39.5,97,WNW,5.6,16.1,28.94,0.0,Cloudy
2026-01-07,6:00 AM,39.7,38.9,97,SW,3.5,10.1,28.95,0.004,Light Drizzle
2026-01-07,7:00 AM,38.5,38.2,99,SW,4.8,10.1,28.96,0.012,Light Drizzle
2026-01-07,8:00 AM,40.6,39.3,95,WNW,8.3,9.2,28.97,0.02,Drizzle
2026-01-07,9:00 AM,39.4,38.9,98,WNW,6.9,14.8,28.99,0.004,Light Drizzle
2026-01-07,10:00 AM,40.0,38.8,96,WNW,8.5,15.4,29.03,0.0,Partly Cloudy
2026-01-07,11:00 AM,42.9,40.3,90,WNW,6.8,15.7,29.05,0.0,Fair
2026-01-07,12:00 PM,45.4,40.9,84,W,9.6,20.4,29.08,0.0,Partly Cloudy
2026-01-07,1:00 PM,47.2,40.4,77,W,10.0,21.9,29.08,0.0,Partly Cloudy
2026-01-07,2:00 PM,46.6,38.6,74,W,9.3,22.1,29.09,0.0,Cloudy
2026-01-07,3:00 PM,46.9,38.4,72,W,8.8,19.9,29.09,0.0,Cloudy
2026-01-07,4:00 PM,46.8,38.3,72,W,8.5,19.2,29.1,0.0,Cloudy
2026-01-07,5:00 PM,45.7,38.5,76,WNW,6.5,18.1,29.12,0.0,Cloudy
2026-01-07,6:00 PM,43.6,38.2,81,WNW,5.0,13.4,29.14,0.0,Cloudy
2026-01-07,7:00 PM,41.7,37.9,86,W,3.2,9.8,29.17,0.0,Cloudy
2026-01-07,8:00 PM,40.2,37.5,90,WSW,3.1,6.0,29.18,0.0,Cloudy
2026-01-07,9:00 PM,38.1,36.1,92,WSW,3.4,5.1,29.19,0.0,Cloudy
2026-01-07,10:00 PM,39.6,37.4,92,WSW,5.3,8.7,29.2,0.0,Cloudy
2026-01-07,11:00 PM,38.5,36.5,93,WSW,5.0,8.7,29.21,0.0,Cloudy
2026-01-08,12:00 AM,37.7,35.7,92,WSW,5.3,8.7,29.22,0.0,Cloudy
2026-01-08,1:00 AM,36.8,34.8,92,WSW,4.7,8.5,29.22,0.0,Cloudy
2026-01-08,2:00 AM,37.0,35.2,93,WSW,3.9,7.8,29.23,0.0,Partly Cloudy
2026-01-08,3:00 AM,33.2,32.4,97,SW,3.4,6.5,29.24,0.0,Fair
2026-01-08,4:00 AM,31.9,31.4,98,SSW,3.6,6.3,29.26,0.0,Fair
2026-01-08,5:00 AM,30.7,30.5,99,S,3.6,5.6,29.26,0.0,Fair
2026-01-08,6:00 AM,30.7,30.5,99,S,4.4,7.6,29.25,0.0,Cloudy
2026-01-08,7:00 AM,30.5,30.3,99,S,3.4,7.8,29.27,0.0,Cloudy
2026-01-08,8:00 AM,30.8,30.7,99,S,4.0,6.3,29.29,0.0,Cloudy
2026-01-08,9:00 AM,31.1,31.0,100,S,4.3,8.5,29.3,0.0,Cloudy
2026-01-08,10:00 AM,33.4,33.0,99,S,4.7,10.3,29.32,0.0,Cloudy
2026-01-08,11:00 AM,37.1,35.3,93,S,4.0,10.5,29.34,0.0,Cloudy
2026-01-08,12:00 PM,42.0,37.4,84,S,3.4,10.5,29.33,0.0,Fair
2026-01-08,1:00 PM,42.4,36.7,80,SSE,2.1,9.8,29.29,0.0,Partly Cloudy
2026-01-08,2:00 PM,53.0,40.0,61,SSE,3.3,10.1,29.27,0.0,Cloudy
2026-01-08,3:00 PM,54.0,40.0,59,SE,2.8,9.8,29.25,0.0,Cloudy
2026-01-08,4:00 PM,53.6,40.2,60,SE,3.7,7.6,29.23,0.0,Cloudy
2026-01-08,5:00 PM,51.9,39.3,62,SE,5.4,10.3,29.22,0.0,Cloudy
2026-01-08,6:00 PM,47.6,37.3,67,SE,6.7,11.6,29.22,0.0,Cloudy
2026-01-08,7:00 PM,44.4,35.3,70,SE,7.1,12.5,29.22,0.0,Cloudy
2026-01-08,8:00 PM,47.0,36.2,66,SE,8.5,13.6,29.2,0.0,Cloudy
2026-01-08,9:00 PM,47.6,34.1,59,SSE,9.5,18.1,29.21,0.0,Cloudy
2026-01-08,10:00 PM,46.9,32.5,57,SSE,10.2,19.0,29.21,0.0,Cloudy
2026-01-08,11:00 PM,46.3,32.0,57,SSE,9.7,20.1,29.18,0.004,Light Drizzle
2026-01-09,12:00 AM,47.4,30.9,53,SSE,10.5,20.8,29.15,0.0,Cloudy
2026-01-09,1:00 AM,47.0,30.6,53,S,9.9,20.8,29.15,0.0,Cloudy
2026-01-09,2:00 AM,50.1,30.8,47,S,11.9,21.0,29.13,0.0,Partly Cloudy
2026-01-09,3:00 AM,50.3,32.2,50,S,12.9,25.7,29.1,0.0,Fair
2026-01-09,4:00 AM,50.7,33.6,52,S,13.3,27.1,29.1,0.0,Partly Cloudy
2026-01-09,5:00 AM,50.8,35.1,55,S,13.8,28.0,29.07,0.0,Fair
2026-01-09,6:00 AM,51.0,36.7,58,S,14.0,29.1,29.06,0.0,Partly Cloudy
2026-01-09,7:00 AM,51.4,39.2,63,S,13.6,28.6,29.05,0.02,Drizzle
2026-01-09,8:00 AM,54.3,43.5,67,SSW,14.8,29.8,29.04,0.0,Partly Cloudy
2026-01-09,9:00 AM,55.0,42.5,63,SSW,15.1,31.5,29.03,0.0,Fair
2026-01-09,10:00 AM,56.5,43.5,62,SSW,15.3,31.5,29.03,0.0,Cloudy
2026-01-09,11:00 AM,55.9,47.7,74,SSW,15.7,32.2,29.05,0.043,Drizzle
2026-01-09,12:00 PM,58.6,47.7,67,SSW,15.4,32.2,29.05,0.0,Cloudy
2026-01-09,1:00 PM,58.6,50.0,73,SSW,16.1,33.3,29.03,0.0,Cloudy
2026-01-09,2:00 PM,61.2,52.0,72,SSW,15.0,35.3,29.02,0.0,Cloudy
2026-01-09,3:00 PM,63.6,53.7,70,SSW,15.1,31.5,29.02,0.0,Partly Cloudy
2026-01-09,4:00 PM,61.9,55.2,79,SW,17.1,34.2,29.05,0.004,Light Drizzle
2026-01-09,5:00 PM,59.7,56.3,88,WSW,14.8,34.2,29.1,0.028,Drizzle
2026-01-09,6:00 PM,56.1,46.7,71,WNW,14.7,30.2,29.16,0.0,Fair
2026-01-09,7:00 PM,48.5,39.0,70,WNW,13.2,30.4,29.24,0.0,Partly Cloudy
2026-01-09,8:00 PM,45.8,38.5,76,NW,10.6,26.8,29.29,0.0,Cloudy
2026-01-09,9:00 PM,42.9,37.5,81,NW,7.1,20.6,29.33,0.0,Cloudy
2026-01-09,10:00 PM,40.4,36.9,87,NNW,6.1,13.4,29.34,0.0,Cloudy
2026-01-09,11:00 PM,38.3,35.4,89,N,5.5,11.0,29.36,0.0,Cloudy
2026-01-10,12:00 AM,36.8,34.3,91,NNE,6.0,10.5,29.36,0.0,Cloudy
2026-01-10,1:00 AM,35.4,33.4,92,NNE,5.7,10.7,29.35,0.0,Cloudy
2026-01-10,2:00 AM,36.9,34.1,90,NE,5.4,9.8,29.33,0.0,Cloudy
2026-01-10,3:00 AM,36.6,34.3,91,ENE,5.4,10.5,29.34,0.0,Cloudy
2026-01-10,4:00 AM,36.1,34.4,93,ENE,6.9,12.8,29.34,0.0,Cloudy
2026-01-10,5:00 AM,35.8,34.1,93,ENE,7.0,13.0,29.31,0.0,Cloudy
2026-01-10,6:00 AM,35.5,34.0,94,ENE,7.4,13.6,29.29,0.0,Cloudy
2026-01-10,7:00 AM,35.6,34.1,94,ENE,6.6,14.1,29.25,0.0,Cloudy
2026-01-10,8:00 AM,35.3,33.8,94,E,4.9,12.3,29.23,0.0,Cloudy
2026-01-10,9:00 AM,36.1,34.7,94,ESE,4.8,10.1,29.2,0.0,Cloudy
2026-01-10,10:00 AM,38.4,36.1,91,SE,5.3,9.8,29.16,0.0,Cloudy
2026-01-10,11:00 AM,42.4,39.1,88,SE,6.2,11.0,29.13,0.004,Light Drizzle
2026-01-10,12:00 PM,47.4,44.2,89,S,5.9,13.2,29.09,0.0,Cloudy
2026-01-10,1:00 PM,49.9,47.7,92,S,6.7,11.4,29.04,0.004,Light Drizzle
2026-01-10,2:00 PM,49.1,47.8,95,SSW,7.9,17.4,29.03,0.008,Light Drizzle
2026-01-10,3:00 PM,50.6,49.6,96,SSW,8.3,17.2,28.98,0.004,Light Drizzle
2026-01-10,4:00 PM,50.1,49.6,98,SSW,9.1,17.2,28.97,0.0,Cloudy
2026-01-10,5:00 PM,49.7,49.5,99,SSW,9.7,19.7,28.96,0.008,Light Drizzle
2026-01-10,6:00 PM,49.1,48.5,98,SSW,9.6,19.0,28.95,0.028,Drizzle
2026-01-10,7:00 PM,48.6,47.9,98,SW,9.9,19.5,28.95,0.035,Drizzle
2026-01-10,8:00 PM,48.8,48.4,98,W,12.9,23.5,28.99,0.028,Drizzle
2026-01-10,9:00 PM,45.6,44.6,96,W,12.8,27.7,29.03,0.024,Drizzle
2026-01-10,10:00 PM,43.1,41.9,96,W,12.3,25.5,29.06,0.0,Cloudy
2026-01-10,11:00 PM,40.7,39.0,94,W,11.1,24.4,29.09,0.0,Cloudy
2026-01-11,12:00 AM,37.1,35.8,95,WNW,10.3,22.4,29.1,0.0,Cloudy
2026-01-11,1:00 AM,35.2,33.3,92,W,8.6,21.0,29.13,0.0,Cloudy
2026-01-11,2:00 AM,33.8,30.6,88,W,9.4,20.6,29.14,0.0,Cloudy
2026-01-11,3:00 AM,32.5,28.2,84,W,9.2,20.6,29.15,0.0,Cloudy
2026-01-11,4:00 AM,32.2,27.6,83,W,8.3,20.4,29.15,0.0,Cloudy
2026-01-11,5:00 AM,31.4,27.4,85,WSW,6.9,17.4,29.14,0.0,Cloudy
2026-01-11,6:00 AM,31.1,26.7,84,SW,6.6,14.1,29.11,0.0,Cloudy
2026-01-11,7:00 AM,31.4,27.0,84,SW,8.1,16.3,29.1,0.004,Light Snow
2026-01-11,8:00 AM,32.8,27.8,81,SW,11.5,21.5,29.09,0.008,Light Snow
2026-01-11,9:00 AM,32.3,28.3,85,WSW,13.3,27.1,29.1,0.02,Light Snow
2026-01-11,10:00 AM,31.6,24.4,74,WNW,14.6,31.8,29.13,0.016,Light Snow
2026-01-11,11:00 AM,30.8,22.4,71,WNW,15.5,32.9,29.17,0.0,Cloudy
2026-01-11,12:00 PM,30.6,20.9,67,WNW,15.5,33.3,29.21,0.0,Cloudy
2026-01-11,1:00 PM,30.5,19.5,63,W,15.9,33.6,29.21,0.0,Cloudy
2026-01-11,2:00 PM,30.5,18.8,61,W,18.3,37.1,29.23,0.0,Cloudy
2026-01-11,3:00 PM,29.5,16.6,58,W,17.9,38.7,29.26,0.008,Light Snow
2026-01-11,4:00 PM,28.7,18.1,64,W,15.8,40.3,29.3,0.004,Light Snow
2026-01-11,5:00 PM,28.0,19.5,70,W,16.7,37.6,29.32,0.0,Cloudy
2026-01-11,6:00 PM,27.8,20.6,74,W,16.6,35.6,29.35,0.0,Cloudy
2026-01-11,7:00 PM,28.6,21.8,76,W,13.0,35.6,29.38,0.0,Cloudy
2026-01-11,8:00 PM,28.8,23.5,81,W,10.9,27.7,29.42,0.0,Cloudy
2026-01-11,9:00 PM,29.1,23.9,81,W,11.8,25.5,29.47,0.0,Cloudy
2026-01-11,10:00 PM,29.3,24.4,82,W,10.1,24.2,29.48,0.0,Cloudy
2026-01-11,11:00 PM,29.5,24.9,83,W,9.5,21.3,29.49,0.0,Cloudy
2026-01-12,12:00 AM,29.7,25.1,83,W,9.4,19.7,29.48,0.0,Cloudy
2026-01-12,1:00 AM,29.6,24.5,81,W,9.4,21.7,29.47,0.0,Cloudy
2026-01-12,2:00 AM,28.9,24.1,82,W,9.0,19.9,29.46,0.0,Cloudy
2026-01-12,3:00 AM,28.9,24.0,82,W,8.9,18.6,29.45,0.0,Cloudy
2026-01-12,4:00 AM,28.9,23.9,81,W,8.4,18.8,29.45,0.0,Cloudy
2026-01-12,5:00 AM,29.2,24.4,82,WSW,9.0,18.3,29.45,0.0,Cloudy
2026-01-12,6:00 AM,28.9,23.0,78,WSW,11.1,22.6,29.44,0.0,Cloudy
2026-01-12,7:00 AM,28.0,21.0,75,SW,10.6,23.5,29.43,0.0,Cloudy
2026-01-12,8:00 AM,28.2,20.6,73,SW,12.1,24.8,29.45,0.0,Cloudy
2026-01-12,9:00 AM,27.2,20.3,75,SW,11.9,25.7,29.46,0.0,Cloudy
2026-01-12,10:00 AM,27.3,19.3,71,SW,14.4,30.4,29.46,0.0,Cloudy
2026-01-12,11:00 AM,28.1,19.2,69,SW,15.4,32.7,29.47,0.0,Cloudy
2026-01-12,12:00 PM,30.0,18.9,63,SW,15.8,33.6,29.46,0.0,Cloudy
2026-01-12,1:00 PM,32.9,18.7,55,SW,13.3,35.1,29.42,0.0,Cloudy
2026-01-12,2:00 PM,34.1,19.7,55,SW,12.1,29.3,29.39,0.0,Cloudy
2026-01-12,3:00 PM,34.8,19.9,54,SW,12.3,27.3,29.36,0.0,Cloudy
2026-01-12,4:00 PM,35.1,20.1,54,SW,11.9,26.8,29.35,0.0,Cloudy
2026-01-12,5:00 PM,35.0,20.5,55,SW,11.6,25.5,29.34,0.0,Fair
2026-01-12,6:00 PM,33.2,20.8,60,SW,10.5,23.9,29.32,0.0,Fair
2026-01-12,7:00 PM,31.6,20.8,64,SW,9.9,21.5,29.32,0.0,Fair
2026-01-12,8:00 PM,31.3,20.7,64,SW,9.8,19.9,29.32,0.0,Fair
2026-01-12,9:00 PM,31.0,20.1,64,SW,9.8,19.7,29.31,0.0,Fair
2026-01-12,10:00 PM,31.0,19.9,63,SW,9.3,19.5,29.32,0.0,Fair
2026-01-12,11:00 PM,30.9,19.9,63,SW,8.7,18.6,29.32,0.0,Fair
2026-01-13,12:00 AM,30.4,19.9,65,SW,8.3,17.2,29.32,0.0,Fair
2026-01-13,1:00 AM,30.1,19.9,65,SW,8.7,17.0,29.31,0.0,Fair
2026-01-13,2:00 AM,30.2,20.3,66,SW,9.4,17.4,29.29,0.0,Fair
2026-01-13,3:00 AM,29.8,20.4,67,SW,8.5,17.9,29.28,0.0,Fair
2026-01-13,4:00 AM,29.4,20.6,69,SW,8.1,16.6,29.27,0.0,Fair
2026-01-13,5:00 AM,28.9,20.7,71,SSW,7.7,15.9,29.25,0.0,Fair
2026-01-13,6:00 AM,28.5,20.7,72,SSW,8.6,16.8,29.23,0.0,Fair
2026-01-13,7:00 AM,28.6,20.6,72,SSW,9.0,17.7,29.22,0.0,Fair
2026-01-13,8:00 AM,29.4,20.6,69,SSW,9.8,19.5,29.19,0.0,Cloudy
2026-01-13,9:00 AM,29.8,20.4,68,SSW,9.6,19.9,29.18,0.0,Cloudy
2026-01-13,10:00 AM,31.9,21.3,64,S,7.9,20.4,29.16,0.0,Cloudy
2026-01-13,11:00 AM,35.2,21.6,57,SSW,10.5,22.6,29.14,0.0,Cloudy
2026-01-13,12:00 PM,37.8,22.6,54,S,11.1,24.4,29.1,0.0,Cloudy
2026-01-13,1:00 PM,40.5,23.3,50,S,11.5,25.5,29.03,0.0,Cloudy
2026-01-13,2:00 PM,42.4,24.1,48,S,11.6,26.4,28.96,0.0,Cloudy
2026-01-13,3:00 PM,42.7,25.3,50,S,11.3,24.4,28.9,0.012,Light Snow
2026-01-13,4:00 PM,45.7,26.8,47,SSW,10.8,25.1,28.87,0.0,Cloudy
2026-01-13,5:00 PM,47.1,25.4,42,SW,15.4,32.9,28.84,0.0,Cloudy
2026-01-13,6:00 PM,47.4,25.2,42,SW,15.4,32.2,28.82,0.0,Cloudy
2026-01-13,7:00 PM,47.5,25.7,42,SW,14.7,32.2,28.81,0.0,Cloudy
2026-01-13,8:00 PM,47.5,25.0,41,SW,14.0,30.6,28.82,0.0,Cloudy
2026-01-13,9:00 PM,46.1,28.2,49,SW,13.9,28.4,28.82,0.004,Light Drizzle
2026-01-13,10:00 PM,45.9,28.4,50,SW,13.4,28.6,28.83,0.0,Cloudy
2026-01-13,11:00 PM,44.6,28.6,53,SW,12.6,27.7,28.82,0.0,Cloudy
2026-01-14,12:00 AM,43.7,29.1,56,SW,11.6,25.7,28.8,0.0,Cloudy
2026-01-14,1:00 AM,42.4,29.5,60,SW,10.2,23.5,28.79,0.0,Cloudy
2026-01-14,2:00 AM,43.9,29.7,57,SW,10.0,20.6,28.77,0.0,Cloudy
2026-01-14,3:00 AM,43.1,29.9,60,SW,9.6,19.5,28.76,0.0,Cloudy
2026-01-14,4:00 AM,44.1,30.6,59,SW,9.3,19.2,28.77,0.0,Cloudy
2026-01-14,5:00 AM,45.2,31.6,59,SW,10.4,21.0,28.77,0.0,Cloudy
2026-01-14,6:00 AM,44.9,33.5,64,SW,10.2,21.3,28.77,0.004,Light Drizzle
2026-01-14,7:00 AM,43.0,36.6,78,SW,9.6,20.6,28.76,0.008,Light Drizzle
2026-01-14,8:00 AM,40.2,38.0,92,SW,8.9,18.3,28.76,0.016,Light Drizzle
2026-01-14,9:00 AM,39.7,39.0,97,SW,7.7,15.9,28.76,0.028,Drizzle
2026-01-14,10:00 AM,40.3,39.8,98,SW,7.8,15.4,28.76,0.031,Drizzle
2026-01-14,11:00 AM,40.6,39.9,98,SW,7.6,15.4,28.75,0.024,Drizzle
2026-01-14,12:00 PM,41.2,40.4,97,SW,7.2,15.2,28.74,0.035,Drizzle
2026-01-14,1:00 PM,41.4,40.6,97,WSW,6.1,13.9,28.7,0.047,Drizzle
2026-01-14,2:00 PM,41.7,40.2,94,SW,4.7,11.4,28.67,0.043,Drizzle
2026-01-14,3:00 PM,40.7,40.1,98,WSW,3.2,8.7,28.65,0.024,Drizzle
2026-01-14,4:00 PM,40.6,40.0,98,W,3.0,6.5,28.64,0.031,Drizzle
2026-01-14,5:00 PM,38.7,38.1,98,NW,5.6,11.4,28.64,0.071,Light Rain
2026-01-14,6:00 PM,36.7,36.5,99,NW,3.1,11.2,28.64,0.043,Drizzle
2026-01-14,7:00 PM,35.1,35.0,100,WNW,4.9,9.6,28.64,0.043,Light Snow
2026-01-14,8:00 PM,35.6,35.4,99,WSW,5.5,9.4,28.65,0.024,Drizzle
2026-01-14,9:00 PM,35.1,34.3,97,WSW,8.4,15.0,28.65,0.012,Light Drizzle
2026-01-14,10:00 PM,32.0,30.9,96,WNW,16.8,31.1,28.67,0.012,Light Snow
2026-01-14,11:00 PM,27.3,23.3,85,WNW,13.7,37.4,28.72,0.004,Light Snow
2026-01-15,12:00 AM,26.0,18.8,74,WNW,14.7,30.6,28.75,0.0,Cloudy
2026-01-15,1:00 AM,24.5,15.7,69,WNW,14.8,31.3,28.77,0.004,Light Snow
2026-01-15,2:00 AM,24.1,15.1,68,WNW,12.9,30.9,28.8,0.004,Light Snow
2026-01-15,3:00 AM,22.9,14.8,71,W,12.9,27.1,28.82,0.008,Light Snow
2026-01-15,4:00 AM,20.9,13.2,72,W,13.6,29.5,28.84,0.008,Light Snow
2026-01-15,5:00 AM,20.0,10.9,67,W,13.1,28.9,28.83,0.0,Cloudy
2026-01-15,6:00 AM,19.3,9.1,64,WNW,12.4,27.7,28.83,0.004,Light Snow
2026-01-15,7:00 AM,18.0,8.9,67,WNW,12.7,27.5,28.84,0.004,Light Snow
2026-01-15,8:00 AM,17.0,7.4,66,WNW,13.6,28.0,28.87,0.0,Cloudy
2026-01-15,9:00 AM,15.0,6.3,68,WNW,13.3,29.8,28.89,0.0,Cloudy
2026-01-15,10:00 AM,15.5,4.9,62,W,13.1,28.6,28.9,0.0,Cloudy
2026-01-15,11:00 AM,15.2,5.3,64,W,13.7,30.4,28.91,0.0,Cloudy
2026-01-15,12:00 PM,15.9,4.6,61,W,13.1,29.8,28.92,0.004,Light Snow
2026-01-15,1:00 PM,16.3,3.2,56,W,13.0,28.9,28.9,0.004,Light Snow
2026-01-15,2:00 PM,16.5,3.2,55,W,13.5,30.6,28.9,0.0,Cloudy
2026-01-15,3:00 PM,16.3,2.2,53,W,13.9,30.0,28.91,0.004,Light Snow
2026-01-15,4:00 PM,16.5,3.5,56,WNW,14.4,31.8,28.92,0.004,Light Snow
2026-01-15,5:00 PM,16.3,5.0,61,WNW,13.2,31.1,28.94,0.004,Light Snow
2026-01-15,6:00 PM,15.9,5.8,64,WNW,11.4,28.0,28.95,0.0,Cloudy
2026-01-15,7:00 PM,14.9,5.8,67,WNW,11.8,25.1,28.97,0.0,Cloudy
2026-01-15,8:00 PM,15.0,6.6,69,W,11.8,26.2,29.0,0.0,Partly Cloudy
2026-01-15,9:00 PM,13.4,5.5,70,W,8.6,24.6,29.02,0.0,Fair
2026-01-15,10:00 PM,11.9,5.8,76,W,6.1,18.1,29.02,0.0,Fair
2026-01-15,11:00 PM,11.1,6.3,80,WSW,5.1,12.8,29.02,0.0,Fair
2026-01-16,12:00 AM,10.9,6.6,82,WSW,5.2,10.7,29.02,0.0,Cloudy
2026-01-16,1:00 AM,15.6,9.5,76,WSW,7.6,16.8,29.03,0.0,Cloudy
2026-01-16,2:00 AM,17.1,11.3,78,WSW,7.4,21.0,29.03,0.0,Cloudy
2026-01-16,3:00 AM,17.9,11.8,77,WSW,8.7,18.3,29.05,0.0,Fair
2026-01-16,4:00 AM,16.4,10.8,78,WSW,7.7,18.8,29.06,0.0,Cloudy
2026-01-16,5:00 AM,15.5,10.5,80,SW,6.4,15.9,29.05,0.0,Fair
2026-01-16,6:00 AM,14.5,10.1,82,SW,6.3,13.4,29.04,0.0,Fair
2026-01-16,7:00 AM,14.7,10.5,83,SSW,7.3,14.5,29.03,0.0,Fair
2026-01-16,8:00 AM,16.1,11.8,83,SSW,9.5,16.3,29.03,0.0,Cloudy
2026-01-16,9:00 AM,18.2,12.4,78,SSW,9.7,19.9,29.03,0.0,Cloudy
2026-01-16,10:00 AM,19.9,13.1,74,SSW,8.7,20.1,29.04,0.0,Cloudy
2026-01-16,11:00 AM,21.7,12.9,69,SSW,10.1,22.4,29.05,0.0,Cloudy
2026-01-16,12:00 PM,23.3,13.3,65,SSW,9.9,22.4,29.04,0.0,Cloudy
2026-01-16,1:00 PM,25.0,13.6,62,S,10.3,23.0,29.0,0.0,Cloudy
2026-01-16,2:00 PM,26.7,14.5,59,S,11.0,23.0,28.98,0.0,Cloudy
2026-01-16,3:00 PM,26.9,13.5,57,S,10.6,23.7,28.95,0.0,Cloudy
2026-01-16,4:00 PM,28.3,14.0,55,S,10.3,23.3,28.94,0.0,Cloudy
2026-01-16,5:00 PM,29.6,14.0,52,S,8.6,22.6,28.95,0.0,Cloudy
2026-01-16,6:00 PM,31.2,12.7,46,S,10.5,21.9,28.93,0.0,Cloudy
2026-01-16,7:00 PM,32.5,14.0,46,SSW,11.0,22.4,28.95,0.0,Cloudy
2026-01-16,8:00 PM,32.0,13.6,46,SW,10.3,22.8,28.98,0.0,Cloudy
2026-01-16,9:00 PM,32.4,16.0,50,SW,9.3,20.8,29.0,0.0,Cloudy
2026-01-16,10:00 PM,32.0,20.0,61,SW,9.3,18.8,29.02,0.008,Light Snow
2026-01-16,11:00 PM,31.5,26.1,80,SSW,9.6,20.6,29.03,0.02,Light Snow
2026-01-17,12:00 AM,31.5,27.8,86,SSW,8.5,19.7,29.03,0.012,Light Snow
2026-01-17,1:00 AM,31.1,28.2,89,SSW,7.2,17.2,29.02,0.008,Light Snow
2026-01-17,2:00 AM,30.1,28.5,94,S,6.6,14.5,29.01,0.004,Light Snow
2026-01-17,3:00 AM,30.6,28.7,93,S,6.8,13.4,29.02,0.008,Light Snow
2026-01-17,4:00 AM,31.6,29.8,93,S,6.0,13.9,29.02,0.024,Light Snow
2026-01-17,5:00 AM,31.3,30.2,96,S,6.6,13.2,29.01,0.012,Light Snow
2026-01-17,6:00 AM,31.6,30.7,96,SSW,5.9,12.8,29.02,0.004,Light Snow
2026-01-17,7:00 AM,32.0,31.0,96,SSW,6.3,12.3,29.03,0.0,Cloudy
2026-01-17,8:00 AM,32.2,31.7,98,SSW,7.2,13.9,29.05,0.0,Cloudy
2026-01-17,9:00 AM,31.4,30.9,98,SSW,7.6,14.5,29.06,0.0,Cloudy
2026-01-17,10:00 AM,32.9,32.2,97,SW,10.4,19.2,29.09,0.0,Cloudy
2026-01-17,11:00 AM,33.3,32.0,95,SW,10.7,23.3,29.11,0.0,Cloudy
2026-01-17,12:00 PM,33.8,31.7,92,SW,10.9,23.0,29.12,0.0,Cloudy
2026-01-17,1:00 PM,34.7,31.4,88,SW,11.5,24.8,29.12,0.0,Cloudy
2026-01-17,2:00 PM,35.2,31.6,86,SW,12.9,27.1,29.12,0.004,Light Snow
2026-01-17,3:00 PM,34.7,30.7,85,SW,9.7,32.0,29.12,0.004,Light Drizzle
2026-01-17,4:00 PM,36.0,27.1,70,WSW,11.9,26.2,29.13,0.004,Light Drizzle
2026-01-17,5:00 PM,35.5,23.9,62,WSW,10.6,26.4,29.15,0.0,Fair
2026-01-17,6:00 PM,32.4,22.4,66,W,9.8,22.8,29.17,0.0,Fair
2026-01-17,7:00 PM,29.1,21.5,73,W,8.4,20.1,29.2,0.0,Fair
2026-01-17,8:00 PM,30.4,23.2,74,W,9.0,17.0,29.21,0.0,Cloudy
2026-01-17,9:00 PM,29.5,21.6,72,WNW,7.8,17.9,29.23,0.0,Cloudy
2026-01-17,10:00 PM,25.5,21.1,83,NNW,3.6,15.9,29.23,0.0,Cloudy
2026-01-17,11:00 PM,26.8,21.6,80,NE,1.9,6.7,29.22,0.0,Cloudy
2026-01-18,12:00 AM,26.7,21.0,79,ESE,0.5,3.4,29.22,0.004,Light Snow
2026-01-18,1:00 AM,25.3,20.6,82,WNW,1.8,3.6,29.24,0.004,Light Snow
2026-01-18,2:00 AM,26.2,20.7,79,NW,7.0,15.9,29.24,0.004,Light Snow
2026-01-18,3:00 AM,24.0,17.7,77,NW,8.2,17.4,29.25,0.004,Light Snow
2026-01-18,4:00 AM,21.6,15.4,77,NW,8.7,19.0,29.27,0.004,Light Snow
2026-01-18,5:00 AM,20.5,13.6,74,WNW,7.6,18.6,29.27,0.0,Cloudy
2026-01-18,6:00 AM,19.1,11.7,72,WNW,7.2,17.2,29.27,0.0,Fair
2026-01-18,7:00 AM,16.7,9.7,73,WNW,4.2,16.8,29.26,0.0,Fair
2026-01-18,8:00 AM,19.8,10.9,68,W,5.3,9.2,29.28,0.0,Partly Cloudy
2026-01-18,9:00 AM,18.8,11.0,71,W,3.5,11.0,29.28,0.0,Partly Cloudy
2026-01-18,10:00 AM,18.9,11.0,71,WNW,2.8,8.9,29.28,0.0,Partly Cloudy
2026-01-18,11:00 AM,20.3,10.3,65,WSW,4.1,10.1,29.27,0.0,Cloudy
2026-01-18,12:00 PM,21.2,10.8,64,WSW,6.0,14.3,29.25,0.0,Cloudy
2026-01-18,1:00 PM,21.3,11.1,64,WSW,6.7,15.7,29.21,0.0,Cloudy
2026-01-18,2:00 PM,21.5,11.0,64,WSW,8.8,17.7,29.18,0.0,Cloudy
2026-01-18,3:00 PM,21.2,10.0,62,WSW,7.5,19.5,29.15,0.0,Cloudy
2026-01-18,4:00 PM,21.4,10.0,61,WSW,6.9,17.2,29.14,0.0,Cloudy
2026-01-18,5:00 PM,20.9,9.9,62,WSW,6.6,16.1,29.14,0.0,Cloudy
2026-01-18,6:00 PM,20.0,9.1,62,WSW,6.4,15.7,29.14,0.0,Cloudy
2026-01-18,7:00 PM,19.5,9.0,63,WSW,6.0,14.8,29.15,0.0,Cloudy
2026-01-18,8:00 PM,19.7,10.6,67,WSW,6.8,15.2,29.16,0.0,Cloudy
2026-01-18,9:00 PM,19.5,10.6,68,WSW,6.3,13.6,29.15,0.0,Cloudy
2026-01-18,10:00 PM,19.6,10.9,69,WSW,5.2,13.4,29.13,0.0,Fair
2026-01-18,11:00 PM,15.4,9.2,76,SW,3.6,11.2,29.09,0.0,Fair
2026-01-19,12:00 AM,15.1,9.4,78,SSW,3.5,7.2,29.08,0.0,Cloudy
2026-01-19,1:00 AM,17.1,11.0,77,SW,5.5,10.7,29.09,0.0,Cloudy
2026-01-19,2:00 AM,18.6,11.9,75,SW,7.4,13.6,29.08,0.0,Cloudy
2026-01-19,3:00 AM,19.2,12.8,76,SW,6.7,15.0,29.07,0.004,Light Snow
2026-01-19,4:00 AM,19.9,13.7,76,SW,7.7,15.9,29.06,0.004,Light Snow
2026-01-19,5:00 AM,20.7,14.9,78,SW,8.5,17.2,29.05,0.004,Light Snow
2026-01-19,6:00 AM,21.3,15.8,79,SW,10.4,21.7,29.05,0.008,Light Snow
2026-01-19,7:00 AM,21.6,16.1,79,SW,11.7,24.4,29.05,0.004,Light Snow
2026-01-19,8:00 AM,21.7,17.4,83,SW,12.6,30.0,29.06,0.004,Light Snow
2026-01-19,9:00 AM,21.7,15.1,75,SW,11.7,30.2,29.07,0.0,Cloudy
2026-01-19,10:00 AM,22.5,16.2,76,SW,13.6,25.5,29.07,0.012,Light Snow
2026-01-19,11:00 AM,23.6,16.2,73,SW,16.3,36.0,29.08,0.008,Light Snow
2026-01-19,12:00 PM,25.2,12.3,58,WSW,19.7,42.5,29.1,0.0,Cloudy
2026-01-19,1:00 PM,22.6,8.3,54,WSW,18.4,43.8,29.13,0.0,Cloudy
2026-01-19,2:00 PM,22.9,10.0,57,W,17.9,40.0,29.15,0.0,Cloudy
2026-01-19,3:00 PM,20.9,7.5,56,W,16.1,37.8,29.17,0.0,Cloudy
2026-01-19,4:00 PM,20.5,6.4,54,W,15.6,34.2,29.21,0.0,Cloudy
2026-01-19,5:00 PM,18.6,5.8,57,W,16.6,35.3,29.25,0.0,Cloudy
2026-01-19,6:00 PM,15.2,2.1,56,W,16.1,35.3,29.3,0.0,Partly Cloudy
2026-01-19,7:00 PM,12.7,-0.4,55,W,13.9,34.7,29.33,0.0,Partly Cloudy
2026-01-19,8:00 PM,12.3,0.9,60,W,12.6,32.0,29.35,0.0,Fair
2026-01-19,9:00 PM,10.2,-1.8,58,W,10.1,26.4,29.38,0.0,Fair
2026-01-19,10:00 PM,9.0,-1.8,61,W,9.0,20.8,29.4,0.0,Fair
2026-01-19,11:00 PM,7.8,-2.1,63,W,9.0,19.2,29.41,0.0,Fair
2026-01-20,12:00 AM,7.1,-2.4,65,W,7.8,18.3,29.41,0.0,Fair
2026-01-20,1:00 AM,6.5,-2.7,65,WSW,7.8,16.3,29.43,0.0,Fair
2026-01-20,2:00 AM,4.7,-3.9,67,WSW,8.7,15.9,29.44,0.0,Fair
2026-01-20,3:00 AM,4.6,-3.5,68,WSW,9.6,21.5,29.46,0.0,Partly Cloudy
2026-01-20,4:00 AM,5.0,-3.0,69,WSW,9.2,21.0,29.47,0.0,Cloudy
2026-01-20,5:00 AM,5.6,-3.4,66,WSW,10.1,21.5,29.47,0.0,Cloudy
2026-01-20,6:00 AM,6.4,-3.6,63,WSW,10.3,22.1,29.48,0.0,Cloudy
2026-01-20,7:00 AM,6.4,-2.7,65,WSW,10.2,22.1,29.48,0.0,Cloudy
2026-01-20,8:00 AM,6.1,-1.9,69,WSW,9.4,21.9,29.52,0.0,Cloudy
2026-01-20,9:00 AM,5.9,-2.6,67,WSW,9.0,19.7,29.54,0.0,Cloudy
2026-01-20,10:00 AM,7.0,-2.4,65,WSW,9.6,21.0,29.56,0.0,Cloudy
2026-01-20,11:00 AM,8.4,-2.2,61,WSW,10.4,23.0,29.58,0.0,Cloudy
2026-01-20,12:00 PM,10.2,-1.8,58,WSW,10.4,23.5,29.59,0.0,Partly Cloudy
2026-01-20,1:00 PM,13.8,-5.3,41,WSW,11.8,26.8,29.59,0.0,Partly Cloudy
2026-01-20,2:00 PM,15.3,-0.5,49,WSW,11.6,28.0,29.57,0.0,Partly Cloudy
2026-01-20,3:00 PM,15.8,-1.7,45,WSW,11.8,26.4,29.56,0.0,Fair
2026-01-20,4:00 PM,18.5,-5.2,34,WSW,12.7,28.2,29.56,0.0,Fair
2026-01-20,5:00 PM,19.0,-5.1,33,W,12.2,28.0,29.56,0.0,Partly Cloudy
2026-01-20,6:00 PM,17.4,-3.6,38,WSW,8.8,25.9,29.56,0.0,Fair
2026-01-20,7:00 PM,15.4,-1.9,45,WSW,7.9,18.1,29.57,0.0,Fair
2026-01-20,8:00 PM,14.4,0.5,53,WSW,7.1,15.2,29.58,0.0,Fair
2026-01-20,9:00 PM,13.0,0.6,57,SW,5.2,13.6,29.57,0.0,Fair
2026-01-20,10:00 PM,11.2,0.5,61,SW,4.0,11.2,29.57,0.0,Fair
2026-01-20,11:00 PM,10.2,-0.2,62,SSW,3.7,8.5,29.57,0.0,Fair
2026-01-21,12:00 AM,10.8,-0.2,61,SSW,4.1,8.3,29.56,0.0,Fair
2026-01-21,1:00 AM,12.0,1.0,60,SSW,5.0,10.3,29.56,0.0,Fair
2026-01-21,2:00 AM,11.7,1.0,62,S,6.4,11.6,29.55,0.0,Fair
2026-01-21,3:00 AM,10.7,0.7,63,S,5.2,12.1,29.54,0.0,Fair
2026-01-21,4:00 AM,11.2,1.3,64,S,4.7,10.7,29.54,0.0,Fair
2026-01-21,5:00 AM,13.1,0.9,57,S,6.7,12.1,29.52,0.0,Partly Cloudy
2026-01-21,6:00 AM,14.1,1.4,56,S,7.1,13.2,29.5,0.0,Cloudy
2026-01-21,7:00 AM,15.6,2.6,56,S,7.4,13.9,29.47,0.0,Cloudy
2026-01-21,8:00 AM,17.4,3.2,53,S,8.4,15.4,29.45,0.0,Cloudy
2026-01-21,9:00 AM,18.9,4.7,53,S,9.3,17.9,29.42,0.0,Cloudy
2026-01-21,10:00 AM,23.2,7.5,51,S,8.8,20.4,29.39,0.0,Cloudy
2026-01-21,11:00 AM,28.0,10.4,47,S,10.0,21.5,29.33,0.0,Cloudy
2026-01-21,12:00 PM,31.3,13.6,48,S,11.9,25.7,29.28,0.0,Cloudy
2026-01-21,1:00 PM,33.6,19.7,56,SW,14.0,29.5,29.27,0.004,Light Snow
2026-01-21,2:00 PM,31.6,21.7,66,SSW,11.9,33.6,29.25,0.0,Cloudy
2026-01-21,3:00 PM,34.5,25.2,68,SW,16.6,32.2,29.21,0.0,Cloudy
2026-01-21,4:00 PM,37.1,25.5,63,SSW,12.0,33.1,29.18,0.0,Cloudy
2026-01-21,5:00 PM,37.6,26.9,65,SSW,16.6,34.7,29.17,0.0,Cloudy
2026-01-21,6:00 PM,36.7,28.9,73,SSW,15.0,34.2,29.16,0.0,Cloudy
2026-01-21,7:00 PM,36.0,31.0,82,SSW,14.8,31.1,29.16,0.0,Cloudy
2026-01-21,8:00 PM,35.2,33.5,94,SSW,12.1,31.1,29.18,0.0,Cloudy
2026-01-21,9:00 PM,34.8,34.2,98,SSW,11.3,24.2,29.17,0.008,Light Drizzle
2026-01-21,10:00 PM,35.1,34.5,98,SW,10.9,22.6,29.16,0.02,Drizzle
2026-01-21,11:00 PM,35.2,34.6,98,SW,10.5,21.9,29.15,0.028,Drizzle
2026-01-22,12:00 AM,35.6,34.6,96,SW,12.3,24.2,29.15,0.008,Light Drizzle
2026-01-22,1:00 AM,35.8,34.3,94,SW,14.1,28.2,29.16,0.0,Cloudy
2026-01-22,2:00 AM,34.8,32.9,93,WSW,14.4,30.2,29.15,0.0,Cloudy
2026-01-22,3:00 AM,33.4,32.0,94,WSW,12.5,28.9,29.17,0.016,Light Snow
2026-01-22,4:00 AM,33.6,32.2,94,WSW,11.0,26.8,29.18,0.004,Light Drizzle
2026-01-22,5:00 AM,33.1,31.5,94,WSW,11.9,23.3,29.17,0.0,Fair
2026-01-22,6:00 AM,32.5,30.4,92,WSW,13.5,27.1,29.18,0.0,Cloudy
2026-01-22,7:00 AM,32.7,29.4,87,WSW,14.4,29.3,29.19,0.004,Light Snow
2026-01-22,8:00 AM,34.6,25.8,70,WSW,14.4,30.9,29.21,0.0,Cloudy
2026-01-22,9:00 AM,33.1,23.0,66,WSW,13.5,29.5,29.23,0.0,Cloudy
2026-01-22,10:00 AM,33.0,18.8,55,W,13.6,28.4,29.26,0.0,Fair
2026-01-22,11:00 AM,32.2,9.6,38,W,15.3,32.9,29.29,0.0,Cloudy
2026-01-22,12:00 PM,31.9,7.3,35,W,14.6,32.9,29.31,0.0,Cloudy
2026-01-22,1:00 PM,32.4,6.5,33,WSW,13.6,32.0,29.32,0.0,Cloudy
2026-01-22,2:00 PM,33.4,5.4,30,WSW,13.7,30.4,29.31,0.0,Cloudy
2026-01-22,3:00 PM,33.6,5.3,30,WSW,13.9,31.1,29.3,0.0,Cloudy
2026-01-22,4:00 PM,32.5,5.5,31,WSW,13.1,30.9,29.3,0.0,Cloudy
2026-01-22,5:00 PM,31.1,6.4,35,WSW,11.2,28.6,29.3,0.0,Cloudy
2026-01-22,6:00 PM,29.6,6.9,38,WSW,9.5,23.9,29.31,0.0,Cloudy
2026-01-22,7:00 PM,27.5,6.5,40,WSW,9.1,19.7,29.32,0.0,Cloudy
2026-01-22,8:00 PM,27.8,6.1,39,WSW,9.5,19.9,29.33,0.0,Partly Cloudy
2026-01-22,9:00 PM,27.1,8.3,45,W,10.5,21.0,29.34,0.0,Cloudy
2026-01-22,10:00 PM,27.1,9.3,47,WSW,10.3,21.3,29.34,0.0,Cloudy
2026-01-22,11:00 PM,27.1,9.9,48,WSW,10.5,21.0,29.34,0.0,Cloudy
2026-01-23,12:00 AM,27.0,9.7,48,WSW,10.6,21.5,29.34,0.0,Cloudy
2026-01-23,1:00 AM,27.0,9.7,48,WSW,10.9,22.1,29.35,0.0,Partly Cloudy
2026-01-23,2:00 AM,26.9,9.6,48,WSW,11.3,22.6,29.34,0.0,Fair
2026-01-23,3:00 AM,25.8,10.4,52,WSW,11.3,23.3,29.35,0.0,Fair
2026-01-23,4:00 AM,24.7,10.9,55,WSW,11.7,23.7,29.37,0.0,Fair
2026-01-23,5:00 AM,23.5,11.0,59,W,11.6,24.2,29.38,0.0,Fair
2026-01-23,6:00 AM,22.0,10.0,59,W,11.5,23.7,29.39,0.0,Partly Cloudy
2026-01-23,7:00 AM,20.5,6.9,55,W,10.6,23.5,29.41,0.0,Partly Cloudy
2026-01-23,8:00 AM,20.7,4.8,50,W,10.0,21.7,29.41,0.0,Partly Cloudy
2026-01-23,9:00 AM,19.8,4.4,51,W,9.5,20.4,29.43,0.0,Partly Cloudy
2026-01-23,10:00 AM,20.4,3.6,47,W,10.7,22.4,29.45,0.0,Fair
2026-01-23,11:00 AM,20.8,2.8,45,W,12.3,27.1,29.47,0.0,Fair
2026-01-23,12:00 PM,20.7,-0.3,39,WNW,12.7,28.6,29.5,0.0,Fair
2026-01-23,1:00 PM,20.6,0.3,41,WNW,12.7,29.1,29.52,0.0,Fair
2026-01-23,2:00 PM,22.2,0.3,38,WNW,12.2,30.2,29.5,0.0,Partly Cloudy
2026-01-23,3:00 PM,21.5,-0.5,38,WNW,13.6,30.4,29.52,0.0,Partly Cloudy
2026-01-23,4:00 PM,18.9,-2.6,38,WNW,14.1,31.3,29.55,0.0,Cloudy
2026-01-23,5:00 PM,16.5,-3.0,41,NW,13.2,31.1,29.59,0.0,Cloudy
2026-01-23,6:00 PM,12.0,-2.9,50,NNW,12.3,28.9,29.63,0.0,Cloudy
2026-01-23,7:00 PM,9.9,-3.9,53,NNW,10.8,26.4,29.67,0.0,Cloudy
2026-01-23,8:00 PM,8.6,-5.1,53,NW,11.7,25.1,29.68,0.0,Partly Cloudy
2026-01-23,9:00 PM,6.7,-8.0,50,NNW,11.1,25.1,29.71,0.0,Partly Cloudy
2026-01-23,10:00 PM,4.3,-12.6,44,NNW,10.5,23.7,29.74,0.0,Fair
2026-01-23,11:00 PM,3.2,-12.7,47,NNW,9.8,22.4,29.75,0.0,Fair
2026-01-24,12:00 AM,2.8,-12.7,47,NNW,8.7,20.8,29.75,0.0,Fair
2026-01-24,1:00 AM,2.6,-12.4,49,NNW,7.5,18.6,29.75,0.0,Fair
2026-01-24,2:00 AM,1.7,-11.3,54,N,7.1,16.1,29.77,0.0,Partly Cloudy
2026-01-24,3:00 AM,1.8,-11.1,54,N,5.5,15.0,29.78,0.0,Partly Cloudy
2026-01-24,4:00 AM,1.7,-10.9,55,N,4.6,12.1,29.8,0.0,Cloudy
2026-01-24,5:00 AM,1.8,-10.6,55,N,3.7,10.3,29.8,0.0,Cloudy
2026-01-24,6:00 AM,1.9,-10.2,56,NNE,3.6,9.2,29.8,0.0,Cloudy
2026-01-24,7:00 AM,2.2,-9.3,58,NE,4.3,10.3,29.81,0.0,Cloudy
2026-01-24,8:00 AM,2.1,-10.2,55,ENE,4.2,11.2,29.83,0.0,Cloudy
2026-01-24,9:00 AM,2.6,-11.7,51,ENE,4.2,10.5,29.84,0.0,Cloudy
2026-01-24,10:00 AM,4.0,-11.6,48,E,3.9,10.7,29.86,0.0,Cloudy
2026-01-24,11:00 AM,5.6,-12.4,42,E,3.9,11.9,29.85,0.0,Cloudy
2026-01-24,12:00 PM,8.3,-13.7,35,E,3.8,13.0,29.84,0.0,Cloudy
2026-01-24,1:00 PM,10.4,-14.9,30,ENE,4.6,14.3,29.81,0.0,Cloudy
2026-01-24,2:00 PM,10.9,-11.4,35,ENE,5.4,15.9,29.78,0.0,Cloudy
2026-01-24,3:00 PM,12.2,-11.7,33,ENE,5.8,16.1,29.76,0.0,Cloudy
2026-01-24,4:00 PM,12.7,-11.5,32,ENE,6.3,15.9,29.75,0.0,Cloudy
2026-01-24,5:00 PM,12.6,-10.9,33,ENE,7.0,16.6,29.73,0.0,Cloudy
2026-01-24,6:00 PM,12.3,-10.1,35,ENE,7.6,17.0,29.7,0.0,Cloudy
2026-01-24,7:00 PM,12.1,-9.1,37,ENE,8.1,17.2,29.69,0.0,Cloudy
2026-01-24,8:00 PM,11.8,-8.0,40,E,7.6,17.4,29.68,0.0,Cloudy
2026-01-24,9:00 PM,11.9,-6.1,43,ENE,7.3,16.1,29.67,0.0,Cloudy
2026-01-24,10:00 PM,11.8,-4.2,48,ENE,7.0,15.4,29.65,0.0,Cloudy
2026-01-24,11:00 PM,12.6,-2.7,50,ENE,6.8,15.0,29.62,0.004,Light Snow
2026-01-25,12:00 AM,12.4,1.2,60,ENE,6.1,14.3,29.58,0.008,Light Snow
2026-01-25,1:00 AM,12.7,2.9,64,ENE,6.2,13.6,29.53,0.008,Light Snow
2026-01-25,2:00 AM,12.1,4.0,69,ENE,6.8,13.4,29.5,0.012,Light Snow
2026-01-25,3:00 AM,12.5,6.4,76,E,6.5,13.9,29.46,0.039,Light Snow
2026-01-25,4:00 AM,13.0,8.3,81,NE,6.6,13.6,29.43,0.047,Snow
2026-01-25,5:00 AM,13.6,8.9,81,E,8.1,15.7,29.39,0.028,Light Snow
2026-01-25,6:00 AM,14.2,9.3,81,E,10.1,23.3,29.33,0.02,Light Snow
2026-01-25,7:00 AM,14.8,10.4,82,E,8.6,19.9,29.31,0.024,Light Snow
2026-01-25,8:00 AM,13.1,8.9,83,E,11.0,20.6,29.27,0.055,Snow
2026-01-25,9:00 AM,13.6,9.5,84,E,9.3,23.7,29.23,0.079,Snow
2026-01-25,10:00 AM,15.5,11.3,83,E,9.4,20.4,29.19,0.091,Snow
2026-01-25,11:00 AM,16.8,12.7,83,E,12.0,25.7,29.12,0.106,Snow
2026-01-25,12:00 PM,19.4,14.8,82,E,9.9,25.3,29.09,0.079,Snow
2026-01-25,1:00 PM,21.7,17.3,83,E,9.0,20.4,29.07,0.106,Snow
2026-01-25,2:00 PM,20.1,16.6,86,E,8.3,22.6,28.98,0.118,Snow
2026-01-25,3:00 PM,23.9,19.3,82,E,7.9,19.5,28.94,0.063,Snow
2026-01-25,4:00 PM,23.0,19.4,86,ENE,8.2,18.1,28.9,0.063,Snow
2026-01-25,5:00 PM,22.4,18.7,85,ENE,6.9,16.6,28.9,0.043,Snow
2026-01-25,6:00 PM,21.7,18.6,88,ENE,7.4,15.7,28.86,0.047,Snow
2026-01-25,7:00 PM,21.8,19.0,89,NE,4.9,14.3,28.86,0.024,Light Snow
2026-01-25,8:00 PM,20.5,17.7,89,NW,7.7,8.9,28.9,0.039,Light Snow
2026-01-25,9:00 PM,19.5,16.5,88,NW,6.0,16.3,28.9,0.024,Light Snow
2026-01-25,10:00 PM,18.9,15.8,88,NW,6.4,13.4,28.92,0.012,Light Snow
2026-01-25,11:00 PM,16.4,13.5,88,WNW,7.3,15.0,28.96,0.0,Cloudy
2026-01-26,12:00 AM,14.8,11.8,88,WNW,7.6,15.4,28.98,0.0,Cloudy
2026-01-26,1:00 AM,13.9,10.4,86,W,8.4,17.2,29.02,0.0,Cloudy
2026-01-26,2:00 AM,13.6,9.8,84,WNW,8.7,17.0,29.06,0.0,Cloudy
2026-01-26,3:00 AM,13.4,9.7,85,WNW,8.7,17.7,29.08,0.0,Cloudy
2026-01-26,4:00 AM,13.3,8.7,82,WNW,9.0,18.1,29.11,0.0,Cloudy
2026-01-26,5:00 AM,12.4,8.0,82,W,8.4,18.1,29.13,0.0,Cloudy
2026-01-26,6:00 AM,11.7,6.8,80,W,7.7,17.0,29.14,0.0,Cloudy
2026-01-26,7:00 AM,11.5,6.8,81,W,8.0,15.9,29.14,0.0,Cloudy
2026-01-26,8:00 AM,11.5,7.6,84,W,8.6,17.9,29.15,0.0,Cloudy
2026-01-26,9:00 AM,11.7,7.4,83,W,9.4,19.0,29.18,0.004,Light Snow
2026-01-26,10:00 AM,12.1,7.3,81,W,9.7,19.7,29.2,0.004,Light Snow
2026-01-26,11:00 AM,12.8,7.2,78,W,10.6,22.1,29.22,0.004,Light Snow
2026-01-26,12:00 PM,14.0,7.3,74,W,11.5,24.2,29.23,0.0,Cloudy
2026-01-26,1:00 PM,15.2,7.6,72,W,12.0,25.5,29.24,0.0,Cloudy
2026-01-26,2:00 PM,16.4,8.2,69,W,10.9,25.3,29.22,0.0,Cloudy
2026-01-26,3:00 PM,17.0,8.0,67,W,11.3,24.4,29.23,0.0,Cloudy
2026-01-26,4:00 PM,16.2,7.7,69,W,11.0,24.4,29.23,0.004,Light Snow
2026-01-26,5:00 PM,15.4,7.2,69,WNW,12.5,25.7,29.26,0.004,Light Snow
2026-01-26,6:00 PM,14.7,8.1,74,W,11.0,28.0,29.28,0.004,Light Snow
2026-01-26,7:00 PM,13.5,6.6,74,W,10.9,22.8,29.31,0.0,Fair
2026-01-26,8:00 PM,12.7,6.6,76,W,8.6,22.1,29.32,0.0,Cloudy
2026-01-26,9:00 PM,11.6,6.4,79,W,10.9,21.5,29.35,0.0,Cloudy
2026-01-26,10:00 PM,10.7,6.1,81,W,9.9,23.5,29.36,0.0,Cloudy
2026-01-26,11:00 PM,9.5,5.6,84,WSW,8.2,19.7,29.38,0.0,Cloudy
2026-01-27,12:00 AM,6.5,1.6,80,WSW,11.4,23.0,29.39,0.0,Partly Cloudy
2026-01-27,1:00 AM,3.2,-3.0,75,WSW,10.2,23.0,29.4,0.0,Fair
2026-01-27,2:00 AM,2.5,-4.8,71,WSW,11.5,20.6,29.39,0.0,Fair
2026-01-27,3:00 AM,1.2,-7.0,68,WSW,10.8,22.6,29.39,0.0,Fair
2026-01-27,4:00 AM,0.4,-7.2,70,SW,10.8,21.7,29.38,0.0,Fair
2026-01-27,5:00 AM,-0.0,-7.3,71,SW,11.2,21.9,29.36,0.0,Fair
2026-01-27,6:00 AM,-0.5,-7.7,71,SW,11.5,22.8,29.33,0.0,Fair
2026-01-27,7:00 AM,-0.7,-7.7,71,SSW,12.0,23.7,29.31,0.0,Fair
2026-01-27,8:00 AM,0.9,-5.7,73,SSW,12.3,23.9,29.28,0.0,Partly Cloudy
2026-01-27,9:00 AM,2.1,-4.9,72,SW,12.8,25.5,29.26,0.0,Partly Cloudy
2026-01-27,10:00 AM,4.8,-3.4,68,SW,14.0,27.5,29.25,0.0,Cloudy
2026-01-27,11:00 AM,7.8,-1.4,65,SW,13.6,33.1,29.22,0.0,Cloudy
2026-01-27,12:00 PM,9.9,0.8,66,SW,18.7,38.5,29.21,0.0,Cloudy
2026-01-27,1:00 PM,11.7,2.6,66,SW,18.8,39.1,29.2,0.004,Light Snow
2026-01-27,2:00 PM,13.3,4.1,66,WSW,15.6,38.5,29.19,0.004,Light Snow
2026-01-27,3:00 PM,14.3,5.6,68,WSW,15.2,32.0,29.18,0.004,Light Snow
2026-01-27,4:00 PM,15.7,5.8,64,WSW,17.9,36.5,29.17,0.0,Cloudy
2026-01-27,5:00 PM,15.8,6.0,65,WSW,16.6,41.6,29.18,0.0,Cloudy
2026-01-27,6:00 PM,15.7,7.7,70,WSW,12.7,37.1,29.2,0.004,Light Snow
2026-01-27,7:00 PM,15.0,8.1,74,WSW,13.1,26.6,29.23,0.0,Cloudy
2026-01-27,8:00 PM,15.2,8.9,76,W,12.9,27.1,29.27,0.0,Cloudy
2026-01-27,9:00 PM,14.5,8.0,75,W,12.3,25.9,29.31,0.004,Light Snow
2026-01-27,10:00 PM,13.6,7.6,76,WNW,10.5,25.1,29.34,0.004,Light Snow
2026-01-27,11:00 PM,10.4,2.7,70,WNW,9.1,21.3,29.37,0.0,Fair
2026-01-28,12:00 AM,8.5,2.3,75,W,8.7,18.3,29.39,0.0,Fair
2026-01-28,1:00 AM,6.6,1.9,80,W,7.5,17.0,29.38,0.0,Fair
2026-01-28,2:00 AM,5.5,0.9,81,W,8.2,14.3,29.39,0.0,Fair
2026-01-28,3:00 AM,5.4,1.3,83,W,7.4,15.0,29.39,0.0,Fair
2026-01-28,4:00 AM,3.9,-0.1,83,W,6.2,13.9,29.38,0.0,Fair
2026-01-28,5:00 AM,1.8,-2.3,83,W,5.9,11.4,29.36,0.0,Fair
2026-01-28,6:00 AM,-0.6,-4.7,82,WSW,5.5,11.0,29.35,0.0,Fair
2026-01-28,7:00 AM,-2.7,-6.8,82,SW,5.6,10.3,29.35,0.0,Fair
2026-01-28,8:00 AM,-2.0,-5.9,83,SW,5.0,10.1,29.36,0.0,Fair
2026-01-28,9:00 AM,-3.2,-7.5,81,SW,4.8,8.9,29.37,0.0,Cloudy
2026-01-28,10:00 AM,-0.9,-6.5,77,SSW,4.3,9.4,29.38,0.0,Cloudy
2026-01-28,11:00 AM,3.5,-4.7,68,SSW,4.3,10.3,29.39,0.0,Cloudy
2026-01-28,12:00 PM,7.1,-2.9,63,SW,5.3,12.5,29.37,0.0,Cloudy
2026-01-28,1:00 PM,9.8,-1.2,60,SW,7.0,15.9,29.34,0.0,Fair
2026-01-28,2:00 PM,12.6,-0.3,56,WSW,10.6,19.9,29.29,0.0,Fair
2026-01-28,3:00 PM,12.9,0.6,57,WSW,11.7,24.8,29.26,0.0,Cloudy
2026-01-28,4:00 PM,13.3,1.5,59,WSW,11.9,25.9,29.25,0.0,Cloudy
2026-01-28,5:00 PM,12.8,1.5,60,WSW,11.9,25.3,29.25,0.0,Cloudy
2026-01-28,6:00 PM,11.9,1.5,62,WSW,10.9,27.1,29.26,0.0,Fair
2026-01-28,7:00 PM,9.0,0.8,69,WSW,8.9,22.6,29.27,0.0,Fair
2026-01-28,8:00 PM,6.8,-0.5,71,WSW,9.2,17.7,29.28,0.0,Fair
2026-01-28,9:00 PM,5.8,-0.8,74,WSW,9.6,18.8,29.3,0.0,Fair
2026-01-28,10:00 PM,4.5,-0.8,78,WSW,8.8,18.8,29.3,0.0,Fair
2026-01-28,11:00 PM,3.6,-1.1,80,WSW,8.3,17.2,29.31,0.0,Fair
2026-01-29,12:00 AM,2.5,-1.8,82,WSW,7.5,15.9,29.31,0.0,Fair
2026-01-29,1:00 AM,0.9,-3.5,82,WSW,6.6,14.5,29.31,0.0,Fair
2026-01-29,2:00 AM,0.8,-3.7,81,WSW,7.8,13.0,29.33,0.0,Cloudy
2026-01-29,3:00 AM,1.0,-3.5,81,WSW,7.5,14.8,29.34,0.0,Cloudy
2026-01-29,4:00 AM,1.2,-3.3,81,WSW,7.4,14.3,29.35,0.0,Fair
2026-01-29,5:00 AM,-0.0,-4.3,82,WSW,7.1,14.1,29.35,0.0,Cloudy
2026-01-29,6:00 AM,0.4,-4.0,81,WSW,6.6,13.9,29.35,0.0,Cloudy
2026-01-29,7:00 AM,0.5,-3.8,82,WSW,6.9,13.2,29.35,0.0,Fair
2026-01-29,8:00 AM,2.8,-1.6,82,WSW,7.0,13.2,29.37,0.0,Fair
2026-01-29,9:00 AM,1.0,-3.3,82,W,6.8,12.5,29.38,0.0,Fair
2026-01-29,10:00 AM,3.5,-2.2,77,W,5.3,13.0,29.4,0.0,Fair
2026-01-29,11:00 AM,7.5,-0.5,69,W,4.8,11.4,29.42,0.0,Fair
2026-01-29,12:00 PM,10.7,1.5,66,W,5.7,13.4,29.43,0.0,Cloudy
2026-01-29,1:00 PM,13.6,2.9,62,W,5.8,13.9,29.42,0.0,Fair
2026-01-29,2:00 PM,15.0,2.2,56,WNW,8.4,18.8,29.4,0.0,Partly Cloudy
2026-01-29,3:00 PM,15.6,2.9,57,WNW,8.4,19.2,29.39,0.0,Cloudy
2026-01-29,4:00 PM,15.4,3.1,58,WNW,7.7,18.6,29.38,0.0,Cloudy
2026-01-29,5:00 PM,15.0,3.4,59,WNW,7.4,17.0,29.39,0.0,Cloudy
2026-01-29,6:00 PM,14.3,4.1,63,WNW,5.7,15.9,29.39,0.0,Cloudy
2026-01-29,7:00 PM,12.6,5.2,72,WNW,4.6,11.9,29.4,0.0,Partly Cloudy
2026-01-29,8:00 PM,10.9,4.3,74,WNW,4.9,8.9,29.42,0.0,Fair
2026-01-29,9:00 PM,7.9,1.5,75,WNW,5.2,8.9,29.41,0.0,Fair
2026-01-29,10:00 PM,6.0,0.0,76,WNW,5.6,10.1,29.41,0.0,Fair
2026-01-29,11:00 PM,4.3,-1.1,78,WNW,6.8,11.9,29.42,0.0,Partly Cloudy
2026-01-30,12:00 AM,5.5,1.3,82,NNW,5.6,12.8,29.44,0.0,Fair
2026-01-30,1:00 AM,2.0,-1.6,84,NNE,4.3,9.8,29.42,0.0,Fair
2026-01-30,2:00 AM,1.6,-2.2,84,N,4.4,7.2,29.41,0.0,Fair
2026-01-30,3:00 AM,0.8,-4.2,79,N,4.5,7.8,29.43,0.0,Fair
2026-01-30,4:00 AM,-2.1,-7.4,77,NNE,3.7,7.8,29.44,0.0,Fair
2026-01-30,5:00 AM,-3.8,-8.8,79,N,1.7,6.0,29.43,0.0,Fair
2026-01-30,6:00 AM,-5.3,-9.6,81,NNW,0.8,3.6,29.43,0.0,Fair
2026-01-30,7:00 AM,-7.0,-10.5,84,W,0.6,2.2,29.43,0.0,Fair
2026-01-30,8:00 AM,-6.6,-10.6,82,NW,1.1,2.0,29.44,0.0,Fair
2026-01-30,9:00 AM,-8.7,-12.3,84,NNW,1.6,3.4,29.46,0.0,Fair
2026-01-30,10:00 AM,-4.3,-10.1,75,N,2.3,6.3,29.48,0.0,Fair
2026-01-30,11:00 AM,4.0,-7.5,58,N,0.9,5.6,29.49,0.0,Fair
2026-01-30,12:00 PM,10.0,-5.0,50,N,2.1,6.3,29.5,0.0,Fair
2026-01-30,1:00 PM,12.4,-4.9,45,N,3.8,9.6,29.49,0.0,Fair
2026-01-30,2:00 PM,14.7,-5.0,41,N,5.6,13.4,29.45,0.0,Fair
2026-01-30,3:00 PM,15.5,-4.2,41,N,5.3,13.6,29.44,0.0,Partly Cloudy
2026-01-30,4:00 PM,15.3,-3.6,42,N,5.4,13.2,29.44,0.0,Fair
2026-01-30,5:00 PM,13.7,-2.9,47,N,5.2,13.2,29.44,0.0,Cloudy
2026-01-30,6:00 PM,10.5,-1.5,58,NNW,3.6,12.5,29.43,0.0,Cloudy
2026-01-30,7:00 PM,4.4,-3.2,70,NNW,3.6,7.4,29.43,0.0,Cloudy
2026-01-30,8:00 PM,4.6,-2.0,73,NNW,4.1,7.4,29.43,0.0,Cloudy
2026-01-30,9:00 PM,3.8,-2.4,75,NNW,5.4,8.7,29.43,0.0,Cloudy
2026-01-30,10:00 PM,2.8,-2.8,77,NNW,6.0,11.0,29.44,0.0,Partly Cloudy
2026-01-30,11:00 PM,-0.0,-5.6,77,NNW,4.9,10.7,29.44,0.0,Fair
2026-01-31,12:00 AM,-3.5,-9.0,77,N,3.9,8.7,29.44,0.0,Fair
2026-01-31,1:00 AM,-5.3,-10.2,79,N,1.6,6.3,29.42,0.0,Fair
2026-01-31,2:00 AM,-5.4,-11.7,73,N,1.8,3.1,29.41,0.0,Fair
2026-01-31,3:00 AM,-7.2,-12.5,77,NNW,1.0,3.1,29.41,0.0,Fair
2026-01-31,4:00 AM,-9.0,-13.5,80,W,0.6,2.2,29.4,0.0,Fair
2026-01-31,5:00 AM,-9.8,-14.3,80,NW,0.6,1.8,29.38,0.0,Fair
2026-01-31,6:00 AM,-11.0,-15.0,82,NW,0.6,1.8,29.37,0.0,Fair
2026-01-31,7:00 AM,-12.1,-16.0,82,WNW,0.7,2.0,29.37,0.0,Fair
2026-01-31,8:00 AM,-8.3,-13.3,78,SSW,1.5,1.8,29.39,0.0,Cloudy
2026-01-31,9:00 AM,-7.4,-12.9,76,WSW,1.2,2.2,29.39,0.0,Fair
2026-01-31,10:00 AM,-4.1,-11.6,69,NW,2.0,4.7,29.41,0.0,Fair
2026-01-31,11:00 AM,3.5,-7.2,60,NNW,2.1,6.3,29.42,0.0,Fair
2026-01-31,12:00 PM,10.0,-1.8,58,NNW,4.0,10.1,29.42,0.0,Fair
2026-01-31,1:00 PM,13.2,0.5,56,N,6.9,15.9,29.4,0.0,Cloudy
2026-01-31,2:00 PM,14.7,2.0,56,N,5.8,15.4,29.38,0.0,Cloudy
2026-01-31,3:00 PM,15.7,3.0,57,NNW,5.8,13.6,29.36,0.0,Cloudy
2026-01-31,4:00 PM,15.6,3.5,58,NNW,6.2,14.1,29.35,0.0,Cloudy
2026-01-31,5:00 PM,15.0,3.7,60,NNW,7.3,16.1,29.35,0.0,Cloudy
2026-01-31,6:00 PM,13.7,5.0,68,NNW,6.8,17.7,29.35,0.0,Cloudy
2026-01-31,7:00 PM,12.8,5.8,73,NNW,6.1,14.3,29.35,0.0,Cloudy
2026-01-31,8:00 PM,12.7,6.5,76,NW,7.2,17.4,29.36,0.0,Cloudy
2026-01-31,9:00 PM,9.8,3.3,75,N,10.6,21.7,29.38,0.0,Cloudy
2026-01-31,10:00 PM,6.4,0.1,75,NNW,8.3,21.7,29.39,0.0,Fair
2026-01-31,11:00 PM,3.9,-1.4,78,NNW,7.1,16.8,29.38,0.0,Fair
2026-02-01,12:00 AM,2.0,-2.2,82,NNW,6.5,13.9,29.38,0.0,Fair
2026-02-01,1:00 AM,1.3,-2.7,83,NNW,6.5,13.0,29.35,0.0,Partly Cloudy
2026-02-01,2:00 AM,2.8,-1.9,80,NNW,4.5,12.5,29.36,0.0,Partly Cloudy
2026-02-01,3:00 AM,1.7,-2.8,81,NW,3.8,7.8,29.35,0.0,Cloudy
2026-02-01,4:00 AM,2.7,-1.7,82,NW,5.4,9.6,29.34,0.0,Cloudy
2026-02-01,5:00 AM,2.9,-1.3,82,NW,5.5,10.1,29.32,0.0,Cloudy
2026-02-01,6:00 AM,4.9,1.0,84,WNW,5.3,10.5,29.32,0.0,Cloudy
2026-02-01,7:00 AM,6.5,2.8,84,WNW,4.9,9.8,29.33,0.0,Cloudy
2026-02-01,8:00 AM,8.7,5.5,86,W,4.9,11.0,29.35,0.0,Cloudy
2026-02-01,9:00 AM,9.7,5.7,84,WNW,5.2,10.1,29.38,0.0,Cloudy
2026-02-01,10:00 AM,9.6,3.3,75,NW,7.0,15.0,29.39,0.0,Cloudy
2026-02-01,11:00 AM,10.2,2.5,70,NW,7.8,17.0,29.4,0.0,Cloudy
2026-02-01,12:00 PM,12.0,1.8,63,NW,9.2,19.7,29.39,0.0,Cloudy
2026-02-01,1:00 PM,14.8,2.7,58,WNW,9.5,21.0,29.37,0.0,Fair
2026-02-01,2:00 PM,17.7,2.2,50,WNW,9.4,21.7,29.35,0.0,Fair
2026-02-01,3:00 PM,19.4,1.9,46,WNW,9.4,21.3,29.34,0.0,Fair
2026-02-01,4:00 PM,20.4,6.5,54,WNW,9.7,21.5,29.33,0.0,Fair
2026-02-01,5:00 PM,19.9,9.9,64,NW,9.8,21.9,29.33,0.0,Fair
2026-02-01,6:00 PM,18.7,11.5,73,WNW,6.5,20.8,29.34,0.0,Fair
2026-02-01,7:00 PM,14.5,11.0,86,WNW,5.2,13.4,29.34,0.0,Fair
2026-02-01,8:00 PM,13.6,8.3,79,W,7.1,10.7,29.35,0.0,Fair
2026-02-01,9:00 PM,13.9,8.8,80,W,6.8,13.4,29.36,0.0,Fair
2026-02-01,10:00 PM,12.4,7.4,80,WNW,6.8,13.0,29.36,0.0,Fair
2026-02-01,11:00 PM,10.3,5.9,82,W,5.9,12.5,29.37,0.0,Fair
2026-02-02,12:00 AM,7.7,3.3,82,W,4.6,10.7,29.37,0.0,Fair
2026-02-02,1:00 AM,5.5,1.1,82,W,4.7,8.5,29.37,0.0,Fair
2026-02-02,2:00 AM,9.9,3.0,73,W,6.0,8.9,29.39,0.0,Cloudy
2026-02-02,3:00 AM,10.0,3.0,73,WSW,5.4,10.7,29.39,0.0,Partly Cloudy
2026-02-02,4:00 AM,8.4,2.0,75,SW,4.8,9.8,29.39,0.0,Fair
2026-02-02,5:00 AM,5.7,-0.0,77,SW,4.2,8.5,29.38,0.0,Fair
2026-02-02,6:00 AM,3.9,-1.8,77,SSW,5.2,8.9,29.38,0.0,Fair
2026-02-02,7:00 AM,3.6,-1.8,77,SSW,5.4,9.4,29.38,0.0,Cloudy
2026-02-02,8:00 AM,7.0,0.7,75,SSW,5.9,10.1,29.4,0.0,Cloudy
2026-02-02,9:00 AM,7.3,1.4,76,SSW,5.8,11.2,29.41,0.0,Fair
2026-02-02,10:00 AM,8.4,1.2,72,SSW,5.0,11.4,29.42,0.0,Fair
2026-02-02,11:00 AM,10.8,1.4,65,SSW,5.4,13.0,29.41,0.0,Fair
2026-02-02,12:00 PM,14.8,3.3,60,SSW,5.6,13.4,29.4,0.0,Fair
2026-02-02,1:00 PM,18.8,5.5,55,SSW,6.3,14.5,29.37,0.0,Fair
2026-02-02,2:00 PM,23.6,5.9,46,SSW,7.1,15.9,29.33,0.0,Fair
2026-02-02,3:00 PM,25.6,7.3,45,SW,6.9,16.8,29.31,0.0,Cloudy
2026-02-02,4:00 PM,26.0,9.7,50,SW,7.2,16.3,29.3,0.0,Cloudy
2026-02-02,5:00 PM,25.2,13.0,59,SW,6.6,16.3,29.3,0.004,Light Snow
2026-02-02,6:00 PM,24.4,15.6,69,SW,7.3,15.0,29.3,0.004,Light Snow
2026-02-02,7:00 PM,23.5,16.7,75,SW,7.8,15.7,29.3,0.0,Cloudy
2026-02-02,8:00 PM,23.9,17.0,74,SW,7.1,15.4,29.31,0.0,Cloudy
2026-02-02,9:00 PM,24.2,17.2,75,SW,7.3,14.8,29.31,0.0,Cloudy
2026-02-02,10:00 PM,24.1,17.6,76,SW,7.1,14.8,29.31,0.0,Cloudy
2026-02-02,11:00 PM,24.1,18.0,77,SW,7.1,14.5,29.31,0.0,Cloudy
2026-02-03,12:00 AM,24.2,18.7,79,WSW,6.5,14.3,29.32,0.0,Cloudy
2026-02-03,1:00 AM,24.2,19.2,81,WSW,7.0,14.1,29.31,0.0,Cloudy
2026-02-03,2:00 AM,24.1,17.6,76,W,8.4,14.3,29.32,0.0,Cloudy
2026-02-03,3:00 AM,22.9,17.3,79,WSW,6.3,16.8,29.32,0.0,Cloudy
2026-02-03,4:00 AM,21.6,17.1,83,WSW,5.0,12.3,29.33,0.0,Partly Cloudy
2026-02-03,5:00 AM,21.4,17.2,83,WSW,4.6,9.6,29.33,0.0,Cloudy
2026-02-03,6:00 AM,19.2,15.9,87,SW,5.4,9.4,29.32,0.0,Partly Cloudy
2026-02-03,7:00 AM,17.9,14.7,87,WSW,5.2,10.3,29.33,0.0,Partly Cloudy
2026-02-03,8:00 AM,21.4,17.7,85,WSW,5.9,9.6,29.34,0.0,Cloudy
2026-02-03,9:00 AM,21.7,17.9,85,WSW,5.7,11.0,29.35,0.0,Cloudy
2026-02-03,10:00 AM,24.1,18.5,79,WSW,4.5,10.5,29.35,0.0,Cloudy
2026-02-03,11:00 AM,26.2,17.8,70,WSW,4.8,11.2,29.35,0.0,Cloudy
2026-02-03,12:00 PM,28.3,16.1,60,WSW,5.6,13.2,29.34,0.0,Cloudy
2026-02-03,1:00 PM,29.2,15.3,56,WSW,5.9,14.1,29.33,0.0,Cloudy
2026-02-03,2:00 PM,29.9,15.2,54,WSW,6.5,15.4,29.31,0.0,Cloudy
2026-02-03,3:00 PM,30.7,16.1,54,WSW,6.0,15.2,29.3,0.0,Cloudy
2026-02-03,4:00 PM,31.2,16.5,54,W,5.1,14.1,29.29,0.0,Cloudy
2026-02-03,5:00 PM,31.0,17.0,56,W,3.9,12.1,29.29,0.0,Cloudy
2026-02-03,6:00 PM,28.7,18.1,64,NW,2.8,9.6,29.3,0.0,Cloudy
2026-02-03,7:00 PM,24.5,18.9,79,N,5.5,8.9,29.3,0.0,Cloudy
2026-02-03,8:00 PM,22.8,18.6,84,N,6.7,11.2,29.31,0.0,Cloudy
2026-02-03,9:00 PM,21.8,18.1,85,N,5.3,11.9,29.31,0.0,Partly Cloudy
2026-02-03,10:00 PM,19.9,15.8,84,N,4.5,9.4,29.32,0.0,Partly Cloudy
2026-02-03,11:00 PM,17.1,13.0,84,N,4.0,7.8,29.33,0.0,Partly Cloudy
2026-02-04,12:00 AM,15.7,12.0,85,NNW,4.2,6.5,29.33,0.0,Partly Cloudy
2026-02-04,1:00 AM,14.6,11.4,87,NNW,4.1,6.5,29.33,0.0,Fair
2026-02-04,2:00 AM,19.2,15.0,83,NNW,5.8,9.8,29.35,0.0,Cloudy
2026-02-04,3:00 AM,21.1,18.6,90,N,7.5,13.6,29.37,0.0,Cloudy
2026-02-04,4:00 AM,21.4,18.2,87,N,7.9,15.2,29.39,0.0,Cloudy
2026-02-04,5:00 AM,19.8,16.2,86,N,7.1,15.2,29.39,0.0,Cloudy
2026-02-04,6:00 AM,17.6,14.5,87,NNE,5.6,13.6,29.41,0.0,Fair
2026-02-04,7:00 AM,13.9,11.2,89,NNE,5.0,10.7,29.41,0.0,Fair
2026-02-04,8:00 AM,12.6,9.5,87,NNE,6.3,9.4,29.44,0.0,Fair
2026-02-04,9:00 AM,10.6,7.4,87,NNE,5.1,11.2,29.46,0.0,Fair
2026-02-04,10:00 AM,12.1,6.9,79,N,3.9,9.6,29.49,0.0,Fair
2026-02-04,11:00 AM,14.8,7.1,71,NNE,7.0,15.4,29.49,0.0,Fair
2026-02-04,12:00 PM,17.2,7.8,66,NNE,6.4,16.1,29.48,0.0,Cloudy
2026-02-04,1:00 PM,19.9,8.8,62,NNE,4.9,14.8,29.49,0.0,Cloudy
2026-02-04,2:00 PM,24.0,9.6,54,NNE,5.3,13.4,29.46,0.0,Cloudy
2026-02-04,3:00 PM,24.8,10.3,54,N,6.2,14.8,29.42,0.0,Cloudy
2026-02-04,4:00 PM,24.4,10.9,56,N,6.3,15.2,29.41,0.0,Cloudy
2026-02-04,5:00 PM,23.1,11.6,61,N,6.3,14.8,29.41,0.0,Cloudy
2026-02-04,6:00 PM,20.8,12.7,70,N,5.9,14.5,29.41,0.0,Cloudy
2026-02-04,7:00 PM,17.1,12.5,82,N,6.2,12.3,29.41,0.0,Cloudy
2026-02-04,8:00 PM,17.2,12.7,82,N,6.0,11.4,29.42,0.0,Cloudy
2026-02-04,9:00 PM,17.2,12.8,83,N,4.7,10.7,29.43,0.0,Cloudy
2026-02-04,10:00 PM,15.4,11.6,84,N,5.5,9.6,29.44,0.0,Partly Cloudy
2026-02-04,11:00 PM,13.9,10.4,86,NNE,5.6,10.5,29.44,0.0,Fair
2026-02-05,12:00 AM,12.6,9.0,86,NNE,5.6,10.3,29.42,0.0,Fair
2026-02-05,1:00 AM,11.6,8.1,85,NNE,5.6,10.5,29.41,0.0,Fair
2026-02-05,2:00 AM,10.9,6.6,83,NNE,4.6,9.8,29.4,0.0,Fair
2026-02-05,3:00 AM,8.0,4.3,85,NNE,3.3,7.8,29.38,0.0,Fair
2026-02-05,4:00 AM,5.8,2.8,87,N,4.3,6.9,29.37,0.0,Fair
2026-02-05,5:00 AM,5.0,1.7,86,N,3.9,8.3,29.36,0.0,Fair
2026-02-05,6:00 AM,2.8,-0.0,88,N,3.7,6.7,29.34,0.0,Fair
2026-02-05,7:00 AM,1.5,-1.4,87,N,3.8,6.5,29.34,0.0,Fair
2026-02-05,8:00 AM,8.2,5.1,87,N,2.9,6.5,29.36,0.0,Cloudy
2026-02-05,9:00 AM,7.9,5.0,88,N,1.8,4.9,29.35,0.0,Cloudy
2026-02-05,10:00 AM,11.4,7.0,82,NNE,0.3,2.9,29.35,0.0,Cloudy
2026-02-05,11:00 AM,14.4,7.3,73,E,0.8,3.6,29.34,0.0,Cloudy
2026-02-05,12:00 PM,15.9,7.7,70,SSE,3.2,8.7,29.31,0.0,Cloudy
2026-02-05,1:00 PM,17.8,8.4,66,SSW,3.1,8.9,29.3,0.0,Cloudy
2026-02-05,2:00 PM,21.3,9.2,59,SW,3.9,10.1,29.25,0.0,Cloudy
2026-02-05,3:00 PM,22.0,10.1,60,WSW,4.0,10.1,29.21,0.0,Cloudy
2026-02-05,4:00 PM,21.9,10.9,62,W,4.6,11.2,29.2,0.0,Cloudy
2026-02-05,5:00 PM,21.7,11.7,65,W,4.0,11.2,29.19,0.0,Cloudy
2026-02-05,6:00 PM,20.8,12.3,69,WSW,3.0,9.8,29.17,0.0,Cloudy
2026-02-05,7:00 PM,18.6,13.1,79,S,3.4,6.9,29.15,0.0,Cloudy
2026-02-05,8:00 PM,18.3,12.4,77,SSW,3.7,6.5,29.13,0.0,Cloudy
2026-02-05,9:00 PM,17.0,12.5,82,SW,3.8,6.5,29.11,0.0,Cloudy
2026-02-05,10:00 PM,14.2,10.0,83,SW,4.1,7.2,29.09,0.0,Cloudy
2026-02-05,11:00 PM,14.5,10.8,85,SW,4.4,8.1,29.08,0.0,Cloudy
2026-02-06,12:00 AM,15.4,11.8,86,SW,4.6,8.5,29.08,0.0,Cloudy
2026-02-06,1:00 AM,14.0,10.6,86,SSW,4.5,8.7,29.05,0.0,Fair
2026-02-06,2:00 AM,14.7,10.9,84,SW,5.9,9.6,29.03,0.0,Cloudy
2026-02-06,3:00 AM,17.4,13.0,83,SW,6.1,11.9,29.02,0.0,Cloudy
2026-02-06,4:00 AM,18.8,13.8,81,SW,6.7,13.2,29.0,0.0,Cloudy
2026-02-06,5:00 AM,19.1,14.4,81,SSW,6.7,13.4,28.97,0.0,Cloudy
2026-02-06,6:00 AM,19.4,14.7,82,SSW,7.3,14.5,28.94,0.0,Cloudy
2026-02-06,7:00 AM,19.6,15.1,82,SSW,7.7,15.7,28.92,0.004,Light Snow
2026-02-06,8:00 AM,20.2,16.0,83,SSW,8.0,15.7,28.89,0.012,Light Snow
2026-02-06,9:00 AM,20.6,16.5,84,SSW,7.7,16.1,28.87,0.008,Light Snow
2026-02-06,10:00 AM,21.5,17.2,83,SSW,6.0,15.7,28.86,0.004,Light Snow
2026-02-06,11:00 AM,22.6,18.0,82,SW,8.1,18.3,28.86,0.008,Light Snow
2026-02-06,12:00 PM,23.2,18.8,83,SW,7.7,17.0,28.85,0.02,Light Snow
2026-02-06,1:00 PM,24.3,19.7,82,SW,7.8,17.0,28.82,0.012,Light Snow
2026-02-06,2:00 PM,25.6,19.8,78,WSW,8.0,17.4,28.81,0.008,Light Snow
2026-02-06,3:00 PM,26.6,20.1,76,W,8.0,17.7,28.8,0.004,Light Snow
2026-02-06,4:00 PM,27.7,20.7,75,W,7.9,17.4,28.8,0.0,Cloudy
2026-02-06,5:00 PM,28.0,21.5,76,WNW,8.1,17.7,28.82,0.0,Cloudy
2026-02-06,6:00 PM,27.5,22.7,82,W,6.4,17.4,28.84,0.004,Light Snow
2026-02-06,7:00 PM,27.1,23.6,87,W,8.4,16.6,28.87,0.004,Light Snow
2026-02-06,8:00 PM,27.2,24.2,88,WNW,9.5,19.7,28.91,0.004,Light Snow
2026-02-06,9:00 PM,27.2,24.3,88,WNW,8.9,19.2,28.92,0.004,Light Snow
2026-02-06,10:00 PM,27.5,24.4,88,W,9.0,18.3,28.92,0.004,Light Snow
2026-02-06,11:00 PM,27.8,24.4,87,WNW,17.4,32.0,28.93,0.028,Light Snow
2026-02-07,12:00 AM,23.3,16.3,74,NNW,15.7,41.2,28.99,0.008,Light Snow
2026-02-07,1:00 AM,19.0,12.0,74,NW,13.5,32.2,29.04,0.0,Cloudy
2026-02-07,2:00 AM,16.3,8.6,71,NW,13.9,28.4,29.08,0.0,Cloudy
2026-02-07,3:00 AM,14.1,6.1,70,NW,14.3,30.4,29.13,0.0,Fair
2026-02-07,4:00 AM,10.9,4.3,74,NW,13.6,30.2,29.16,0.0,Cloudy
2026-02-07,5:00 AM,9.2,2.7,74,NW,12.3,29.1,29.19,0.0,Cloudy
2026-02-07,6:00 AM,8.4,1.9,74,NW,13.1,26.6,29.22,0.0,Cloudy
2026-02-07,7:00 AM,8.2,1.6,74,NW,13.0,28.0,29.26,0.0,Partly Cloudy
2026-02-07,8:00 AM,6.2,0.3,76,NW,11.3,27.1,29.3,0.0,Partly Cloudy
2026-02-07,9:00 AM,6.1,-0.2,75,NW,11.4,22.8,29.33,0.0,Cloudy
2026-02-07,10:00 AM,7.8,-0.2,69,NW,10.7,25.1,29.36,0.0,Partly Cloudy
2026-02-07,11:00 AM,9.2,-1.1,62,NW,16.8,33.3,29.38,0.0,Partly Cloudy
2026-02-07,12:00 PM,10.7,-0.8,59,NW,17.1,35.6,29.39,0.0,Partly Cloudy
2026-02-07,1:00 PM,11.8,0.3,59,NW,15.5,35.3,29.38,0.0,Cloudy
2026-02-07,2:00 PM,13.6,0.5,55,NW,14.8,32.4,29.39,0.0,Cloudy
2026-02-07,3:00 PM,14.3,1.9,57,NW,14.1,30.9,29.39,0.0,Cloudy
2026-02-07,4:00 PM,14.3,2.1,58,NW,14.0,29.8,29.4,0.0,Cloudy
2026-02-07,5:00 PM,13.6,2.9,62,NW,14.0,29.8,29.42,0.0,Cloudy
2026-02-07,6:00 PM,12.8,3.3,65,NW,11.8,30.4,29.44,0.0,Cloudy
2026-02-07,7:00 PM,11.8,2.8,67,WNW,10.2,24.4,29.45,0.0,Partly Cloudy
2026-02-07,8:00 PM,9.2,0.6,67,NW,9.2,20.8,29.48,0.0,Fair
2026-02-07,9:00 PM,8.2,0.7,71,NW,7.6,17.7,29.48,0.0,Fair
2026-02-07,10:00 PM,6.1,0.1,76,NW,6.6,15.2,29.5,0.0,Fair
2026-02-07,11:00 PM,3.3,-1.7,79,NW,5.2,12.8,29.51,0.0,Fair
2026-02-08,12:00 AM,0.3,-4.6,79,WNW,4.1,9.8,29.51,0.0,Fair
2026-02-08,1:00 AM,-2.1,-6.9,80,W,3.9,7.4,29.5,0.0,Fair
2026-02-08,2:00 AM,-0.9,-7.7,72,WNW,4.2,6.9,29.5,0.0,Fair
2026-02-08,3:00 AM,-2.4,-8.7,74,WNW,3.4,6.9,29.49,0.0,Fair
2026-02-08,4:00 AM,-4.7,-10.2,77,WNW,3.7,6.0,29.48,0.0,Cloudy
2026-02-08,5:00 AM,-5.6,-10.9,77,WNW,4.3,7.2,29.48,0.0,Cloudy
2026-02-08,6:00 AM,-5.9,-11.0,78,WNW,3.2,7.2,29.48,0.0,Cloudy
2026-02-08,7:00 AM,-6.0,-10.8,79,W,1.3,5.6,29.49,0.0,Cloudy
2026-02-08,8:00 AM,-5.1,-9.3,81,W,2.9,3.4,29.52,0.0,Fair
2026-02-08,9:00 AM,-5.1,-9.2,82,WNW,3.7,6.3,29.53,0.0,Cloudy
2026-02-08,10:00 AM,1.9,-5.3,71,NW,1.9,6.5,29.56,0.0,Fair
2026-02-08,11:00 AM,9.4,-1.7,60,NW,1.4,5.1,29.58,0.0,Fair
2026-02-08,12:00 PM,14.6,0.4,53,NNW,3.3,8.7,29.58,0.0,Fair
2026-02-08,1:00 PM,16.8,0.6,48,NNW,5.4,12.8,29.57,0.0,Fair
2026-02-08,2:00 PM,18.9,-1.3,40,NNW,6.2,14.3,29.55,0.0,Fair
2026-02-08,3:00 PM,19.6,-1.3,39,NNW,5.6,15.0,29.54,0.0,Fair
2026-02-08,4:00 PM,19.4,-0.9,40,NNW,5.0,13.6,29.53,0.0,Fair
2026-02-08,5:00 PM,18.5,0.5,45,NNW,4.5,12.5,29.54,0.0,Fair
2026-02-08,6:00 PM,16.3,2.7,54,NNW,3.1,11.2,29.54,0.0,Fair
2026-02-08,7:00 PM,10.3,1.4,67,N,3.4,6.7,29.54,0.0,Fair
2026-02-08,8:00 PM,10.0,2.8,72,N,5.1,7.2,29.54,0.0,Fair
2026-02-08,9:00 PM,8.2,1.9,75,NNE,5.2,9.4,29.56,0.0,Fair
2026-02-08,10:00 PM,5.7,-0.4,75,NE,4.6,8.9,29.55,0.0,Fair
2026-02-08,11:00 PM,3.7,-2.2,76,NE,5.0,8.7,29.55,0.0,Fair
2026-02-09,12:00 AM,1.9,-3.8,77,NE,4.1,8.7,29.55,0.0,Fair
2026-02-09,1:00 AM,-0.8,-5.9,79,ENE,3.4,6.9,29.54,0.0,Fair
2026-02-09,2:00 AM,-0.8,-6.5,76,NE,3.9,5.4,29.53,0.0,Fair
2026-02-09,3:00 AM,-1.2,-6.8,77,NE,2.0,5.8,29.53,0.0,Fair
2026-02-09,4:00 AM,-2.7,-7.6,79,E,1.3,3.4,29.53,0.0,Fair
2026-02-09,5:00 AM,-4.4,-8.8,81,E,2.0,3.4,29.51,0.0,Fair
2026-02-09,6:00 AM,-5.8,-10.2,81,E,3.8,5.6,29.49,0.0,Fair
2026-02-09,7:00 AM,-5.2,-10.3,78,E,3.9,7.4,29.47,0.0,Fair
2026-02-09,8:00 AM,-4.7,-9.2,80,E,4.0,6.5,29.48,0.0,Fair
2026-02-09,9:00 AM,-1.6,-6.5,79,E,4.5,8.1,29.48,0.0,Fair
2026-02-09,10:00 AM,4.0,-4.1,68,ENE,3.4,8.3,29.49,0.0,Cloudy
2026-02-09,11:00 AM,10.9,-1.0,58,ENE,2.3,6.9,29.49,0.0,Cloudy
2026-02-09,12:00 PM,17.1,2.0,51,E,3.6,9.2,29.47,0.0,Fair
2026-02-09,1:00 PM,21.7,4.0,46,E,4.3,10.7,29.44,0.0,Cloudy
2026-02-09,2:00 PM,25.7,2.6,36,E,4.8,10.7,29.4,0.0,Cloudy
2026-02-09,3:00 PM,28.0,4.4,36,ESE,3.9,12.1,29.36,0.0,Cloudy
2026-02-09,4:00 PM,29.5,6.1,36,ESE,3.1,10.1,29.33,0.0,Cloudy
2026-02-09,5:00 PM,29.1,8.2,41,ESE,2.5,8.7,29.31,0.0,Cloudy
2026-02-09,6:00 PM,26.6,10.8,51,ESE,3.0,6.9,29.28,0.0,Cloudy
2026-02-09,7:00 PM,20.8,10.1,63,ENE,3.4,6.0,29.28,0.0,Cloudy
2026-02-09,8:00 PM,20.8,10.1,63,ENE,3.5,5.1,29.29,0.0,Cloudy
2026-02-09,9:00 PM,21.8,12.5,67,E,3.6,5.8,29.28,0.0,Cloudy
2026-02-09,10:00 PM,22.5,13.7,69,SE,3.0,6.9,29.26,0.0,Cloudy
2026-02-09,11:00 PM,21.3,12.9,70,SE,1.9,4.5,29.24,0.0,Cloudy
2026-02-10,12:00 AM,21.6,13.6,71,SSE,2.6,4.0,29.22,0.0,Cloudy
2026-02-10,1:00 AM,23.0,15.0,71,SSE,2.4,4.0,29.21,0.0,Cloudy
2026-02-10,2:00 AM,24.3,14.3,65,SSE,3.7,5.1,29.19,0.0,Cloudy
2026-02-10,3:00 AM,26.0,17.2,69,SSW,3.4,6.5,29.19,0.0,Cloudy
2026-02-10,4:00 AM,26.7,18.2,70,SSW,3.8,6.5,29.19,0.0,Cloudy
2026-02-10,5:00 AM,27.4,19.0,70,SSW,4.3,7.4,29.18,0.0,Cloudy
2026-02-10,6:00 AM,26.0,18.3,72,S,4.2,7.6,29.16,0.0,Cloudy
2026-02-10,7:00 AM,24.8,18.1,75,SSW,5.8,9.8,29.17,0.0,Cloudy
2026-02-10,8:00 AM,25.3,16.7,69,SSW,7.2,12.1,29.18,0.0,Cloudy
2026-02-10,9:00 AM,27.7,18.5,68,SSW,7.5,14.1,29.18,0.0,Cloudy
2026-02-10,10:00 AM,30.8,20.8,66,S,7.2,15.0,29.16,0.0,Cloudy
2026-02-10,11:00 AM,35.2,22.3,59,S,6.9,15.7,29.13,0.0,Cloudy
2026-02-10,12:00 PM,39.2,24.6,56,SSW,7.0,16.8,29.1,0.0,Fair
2026-02-10,1:00 PM,43.3,27.3,53,SSW,7.6,17.9,29.06,0.0,Fair
2026-02-10,2:00 PM,47.8,29.9,50,SSW,7.7,18.6,29.0,0.0,Fair
2026-02-10,3:00 PM,48.6,31.8,52,SW,7.8,25.5,28.97,0.0,Partly Cloudy
2026-02-10,4:00 PM,48.6,33.4,56,SW,11.2,23.9,28.95,0.0,Fair
2026-02-10,5:00 PM,47.1,34.3,61,SW,11.1,24.4,28.93,0.0,Partly Cloudy
2026-02-10,6:00 PM,44.8,35.1,69,SW,9.3,23.0,28.91,0.0,Cloudy
2026-02-10,7:00 PM,41.2,35.2,79,WSW,7.3,18.8,28.93,0.0,Cloudy
2026-02-10,8:00 PM,41.9,38.7,88,W,6.9,18.1,28.95,0.0,Cloudy
2026-02-10,9:00 PM,42.7,39.9,90,WNW,9.8,18.1,28.94,0.0,Cloudy
2026-02-10,10:00 PM,40.6,38.0,91,NW,10.1,19.9,28.97,0.0,Fair
2026-02-10,11:00 PM,37.9,35.6,92,NW,8.5,19.5,28.99,0.0,Fair
2026-02-11,12:00 AM,35.2,33.7,94,NW,7.6,15.9,29.01,0.0,Fair
2026-02-11,1:00 AM,33.7,32.2,94,NW,7.9,14.8,29.03,0.0,Fair
2026-02-11,2:00 AM,36.0,33.7,91,NW,8.5,14.8,29.04,0.0,Cloudy
2026-02-11,3:00 AM,34.9,32.4,90,NW,7.7,15.4,29.05,0.0,Fair
2026-02-11,4:00 AM,33.2,31.0,92,WNW,8.5,15.9,29.08,0.0,Fair
2026-02-11,5:00 AM,31.6,29.7,92,WNW,9.0,17.2,29.09,0.0,Partly Cloudy
2026-02-11,6:00 AM,31.2,28.9,91,WNW,8.7,17.7,29.1,0.0,Fair
2026-02-11,7:00 AM,30.2,27.2,89,WNW,8.4,17.0,29.13,0.0,Cloudy
2026-02-11,8:00 AM,31.6,28.0,86,WNW,8.9,16.1,29.14,0.0,Cloudy
2026-02-11,9:00 AM,30.5,26.7,86,W,7.9,17.0,29.16,0.0,Cloudy
2026-02-11,10:00 AM,32.5,27.1,80,W,9.7,20.1,29.17,0.0,Cloudy
2026-02-11,11:00 AM,34.3,27.3,75,W,10.3,26.6,29.18,0.0,Cloudy
2026-02-11,12:00 PM,34.8,26.8,72,WNW,13.4,28.6,29.18,0.0,Cloudy
2026-02-11,1:00 PM,34.6,26.1,71,WNW,12.9,28.4,29.18,0.0,Cloudy
2026-02-11,2:00 PM,34.4,25.2,69,WNW,11.7,27.7,29.18,0.0,Cloudy
2026-02-11,3:00 PM,33.8,24.0,67,WNW,12.6,27.1,29.18,0.0,Cloudy
2026-02-11,4:00 PM,32.6,23.7,69,WNW,12.6,27.1,29.18,0.0,Cloudy
2026-02-11,5:00 PM,31.7,23.6,72,WNW,12.1,28.4,29.21,0.0,Cloudy
2026-02-11,6:00 PM,30.8,24.3,76,WNW,10.1,25.9,29.22,0.0,Cloudy
2026-02-11,7:00 PM,29.8,24.3,79,WNW,8.8,21.0,29.24,0.0,Cloudy
2026-02-11,8:00 PM,30.4,24.5,79,WNW,8.5,18.1,29.26,0.004,Light Snow
2026-02-11,9:00 PM,29.3,24.4,82,NW,8.9,18.1,29.28,0.0,Cloudy
2026-02-11,10:00 PM,28.9,22.7,78,WNW,9.9,20.4,29.29,0.0,Cloudy
2026-02-11,11:00 PM,28.4,24.0,83,WNW,8.1,20.1,29.29,0.0,Cloudy
2026-02-12,12:00 AM,28.0,24.0,85,NW,7.4,16.8,29.29,0.0,Cloudy
2026-02-12,1:00 AM,27.2,23.5,85,WNW,6.5,15.2,29.3,0.0,Cloudy
2026-02-12,2:00 AM,28.0,23.5,83,WNW,6.2,13.2,29.31,0.0,Cloudy
2026-02-12,3:00 AM,27.6,23.6,85,WNW,6.7,13.4,29.32,0.004,Light Snow
2026-02-12,4:00 AM,26.4,20.8,79,NW,8.2,16.8,29.33,0.0,Cloudy
2026-02-12,5:00 AM,25.3,18.1,74,WNW,8.6,17.9,29.33,0.0,Cloudy
2026-02-12,6:00 AM,25.1,19.2,78,WNW,6.1,17.4,29.33,0.0,Cloudy
2026-02-12,7:00 AM,25.0,21.0,85,WNW,4.8,12.3,29.33,0.0,Cloudy
2026-02-12,8:00 AM,24.9,18.9,78,NW,8.4,11.2,29.35,0.0,Cloudy
2026-02-12,9:00 AM,24.1,18.1,77,WNW,8.1,16.6,29.37,0.0,Cloudy
2026-02-12,10:00 AM,24.6,16.9,72,WNW,9.3,19.5,29.39,0.0,Cloudy
2026-02-12,11:00 AM,25.4,16.3,68,NW,11.0,23.5,29.4,0.0,Cloudy
2026-02-12,12:00 PM,26.1,17.2,69,NW,10.6,23.5,29.4,0.0,Cloudy
2026-02-12,1:00 PM,26.9,18.0,69,NW,9.5,22.6,29.39,0.0,Cloudy
2026-02-12,2:00 PM,27.8,18.1,67,WNW,8.6,20.8,29.38,0.0,Cloudy
2026-02-12,3:00 PM,27.6,18.3,68,WNW,8.7,19.0,29.37,0.0,Cloudy
2026-02-12,4:00 PM,28.0,18.9,68,WNW,9.1,19.7,29.36,0.0,Cloudy
2026-02-12,5:00 PM,27.6,19.1,70,WNW,9.1,19.9,29.36,0.0,Cloudy
2026-02-12,6:00 PM,27.1,20.1,75,WNW,6.8,19.5,29.37,0.0,Cloudy
2026-02-12,7:00 PM,26.3,20.4,78,NW,6.0,14.3,29.38,0.0,Cloudy
2026-02-12,8:00 PM,26.4,20.1,77,NW,6.5,12.3,29.39,0.0,Cloudy
2026-02-12,9:00 PM,25.2,19.3,78,NW,6.5,13.4,29.4,0.0,Partly Cloudy
2026-02-12,10:00 PM,24.1,18.7,80,NW,5.6,13.2,29.4,0.0,Cloudy
2026-02-12,11:00 PM,23.5,18.9,82,NW,5.1,11.2,29.4,0.0,Cloudy
2026-02-13,12:00 AM,22.8,18.9,85,NW,4.2,10.1,29.4,0.0,Cloudy
2026-02-13,1:00 AM,22.3,18.3,84,NW,2.7,8.5,29.4,0.0,Cloudy
2026-02-13,2:00 AM,20.9,15.8,80,NW,2.6,5.4,29.4,0.0,Cloudy
2026-02-13,3:00 AM,21.1,15.5,79,NNW,2.1,4.5,29.4,0.0,Cloudy
2026-02-13,4:00 AM,21.9,16.1,78,N,2.0,4.0,29.4,0.0,Cloudy
2026-02-13,5:00 AM,20.2,14.5,78,N,1.0,4.0,29.39,0.0,Fair
2026-02-13,6:00 AM,17.0,12.5,82,NW,0.4,2.7,29.39,0.0,Fair
2026-02-13,7:00 AM,14.7,11.6,87,SW,0.7,1.8,29.39,0.0,Fair
2026-02-13,8:00 AM,21.4,17.5,85,SW,2.4,2.9,29.41,0.0,Cloudy
2026-02-13,9:00 AM,18.8,15.1,85,SW,3.0,5.1,29.42,0.0,Fair
2026-02-13,10:00 AM,24.4,17.8,76,SW,2.6,6.5,29.44,0.0,Fair
2026-02-13,11:00 AM,27.4,16.3,62,W,4.5,11.2,29.44,0.0,Fair
2026-02-13,12:00 PM,29.7,16.3,57,WNW,5.6,13.4,29.44,0.0,Cloudy
2026-02-13,1:00 PM,31.2,18.5,59,W,6.2,14.8,29.42,0.0,Partly Cloudy
2026-02-13,2:00 PM,33.1,19.4,57,WSW,5.6,15.9,29.39,0.0,Fair
2026-02-13,3:00 PM,33.5,20.0,57,WSW,5.6,13.9,29.37,0.0,Fair
2026-02-13,4:00 PM,34.3,21.0,58,WSW,5.6,13.9,29.36,0.0,Fair
2026-02-13,5:00 PM,34.3,21.4,59,WSW,5.5,13.9,29.35,0.0,Fair
2026-02-13,6:00 PM,32.5,22.6,67,SW,3.7,13.2,29.34,0.0,Fair
2026-02-13,7:00 PM,28.2,21.6,76,SSW,5.0,8.5,29.34,0.0,Fair
2026-02-13,8:00 PM,28.5,20.7,72,SW,5.9,10.1,29.33,0.0,Fair
2026-02-13,9:00 PM,28.0,20.2,72,SW,6.1,10.7,29.32,0.0,Fair
2026-02-13,10:00 PM,27.4,20.9,76,SW,7.1,13.0,29.31,0.0,Fair
2026-02-13,11:00 PM,27.1,21.1,78,SW,7.2,13.4,29.31,0.0,Cloudy
2026-02-14,12:00 AM,29.6,22.3,74,SW,7.5,14.5,29.31,0.0,Cloudy
2026-02-14,1:00 AM,31.3,23.0,71,SW,7.9,15.4,29.3,0.0,Cloudy
2026-02-14,2:00 AM,32.8,23.6,69,SW,8.9,16.3,29.29,0.0,Cloudy
2026-02-14,3:00 AM,33.0,24.3,70,SW,8.7,17.2,29.29,0.0,Cloudy
2026-02-14,4:00 AM,32.8,24.5,71,SW,8.8,17.7,29.28,0.0,Cloudy
2026-02-14,5:00 AM,32.3,24.6,73,SW,8.2,17.2,29.28,0.0,Partly Cloudy
2026-02-14,6:00 AM,30.9,24.4,77,SW,7.8,16.1,29.27,0.0,Fair
2026-02-14,7:00 AM,29.3,24.0,80,SW,7.4,15.0,29.28,0.0,Fair
2026-02-14,8:00 AM,29.2,24.3,82,SW,7.9,14.3,29.28,0.0,Fair
2026-02-14,9:00 AM,29.6,24.7,82,SW,6.4,14.3,29.3,0.0,Fair
2026-02-14,10:00 AM,33.5,26.3,75,SW,4.6,12.5,29.31,0.0,Cloudy
2026-02-14,11:00 AM,37.0,27.4,68,SW,5.5,13.2,29.31,0.0,Cloudy
2026-02-14,12:00 PM,40.0,28.4,63,SW,5.4,14.3,29.3,0.0,Cloudy
2026-02-14,1:00 PM,42.5,29.0,59,WSW,5.4,14.5,29.28,0.0,Cloudy
2026-02-14,2:00 PM,47.6,31.7,54,WSW,6.3,14.3,29.25,0.0,Cloudy
2026-02-14,3:00 PM,45.5,30.2,55,WSW,4.3,13.6,29.22,0.0,Cloudy
2026-02-14,4:00 PM,45.9,29.9,54,WSW,4.5,12.8,29.22,0.0,Cloudy
2026-02-14,5:00 PM,45.2,29.8,55,SW,4.6,12.5,29.22,0.0,Cloudy
2026-02-14,6:00 PM,41.7,30.3,64,SSW,4.3,11.2,29.21,0.0,Cloudy
2026-02-14,7:00 PM,39.4,29.8,68,SSW,5.0,9.2,29.22,0.0,Cloudy
2026-02-14,8:00 PM,38.8,29.0,68,SW,6.0,9.2,29.21,0.0,Cloudy
2026-02-14,9:00 PM,37.9,29.1,70,SSW,6.5,11.6,29.21,0.0,Cloudy
2026-02-14,10:00 PM,36.9,28.9,73,SSW,5.4,11.6,29.2,0.0,Cloudy
2026-02-14,11:00 PM,35.8,28.6,75,SSW,4.8,9.2,29.2,0.0,Cloudy
2026-02-15,12:00 AM,35.0,28.5,77,S,4.4,8.1,29.19,0.0,Cloudy
2026-02-15,1:00 AM,34.6,28.5,78,S,4.3,7.4,29.18,0.0,Cloudy
2026-02-15,2:00 AM,34.7,28.9,79,S,4.3,8.1,29.16,0.0,Cloudy
2026-02-15,3:00 AM,35.0,28.9,78,S,4.7,8.5,29.15,0.0,Cloudy
2026-02-15,4:00 AM,35.9,29.6,78,SSW,4.9,8.7,29.15,0.0,Cloudy
2026-02-15,5:00 AM,36.0,29.8,78,SW,5.0,9.4,29.15,0.0,Cloudy
2026-02-15,6:00 AM,36.1,30.0,79,SSW,4.6,8.9,29.14,0.0,Cloudy
2026-02-15,7:00 AM,35.8,30.6,81,SSW,5.4,9.8,29.15,0.004,Light Drizzle
2026-02-15,8:00 AM,36.3,29.9,77,SW,4.1,9.6,29.14,0.008,Light Drizzle
2026-02-15,9:00 AM,34.8,32.2,90,SSW,4.0,8.5,29.15,0.008,Light Drizzle
2026-02-15,10:00 AM,36.0,34.3,93,SSW,3.6,7.8,29.15,0.016,Light Drizzle
2026-02-15,11:00 AM,37.4,36.0,94,S,2.7,6.7,29.15,0.024,Drizzle
2026-02-15,12:00 PM,38.6,37.3,95,SE,3.4,6.5,29.14,0.031,Drizzle
2026-02-15,1:00 PM,39.8,39.2,98,SSE,4.0,7.6,29.13,0.024,Drizzle
2026-02-15,2:00 PM,41.4,40.0,95,SE,3.3,8.7,29.1,0.02,Drizzle
2026-02-15,3:00 PM,40.2,39.0,96,ESE,3.8,6.9,29.08,0.012,Light Drizzle
2026-02-15,4:00 PM,41.5,39.4,92,E,5.8,10.7,29.07,0.004,Light Drizzle
2026-02-15,5:00 PM,41.5,39.1,91,E,6.3,11.4,29.05,0.0,Cloudy
2026-02-15,6:00 PM,41.1,38.7,91,E,5.9,13.2,29.05,0.0,Partly Cloudy
2026-02-15,7:00 PM,37.8,36.1,94,ENE,5.3,10.5,29.06,0.0,Cloudy
2026-02-15,8:00 PM,38.1,37.3,97,NE,4.2,7.6,29.08,0.0,Cloudy
2026-02-15,9:00 PM,37.6,37.0,98,ENE,3.9,6.9,29.08,0.0,Fair
2026-02-15,10:00 PM,33.0,32.9,100,ENE,2.7,5.8,29.08,0.0,Cloudy
2026-02-15,11:00 PM,31.7,31.7,100,E,1.6,4.3,29.08,0.0,Cloudy
2026-02-16,12:00 AM,30.6,30.5,100,NW,2.7,4.3,29.1,0.0,Cloudy
2026-02-16,1:00 AM,30.3,30.0,99,NW,3.2,5.8,29.1,0.0,Cloudy
2026-02-16,2:00 AM,30.9,30.8,100,WNW,3.0,8.1,29.11,0.0,Cloudy
2026-02-16,3:00 AM,31.0,30.9,100,WNW,3.2,7.8,29.13,0.0,Cloudy
2026-02-16,4:00 AM,31.1,30.9,99,W,2.8,7.2,29.14,0.0,Cloudy
2026-02-16,5:00 AM,31.6,31.6,100,W,2.6,7.8,29.17,0.0,Cloudy
2026-02-16,6:00 AM,31.5,31.5,100,SSW,1.6,7.2,29.18,0.0,Cloudy
2026-02-16,7:00 AM,31.7,31.6,100,S,2.4,6.7,29.19,0.0,Cloudy
2026-02-16,8:00 AM,31.1,30.7,99,S,3.4,7.8,29.22,0.0,Cloudy
2026-02-16,9:00 AM,31.6,31.6,100,SSW,5.1,11.2,29.25,0.0,Cloudy
2026-02-16,10:00 AM,33.6,33.5,100,SSW,6.0,13.2,29.27,0.0,Cloudy
2026-02-16,11:00 AM,35.6,35.4,99,SSW,6.9,15.2,29.27,0.0,Cloudy
2026-02-16,12:00 PM,37.8,36.9,97,SSW,7.7,17.0,29.28,0.0,Cloudy
2026-02-16,1:00 PM,40.3,37.4,89,SSW,7.9,17.4,29.27,0.0,Cloudy
2026-02-16,2:00 PM,41.5,37.8,86,SW,9.3,19.5,29.26,0.0,Cloudy
2026-02-16,3:00 PM,44.1,37.6,78,SW,10.1,22.1,29.26,0.0,Cloudy
2026-02-16,4:00 PM,44.7,37.8,77,SW,9.5,22.6,29.26,0.0,Cloudy
2026-02-16,5:00 PM,44.2,38.0,79,SW,9.8,21.0,29.26,0.0,Cloudy
2026-02-16,6:00 PM,42.3,38.4,86,SSW,7.5,21.0,29.26,0.0,Cloudy
2026-02-16,7:00 PM,40.2,38.4,93,SSW,7.7,15.2,29.26,0.0,Cloudy
2026-02-16,8:00 PM,40.7,39.8,97,SSW,8.0,15.9,29.26,0.0,Cloudy
2026-02-16,9:00 PM,40.2,39.7,98,SSW,8.5,15.9,29.26,0.0,Cloudy
2026-02-16,10:00 PM,39.3,38.8,98,SSW,8.1,15.9,29.26,0.0,Cloudy
2026-02-16,11:00 PM,37.6,37.2,99,SSW,7.6,15.0,29.26,0.0,Cloudy
2026-02-17,12:00 AM,35.5,35.2,99,SSW,6.0,14.1,29.25,0.0,Cloudy
2026-02-17,1:00 AM,34.3,34.1,99,SSW,5.6,11.4,29.25,0.0,Partly Cloudy
2026-02-17,2:00 AM,35.7,34.6,96,SW,7.8,11.0,29.25,0.0,Partly Cloudy
2026-02-17,3:00 AM,34.3,33.8,98,SW,6.2,13.4,29.25,0.0,Cloudy
2026-02-17,4:00 AM,33.7,33.2,98,SW,6.0,11.9,29.25,0.0,Cloudy
2026-02-17,5:00 AM,33.2,32.6,98,SW,5.8,11.4,29.24,0.0,Fair
2026-02-17,6:00 AM,32.5,31.9,98,SW,5.2,11.0,29.25,0.0,Cloudy
2026-02-17,7:00 AM,32.2,31.5,97,SSW,5.1,9.8,29.26,0.0,Cloudy
2026-02-17,8:00 AM,34.6,34.1,98,SSW,4.3,9.6,29.27,0.0,Cloudy
2026-02-17,9:00 AM,34.5,34.2,99,SSW,3.8,8.1,29.28,0.0,Cloudy
2026-02-17,10:00 AM,37.9,36.3,94,S,5.6,10.5,29.29,0.0,Cloudy
2026-02-17,11:00 AM,41.4,37.5,86,SSW,4.2,11.0,29.28,0.0,Cloudy
2026-02-17,12:00 PM,47.5,39.0,72,SSW,3.9,12.1,29.28,0.0,Cloudy
2026-02-17,1:00 PM,52.0,39.1,61,SW,4.0,11.2,29.25,0.0,Partly Cloudy
2026-02-17,2:00 PM,56.1,40.2,55,SW,4.4,11.6,29.23,0.0,Cloudy
2026-02-17,3:00 PM,57.5,39.2,50,SW,4.8,12.3,29.21,0.0,Cloudy
2026-02-17,4:00 PM,57.2,38.6,50,SSW,4.4,12.1,29.19,0.0,Cloudy
2026-02-17,5:00 PM,55.3,39.4,55,S,3.1,10.5,29.17,0.0,Cloudy
2026-02-17,6:00 PM,50.4,38.2,63,S,3.5,6.9,29.16,0.0,Cloudy
2026-02-17,7:00 PM,45.6,35.3,67,SSE,4.3,6.7,29.15,0.0,Cloudy
2026-02-17,8:00 PM,43.4,35.2,72,S,5.5,9.6,29.14,0.0,Cloudy
2026-02-17,9:00 PM,43.5,37.0,77,S,4.9,10.5,29.13,0.0,Cloudy
2026-02-17,10:00 PM,42.5,37.3,82,S,4.3,8.5,29.12,0.0,Cloudy
2026-02-17,11:00 PM,40.2,36.5,87,S,3.8,7.4,29.1,0.0,Cloudy
2026-02-18,12:00 AM,40.3,36.9,87,SE,3.5,6.0,29.08,0.0,Cloudy
2026-02-18,1:00 AM,40.0,37.1,89,SE,3.5,5.8,29.06,0.0,Cloudy
2026-02-18,2:00 AM,40.7,37.9,90,SSE,4.4,8.5,29.04,0.0,Cloudy
2026-02-18,3:00 AM,41.7,38.7,89,SSE,5.0,8.5,29.04,0.0,Cloudy
2026-02-18,4:00 AM,41.2,38.6,90,S,7.0,11.6,29.02,0.0,Cloudy
2026-02-18,5:00 AM,41.5,38.9,91,S,7.7,14.5,29.0,0.0,Cloudy
2026-02-18,6:00 AM,41.7,39.3,91,S,8.0,13.6,28.97,0.0,Cloudy
2026-02-18,7:00 AM,42.5,40.1,91,SSW,9.3,17.2,28.97,0.0,Cloudy
2026-02-18,8:00 AM,44.7,41.4,88,SSW,9.9,17.4,28.94,0.0,Cloudy
2026-02-18,9:00 AM,45.8,42.5,88,SSW,11.7,21.7,28.91,0.0,Cloudy
2026-02-18,10:00 AM,49.6,43.4,79,S,10.2,21.7,28.89,0.0,Cloudy
2026-02-18,11:00 AM,51.0,44.1,77,SSW,10.6,21.3,28.89,0.0,Cloudy
2026-02-18,12:00 PM,53.2,46.6,78,SSW,12.3,24.6,28.87,0.008,Light Drizzle
2026-02-18,1:00 PM,52.3,48.5,87,SW,11.7,24.8,28.86,0.012,Light Drizzle
2026-02-18,2:00 PM,52.1,50.2,93,SW,10.3,22.8,28.85,0.012,Light Drizzle
2026-02-18,3:00 PM,52.7,50.9,94,SW,11.1,24.6,28.83,0.122,Rain
2026-02-18,4:00 PM,54.9,52.3,91,SW,11.2,22.1,28.83,0.008,Light Drizzle
2026-02-18,5:00 PM,56.0,52.5,88,WSW,10.6,22.6,28.83,0.0,Partly Cloudy
2026-02-18,6:00 PM,57.6,52.4,83,SW,9.0,24.6,28.83,0.0,Fair
2026-02-18,7:00 PM,54.0,51.2,90,SW,7.6,18.1,28.86,0.0,Fair
2026-02-18,8:00 PM,50.6,49.9,97,SSW,7.9,13.9,28.89,0.004,Light Drizzle
2026-02-18,9:00 PM,47.8,47.4,98,SW,5.5,13.2,28.9,0.004,Light Drizzle
2026-02-18,10:00 PM,44.4,44.3,100,SSW,4.8,11.4,28.91,0.004,Light Drizzle
2026-02-18,11:00 PM,45.2,45.1,100,SSW,7.6,13.4,28.93,0.0,Partly Cloudy
2026-02-19,12:00 AM,46.0,46.0,100,SW,8.5,16.1,28.94,0.0,Cloudy
2026-02-19,1:00 AM,46.2,46.1,100,SW,7.3,16.3,28.95,0.0,Cloudy
2026-02-19,2:00 AM,48.5,48.3,99,SW,6.7,13.4,28.95,0.0,Cloudy
2026-02-19,3:00 AM,48.4,48.3,100,SW,4.5,11.6,28.97,0.0,Cloudy
2026-02-19,4:00 AM,46.9,46.9,100,SSW,3.6,8.1,28.96,0.0,Cloudy
2026-02-19,5:00 AM,46.5,46.3,99,S,4.8,8.1,28.97,0.0,Cloudy
2026-02-19,6:00 AM,46.1,46.1,100,ENE,0.5,9.2,28.97,0.0,Cloudy
2026-02-19,7:00 AM,43.9,43.9,100,E,2.4,3.1,28.98,0.0,Cloudy
2026-02-19,8:00 AM,47.9,47.9,100,SSE,5.4,8.5,28.99,0.0,Cloudy
2026-02-19,9:00 AM,48.3,48.1,99,SSE,6.5,11.6,28.99,0.0,Cloudy
2026-02-19,10:00 AM,48.9,48.7,99,SE,4.6,12.5,29.0,0.0,Cloudy
2026-02-19,11:00 AM,51.7,50.6,96,SE,5.8,12.1,29.0,0.0,Cloudy
2026-02-19,12:00 PM,56.1,50.0,80,SE,7.8,18.6,28.97,0.0,Cloudy
2026-02-19,1:00 PM,59.7,48.7,67,ESE,8.9,20.1,28.94,0.0,Cloudy
2026-02-19,2:00 PM,60.8,44.1,54,SE,11.8,29.3,28.9,0.004,Light Drizzle
2026-02-19,3:00 PM,59.8,41.9,52,SSE,7.6,24.8,28.88,0.0,Cloudy
2026-02-19,4:00 PM,55.0,45.3,70,SSE,8.1,18.1,28.9,0.055,Light Rain
2026-02-19,5:00 PM,53.8,46.8,77,ESE,8.5,17.9,28.88,0.0,Fair
2026-02-19,6:00 PM,53.1,47.2,80,ESE,8.5,18.1,28.88,0.0,Fair
2026-02-19,7:00 PM,48.8,46.4,91,ESE,7.3,17.0,28.9,0.0,Cloudy
2026-02-19,8:00 PM,48.3,47.0,95,ESE,8.6,13.9,28.88,0.0,Cloudy
2026-02-19,9:00 PM,47.4,46.1,95,SE,9.1,17.2,28.88,0.0,Cloudy
2026-02-19,10:00 PM,46.7,45.4,95,SE,9.8,18.1,28.87,0.0,Cloudy
2026-02-19,11:00 PM,44.5,43.3,95,SE,10.5,20.1,28.85,0.0,Cloudy
2026-02-20,12:00 AM,43.3,41.6,94,SE,10.0,21.0,28.85,0.0,Cloudy
2026-02-20,1:00 AM,42.3,41.5,97,ESE,9.7,19.2,28.8,0.012,Light Drizzle
2026-02-20,2:00 AM,43.0,41.9,96,E,8.8,18.6,28.73,0.083,Light Rain
2026-02-20,3:00 AM,43.8,43.1,97,E,6.2,16.8,28.71,0.114,Rain
2026-02-20,4:00 AM,43.3,42.5,97,ESE,3.3,11.4,28.7,0.047,Drizzle
2026-02-20,5:00 AM,46.1,45.7,98,SSE,8.7,15.9,28.66,0.004,Light Drizzle
2026-02-20,6:00 AM,47.9,47.7,99,SSE,8.3,17.0,28.65,0.035,Drizzle
2026-02-20,7:00 AM,49.1,48.7,98,SSE,8.6,19.0,28.64,0.059,Light Rain
2026-02-20,8:00 AM,46.0,45.2,97,S,8.1,20.8,28.65,0.154,Rain
2026-02-20,9:00 AM,48.3,47.8,98,SSW,8.7,17.7,28.67,0.0,Partly Cloudy
2026-02-20,10:00 AM,52.3,50.0,92,SW,12.5,23.7,28.68,0.0,Fair
2026-02-20,11:00 AM,58.3,51.4,78,SW,12.2,32.4,28.67,0.0,Fair
2026-02-20,12:00 PM,60.3,35.2,39,SW,18.6,39.4,28.66,0.0,Fair
2026-02-20,1:00 PM,60.7,26.3,27,SW,21.1,44.5,28.66,0.0,Fair
2026-02-20,2:00 PM,59.1,23.4,25,WSW,22.9,47.6,28.68,0.0,Fair
2026-02-20,3:00 PM,57.0,25.5,30,WSW,22.2,48.3,28.7,0.0,Fair
2026-02-20,4:00 PM,55.1,26.4,33,WSW,23.1,47.9,28.72,0.0,Fair
2026-02-20,5:00 PM,51.5,29.2,42,WSW,20.3,48.3,28.77,0.0,Fair
2026-02-20,6:00 PM,46.4,27.3,47,W,18.3,43.0,28.83,0.0,Fair
2026-02-20,7:00 PM,41.5,26.7,55,W,16.1,38.5,28.9,0.0,Cloudy
2026-02-20,8:00 PM,41.1,26.8,56,W,14.2,33.3,28.93,0.0,Partly Cloudy
2026-02-20,9:00 PM,39.7,26.3,59,W,14.1,29.5,28.96,0.0,Fair
2026-02-20,10:00 PM,37.7,26.2,63,W,13.7,29.5,28.98,0.0,Fair
2026-02-20,11:00 PM,36.0,26.0,67,W,12.5,28.4,29.01,0.0,Fair
2026-02-21,12:00 AM,34.4,26.0,71,W,10.3,25.5,29.03,0.0,Fair
2026-02-21,1:00 AM,33.2,25.9,74,W,9.2,21.3,29.05,0.0,Fair
2026-02-21,2:00 AM,34.1,26.6,74,W,9.6,19.0,29.06,0.0,Partly Cloudy
2026-02-21,3:00 AM,33.3,26.3,75,W,9.1,19.0,29.08,0.0,Cloudy
2026-02-21,4:00 AM,33.5,25.9,73,W,8.4,18.8,29.09,0.0,Cloudy
2026-02-21,5:00 AM,33.4,25.7,73,WSW,8.1,18.1,29.1,0.0,Cloudy
2026-02-21,6:00 AM,32.9,25.8,75,WSW,6.4,16.8,29.11,0.0,Cloudy
2026-02-21,7:00 AM,32.5,25.5,75,WSW,7.3,15.4,29.16,0.0,Cloudy
2026-02-21,8:00 AM,33.3,25.7,73,WSW,8.0,18.1,29.18,0.0,Cloudy
2026-02-21,9:00 AM,33.4,25.3,72,WSW,9.2,19.5,29.2,0.0,Cloudy
2026-02-21,10:00 AM,34.0,25.3,70,W,8.8,19.5,29.2,0.0,Cloudy
2026-02-21,11:00 AM,35.5,25.3,66,W,8.3,19.7,29.21,0.0,Partly Cloudy
2026-02-21,12:00 PM,38.2,25.0,59,W,7.9,19.5,29.2,0.0,Partly Cloudy
2026-02-21,1:00 PM,41.1,25.3,53,W,7.2,19.5,29.19,0.0,Fair
2026-02-21,2:00 PM,42.6,25.7,51,W,6.0,18.3,29.18,0.0,Fair
2026-02-21,3:00 PM,44.2,26.4,49,W,5.7,16.3,29.18,0.0,Fair
2026-02-21,4:00 PM,44.6,26.9,50,WNW,5.6,15.7,29.16,0.0,Fair
2026-02-21,5:00 PM,43.8,27.1,51,WNW,5.8,15.0,29.17,0.0,Fair
2026-02-21,6:00 PM,41.9,27.0,55,NW,5.5,14.5,29.17,0.0,Fair
2026-02-21,7:00 PM,37.9,27.3,65,NW,5.3,12.5,29.17,0.0,Fair
2026-02-21,8:00 PM,34.5,26.7,73,NNW,7.7,13.6,29.21,0.0,Cloudy
2026-02-21,9:00 PM,33.2,26.9,77,N,6.2,15.2,29.21,0.004,Light Snow
2026-02-21,10:00 PM,32.2,26.5,79,N,4.6,11.9,29.22,0.0,Cloudy
2026-02-21,11:00 PM,32.0,26.6,80,N,3.7,8.5,29.23,0.0,Cloudy
2026-02-22,12:00 AM,31.7,26.9,82,NNW,2.8,7.4,29.23,0.004,Light Snow
2026-02-22,1:00 AM,31.3,27.3,85,NW,2.9,6.5,29.23,0.008,Light Snow
2026-02-22,2:00 AM,31.6,28.6,89,WNW,1.6,6.3,29.23,0.004,Light Snow
2026-02-22,3:00 AM,31.5,28.8,90,WNW,2.2,4.3,29.22,0.0,Cloudy
2026-02-22,4:00 AM,31.3,28.0,88,WNW,3.5,7.4,29.2,0.0,Cloudy
2026-02-22,5:00 AM,31.1,27.5,86,W,3.4,7.4,29.18,0.0,Cloudy
2026-02-22,6:00 AM,30.7,26.9,86,W,4.0,8.1,29.17,0.0,Cloudy
2026-02-22,7:00 AM,30.3,26.2,84,W,4.3,9.8,29.16,0.0,Cloudy
2026-02-22,8:00 AM,29.7,26.9,89,W,3.8,9.8,29.17,0.0,Cloudy
2026-02-22,9:00 AM,29.9,26.7,88,W,5.3,11.2,29.18,0.0,Cloudy
2026-02-22,10:00 AM,31.2,26.0,81,W,5.0,12.1,29.17,0.004,Light Snow
2026-02-22,11:00 AM,31.8,24.2,73,W,6.6,15.0,29.16,0.004,Light Snow
2026-02-22,12:00 PM,32.0,25.0,75,W,8.1,18.6,29.15,0.008,Light Snow
2026-02-22,1:00 PM,32.0,23.8,71,WNW,7.4,18.6,29.14,0.008,Light Snow
2026-02-22,2:00 PM,32.5,23.1,68,WNW,8.4,18.1,29.14,0.004,Light Snow
2026-02-22,3:00 PM,32.0,22.1,66,WNW,8.9,19.9,29.14,0.008,Light Snow
2026-02-22,4:00 PM,31.8,20.1,62,WNW,8.9,20.6,29.14,0.004,Light Snow
2026-02-22,5:00 PM,31.6,19.9,62,WNW,10.0,22.1,29.15,0.0,Cloudy
2026-02-22,6:00 PM,30.9,20.7,65,WNW,8.4,23.3,29.15,0.0,Cloudy
2026-02-22,7:00 PM,30.0,21.8,71,WNW,7.6,18.1,29.16,0.0,Cloudy
2026-02-22,8:00 PM,29.4,23.2,77,WNW,8.2,15.9,29.19,0.0,Partly Cloudy
2026-02-22,9:00 PM,27.6,22.9,82,WNW,7.3,16.6,29.19,0.0,Cloudy
2026-02-22,10:00 PM,27.9,23.4,83,WNW,8.0,16.3,29.18,0.004,Light Snow
2026-02-22,11:00 PM,27.8,24.0,86,WNW,8.5,18.1,29.18,0.004,Light Snow
2026-02-23,12:00 AM,28.1,24.5,86,WNW,8.8,17.4,29.15,0.004,Light Snow
2026-02-23,1:00 AM,28.1,24.6,86,WNW,9.1,20.6,29.15,0.0,Cloudy
2026-02-23,2:00 AM,28.3,24.4,85,WNW,9.9,20.1,29.15,0.004,Light Snow
2026-02-23,3:00 AM,27.7,24.4,87,WNW,8.4,21.0,29.15,0.004,Light Snow
2026-02-23,4:00 AM,27.8,24.5,87,WNW,9.5,19.2,29.15,0.008,Light Snow
2026-02-23,5:00 AM,27.7,25.1,90,WNW,8.7,19.7,29.14,0.012,Light Snow
2026-02-23,6:00 AM,27.8,25.4,91,WNW,7.8,18.1,29.13,0.008,Light Snow
2026-02-23,7:00 AM,27.7,25.2,90,WNW,9.9,20.6,29.13,0.008,Light Snow
2026-02-23,8:00 AM,27.2,23.3,85,WNW,10.8,22.4,29.15,0.0,Cloudy
2026-02-23,9:00 AM,26.9,23.3,86,WNW,10.1,22.6,29.17,0.0,Cloudy
2026-02-23,10:00 AM,28.0,24.2,86,WNW,11.1,23.7,29.18,0.0,Cloudy
2026-02-23,11:00 AM,29.3,25.2,84,WNW,10.2,23.0,29.18,0.004,Light Snow
2026-02-23,12:00 PM,30.7,24.0,76,NW,13.2,27.5,29.19,0.012,Light Snow
2026-02-23,1:00 PM,31.2,22.8,71,NNW,13.8,30.6,29.19,0.004,Light Snow
2026-02-23,2:00 PM,31.8,22.7,69,NW,15.1,33.1,29.2,0.0,Cloudy
2026-02-23,3:00 PM,29.4,20.3,68,NW,16.0,34.2,29.21,0.0,Cloudy
2026-02-23,4:00 PM,27.9,19.2,70,NW,15.3,34.2,29.23,0.0,Cloudy
2026-02-23,5:00 PM,26.7,18.3,70,NW,14.8,32.7,29.24,0.0,Cloudy
2026-02-23,6:00 PM,25.5,17.6,72,NW,13.7,31.3,29.26,0.0,Cloudy
2026-02-23,7:00 PM,24.3,17.0,73,NW,12.7,30.0,29.28,0.0,Cloudy
2026-02-23,8:00 PM,23.5,17.2,76,NW,12.0,29.5,29.31,0.0,Cloudy
2026-02-23,9:00 PM,22.6,15.5,74,NW,11.8,27.5,29.32,0.004,Light Snow
2026-02-23,10:00 PM,22.0,15.0,74,NW,11.3,27.1,29.32,0.004,Light Snow
2026-02-23,11:00 PM,21.6,14.5,74,NW,11.0,25.1,29.32,0.0,Cloudy
2026-02-24,12:00 AM,21.0,14.5,75,NW,10.7,24.2,29.32,0.0,Cloudy
2026-02-24,1:00 AM,20.7,14.1,75,NW,10.4,24.6,29.31,0.0,Cloudy
2026-02-24,2:00 AM,19.8,13.3,76,NW,9.8,22.4,29.32,0.0,Cloudy
2026-02-24,3:00 AM,19.3,12.9,76,NW,7.6,21.9,29.32,0.0,Partly Cloudy
2026-02-24,4:00 AM,19.4,14.0,79,WNW,6.1,16.1,29.3,0.0,Cloudy
2026-02-24,5:00 AM,19.8,14.8,81,WNW,4.6,13.4,29.28,0.0,Cloudy
2026-02-24,6:00 AM,21.0,16.4,82,W,6.2,12.8,29.28,0.0,Cloudy
2026-02-24,7:00 AM,21.7,14.5,73,WNW,8.7,19.0,29.27,0.0,Partly Cloudy
2026-02-24,8:00 AM,21.7,16.6,80,W,9.4,18.3,29.28,0.0,Cloudy
2026-02-24,9:00 AM,21.1,15.1,77,W,7.9,19.5,29.28,0.0,Cloudy
2026-02-24,10:00 AM,21.6,14.6,74,W,8.9,19.7,29.27,0.0,Cloudy
2026-02-24,11:00 AM,22.7,14.1,69,W,8.7,20.4,29.26,0.0,Cloudy
2026-02-24,12:00 PM,23.4,15.0,70,WSW,8.5,19.9,29.24,0.0,Cloudy
2026-02-24,1:00 PM,24.6,15.7,68,WSW,8.8,19.9,29.21,0.0,Cloudy
2026-02-24,2:00 PM,26.6,17.2,67,SW,9.7,21.3,29.17,0.0,Cloudy
2026-02-24,3:00 PM,27.7,15.5,60,SW,11.2,24.6,29.11,0.0,Cloudy
2026-02-24,4:00 PM,29.2,15.2,55,SW,8.9,25.1,29.07,0.0,Fair
2026-02-24,5:00 PM,30.2,16.0,55,SW,10.0,22.4,29.04,0.0,Fair
2026-02-24,6:00 PM,29.2,17.4,61,SSW,10.1,23.7,29.02,0.0,Fair
2026-02-24,7:00 PM,27.1,18.1,68,S,7.8,21.7,29.0,0.0,Cloudy
2026-02-24,8:00 PM,27.8,19.1,70,S,10.0,18.3,28.96,0.0,Cloudy
2026-02-24,9:00 PM,27.6,18.7,69,S,10.3,21.0,28.92,0.0,Cloudy
2026-02-24,10:00 PM,28.9,18.7,65,SSW,11.2,22.8,28.89,0.0,Cloudy
2026-02-24,11:00 PM,30.4,18.3,60,SSW,12.3,25.5,28.85,0.0,Cloudy
2026-02-25,12:00 AM,32.1,18.7,57,SSW,14.3,29.8,28.82,0.0,Cloudy
2026-02-25,1:00 AM,33.2,19.8,57,SW,14.1,30.0,28.8,0.0,Cloudy
2026-02-25,2:00 AM,34.7,21.1,57,SW,14.5,29.5,28.78,0.0,Cloudy
2026-02-25,3:00 AM,35.3,21.6,57,SW,13.6,29.3,28.77,0.0,Cloudy
2026-02-25,4:00 AM,34.9,25.4,68,WSW,13.3,28.4,28.78,0.016,Light Snow
2026-02-25,5:00 AM,34.3,29.3,82,SW,13.2,28.0,28.77,0.055,Snow
2026-02-25,6:00 AM,34.2,30.8,87,SW,12.2,27.3,28.77,0.035,Light Snow
2026-02-25,7:00 AM,34.1,31.5,90,SW,11.2,24.8,28.77,0.02,Light Snow
2026-02-25,8:00 AM,34.3,31.7,90,SW,9.8,22.8,28.79,0.0,Cloudy
2026-02-25,9:00 AM,34.3,32.2,92,SW,9.6,19.7,28.79,0.0,Cloudy
2026-02-25,10:00 AM,36.0,33.0,89,SW,10.3,21.5,28.8,0.0,Cloudy
2026-02-25,11:00 AM,37.6,33.1,84,SSW,9.1,21.5,28.79,0.004,Light Drizzle
2026-02-25,12:00 PM,39.6,32.2,75,SSW,9.6,22.1,28.78,0.0,Fair
2026-02-25,1:00 PM,43.3,31.1,62,SW,11.4,25.9,28.75,0.0,Fair
2026-02-25,2:00 PM,47.0,29.4,50,WSW,14.5,34.4,28.75,0.0,Fair
2026-02-25,3:00 PM,49.6,27.1,41,WSW,16.8,36.5,28.73,0.0,Partly Cloudy
2026-02-25,4:00 PM,49.3,26.6,41,WSW,16.3,37.8,28.74,0.0,Fair
2026-02-25,5:00 PM,48.6,25.9,41,WSW,15.1,36.0,28.74,0.0,Fair
2026-02-25,6:00 PM,46.5,24.4,42,WSW,12.6,31.1,28.77,0.0,Fair
2026-02-25,7:00 PM,43.0,24.5,48,WSW,11.1,26.2,28.8,0.0,Fair
2026-02-25,8:00 PM,41.9,24.4,50,W,10.4,22.4,28.83,0.0,Fair
2026-02-25,9:00 PM,37.0,25.2,62,W,7.1,19.5,28.87,0.0,Fair
2026-02-25,10:00 PM,35.0,25.7,69,WNW,8.2,15.9,28.91,0.0,Cloudy
2026-02-25,11:00 PM,33.6,25.7,72,WNW,6.5,15.7,28.93,0.0,Fair
2026-02-26,12:00 AM,31.2,24.9,77,NW,6.3,12.1,28.97,0.0,Fair
2026-02-26,1:00 AM,29.5,23.5,78,NNW,5.4,11.6,28.98,0.0,Fair
2026-02-26,2:00 AM,30.3,21.9,71,NW,6.0,9.8,29.0,0.0,Fair
2026-02-26,3:00 AM,28.8,19.9,69,NNW,5.5,11.0,29.01,0.0,Fair
2026-02-26,4:00 AM,27.4,19.0,70,N,3.6,9.8,29.01,0.0,Fair
2026-02-26,5:00 AM,26.4,19.1,74,N,4.0,7.2,29.02,0.0,Cloudy
2026-02-26,6:00 AM,25.8,19.8,78,NNE,3.2,8.7,29.04,0.0,Cloudy
2026-02-26,7:00 AM,26.5,19.9,76,N,1.0,5.1,29.07,0.0,Cloudy
2026-02-26,8:00 AM,28.6,21.4,74,NNW,3.8,3.6,29.06,0.0,Partly Cloudy
2026-02-26,9:00 AM,28.9,21.7,74,NW,2.6,7.2,29.08,0.0,Cloudy
2026-02-26,10:00 AM,31.0,18.8,60,NW,2.4,8.1,29.1,0.0,Cloudy
2026-02-26,11:00 AM,32.3,17.7,55,W,2.3,8.1,29.12,0.0,Cloudy
2026-02-26,12:00 PM,33.7,17.3,51,WNW,2.3,8.1,29.11,0.0,Cloudy
2026-02-26,1:00 PM,37.8,17.5,43,WNW,1.9,9.4,29.09,0.0,Fair
2026-02-26,2:00 PM,39.7,16.1,38,WNW,2.3,10.1,29.06,0.0,Fair
2026-02-26,3:00 PM,41.9,17.0,36,NW,2.7,10.5,29.03,0.0,Fair
2026-02-26,4:00 PM,42.7,17.2,35,NW,2.4,10.3,29.03,0.0,Fair
2026-02-26,5:00 PM,42.5,17.5,36,NW,3.2,9.4,29.03,0.0,Partly Cloudy
2026-02-26,6:00 PM,41.3,19.8,42,NW,2.6,9.2,29.04,0.0,Fair
2026-02-26,7:00 PM,36.0,21.0,54,WNW,2.0,6.3,29.05,0.0,Fair
2026-02-26,8:00 PM,32.5,19.7,59,NNW,2.4,4.3,29.06,0.0,Fair
2026-02-26,9:00 PM,30.7,20.8,66,N,3.4,5.4,29.08,0.0,Fair
2026-02-26,10:00 PM,29.2,21.4,72,NNE,2.7,5.4,29.09,0.0,Cloudy
2026-02-26,11:00 PM,29.9,22.5,73,NE,1.3,4.0,29.11,0.0,Cloudy
2026-02-27,12:00 AM,29.8,23.0,76,ESE,0.9,2.0,29.11,0.0,Cloudy
2026-02-27,1:00 AM,28.9,22.1,76,ENE,0.5,1.8,29.1,0.0,Fair
2026-02-27,2:00 AM,28.4,21.0,74,SE,0.3,1.6,29.12,0.0,Fair
2026-02-27,3:00 AM,28.3,21.8,76,SSE,2.1,3.4,29.11,0.0,Fair
2026-02-27,4:00 AM,28.7,21.6,74,S,3.6,5.8,29.11,0.0,Fair
2026-02-27,5:00 AM,28.9,22.5,76,S,4.5,7.4,29.12,0.0,Fair
2026-02-27,6:00 AM,28.9,23.9,81,SSW,5.0,8.3,29.14,0.0,Fair
2026-02-27,7:00 AM,28.9,25.6,88,SSW,5.5,9.4,29.16,0.0,Fair
2026-02-27,8:00 AM,28.6,27.1,94,SSW,6.5,9.4,29.19,0.0,Fair
2026-02-27,9:00 AM,31.6,30.1,94,SSW,7.3,15.0,29.22,0.0,Cloudy
2026-02-27,10:00 AM,35.1,32.4,90,SSW,6.4,15.4,29.23,0.0,Cloudy
2026-02-27,11:00 AM,40.2,33.9,78,S,4.7,14.8,29.23,0.0,Fair
2026-02-27,12:00 PM,45.1,34.6,67,S,4.9,13.9,29.22,0.0,Fair
2026-02-27,1:00 PM,48.6,34.9,59,SSW,5.4,15.0,29.21,0.0,Fair
2026-02-27,2:00 PM,51.2,34.2,52,SW,5.2,15.7,29.18,0.0,Fair
2026-02-27,3:00 PM,53.2,33.0,46,SW,6.4,16.1,29.16,0.0,Partly Cloudy
2026-02-27,4:00 PM,53.3,32.5,45,WSW,7.8,18.3,29.15,0.0,Cloudy
2026-02-27,5:00 PM,52.7,32.2,45,SW,7.6,18.3,29.13,0.0,Cloudy
2026-02-27,6:00 PM,51.5,33.1,49,SW,5.7,16.8,29.13,0.0,Partly Cloudy
2026-02-27,7:00 PM,47.7,33.8,58,SSW,6.1,12.3,29.15,0.0,Fair
2026-02-27,8:00 PM,44.9,32.6,62,SSW,6.8,13.0,29.14,0.0,Cloudy
2026-02-27,9:00 PM,42.6,32.9,68,S,7.1,12.8,29.14,0.0,Cloudy
2026-02-27,10:00 PM,40.3,32.5,74,S,6.6,12.8,29.13,0.0,Fair
2026-02-27,11:00 PM,38.7,32.1,77,S,6.1,11.9,29.13,0.0,Fair
2026-02-28,12:00 AM,37.5,31.6,79,SSW,6.5,11.4,29.12,0.0,Fair
2026-02-28,1:00 AM,37.0,31.0,79,SSW,7.3,12.8,29.12,0.0,Fair
2026-02-28,2:00 AM,40.4,30.6,68,SSW,8.7,15.9,29.1,0.0,Cloudy
2026-02-28,3:00 AM,41.5,30.5,65,SSW,9.2,17.4,29.1,0.0,Cloudy
2026-02-28,4:00 AM,41.1,30.2,65,SSW,9.6,18.8,29.09,0.0,Partly Cloudy
2026-02-28,5:00 AM,40.9,29.9,65,SSW,10.5,20.6,29.08,0.0,Fair
2026-02-28,6:00 AM,39.7,29.3,66,SSW,10.6,21.0,29.08,0.0,Fair
2026-02-28,7:00 AM,39.1,29.0,67,SSW,9.9,20.8,29.1,0.0,Fair
2026-02-28,8:00 AM,42.9,30.6,61,SW,9.5,19.5,29.12,0.0,Fair
2026-02-28,9:00 AM,43.0,31.6,64,SW,8.1,17.7,29.15,0.0,Fair
2026-02-28,10:00 AM,47.1,33.5,59,SW,7.0,16.1,29.17,0.0,Fair
2026-02-28,11:00 AM,50.9,35.2,55,WSW,7.2,17.2,29.18,0.0,Fair
2026-02-28,12:00 PM,53.8,35.9,51,W,6.3,17.4,29.19,0.0,Fair
2026-02-28,1:00 PM,55.9,35.2,46,NW,4.3,15.9,29.2,0.0,Fair
2026-02-28,2:00 PM,59.1,33.3,38,WNW,3.7,12.5,29.18,0.0,Fair
2026-02-28,3:00 PM,60.1,32.5,35,WNW,5.5,14.5,29.17,0.0,Fair
2026-02-28,4:00 PM,59.8,30.7,33,WNW,6.2,15.2,29.16,0.0,Fair
2026-02-28,5:00 PM,58.9,28.0,31,WNW,6.7,15.7,29.16,0.0,Fair
2026-02-28,6:00 PM,56.6,28.1,33,NW,4.9,15.4,29.17,0.0,Fair
2026-02-28,7:00 PM,50.2,29.5,45,NNW,5.6,10.7,29.18,0.0,Fair
2026-02-28,8:00 PM,46.5,29.5,51,N,6.2,15.9,29.17,0.0,Fair
2026-02-28,9:00 PM,43.1,29.9,60,NNE,8.3,16.3,29.19,0.0,Fair
2026-02-28,10:00 PM,39.0,28.0,64,NNE,7.2,15.7,29.19,0.0,Fair
2026-02-28,11:00 PM,36.2,26.7,68,N,7.0,13.6,29.21,0.0,Partly Cloudy
2026-03-01,12:00 AM,34.6,24.8,67,N,11.8,23.5,29.26,0.0,Cloudy
2026-03-01,1:00 AM,33.2,23.8,68,N,11.1,24.6,29.28,0.0,Cloudy
2026-03-01,2:00 AM,33.5,23.8,67,N,12.1,25.1,29.28,0.0,Cloudy
2026-03-01,3:00 AM,32.0,23.4,70,NNE,9.9,23.5,29.29,0.0,Cloudy
2026-03-01,4:00 AM,30.7,23.1,73,N,10.5,22.6,29.31,0.0,Cloudy
2026-03-01,5:00 AM,29.2,22.3,75,N,9.5,22.1,29.34,0.0,Cloudy
2026-03-01,6:00 AM,28.4,21.3,74,N,8.3,19.9,29.35,0.0,Cloudy
2026-03-01,7:00 AM,27.7,20.4,74,N,8.4,17.9,29.38,0.0,Cloudy
2026-03-01,8:00 AM,28.0,20.9,74,N,7.6,18.6,29.39,0.0,Fair
2026-03-01,9:00 AM,27.7,19.5,71,N,9.9,21.0,29.43,0.0,Fair
2026-03-01,10:00 AM,28.4,18.8,67,N,11.3,25.3,29.47,0.0,Partly Cloudy
2026-03-01,11:00 AM,28.9,17.4,62,N,10.9,25.7,29.49,0.0,Fair
2026-03-01,12:00 PM,30.4,15.3,53,N,9.9,25.3,29.52,0.0,Fair
2026-03-01,1:00 PM,33.1,14.7,46,N,8.6,23.9,29.53,0.0,Fair
2026-03-01,2:00 PM,35.6,14.0,41,N,7.8,21.7,29.52,0.0,Fair
2026-03-01,3:00 PM,37.1,13.7,38,N,7.9,20.6,29.5,0.0,Fair
2026-03-01,4:00 PM,37.4,13.6,37,N,8.1,20.4,29.5,0.0,Fair
2026-03-01,5:00 PM,36.4,13.1,38,N,8.6,20.4,29.51,0.0,Fair
2026-03-01,6:00 PM,34.2,11.3,38,N,8.9,20.6,29.54,0.0,Fair
2026-03-01,7:00 PM,30.7,11.2,44,N,8.4,19.9,29.56,0.0,Fair
2026-03-01,8:00 PM,28.9,11.9,49,N,8.9,19.0,29.58,0.0,Fair
2026-03-01,9:00 PM,25.6,11.3,54,N,9.0,18.6,29.61,0.0,Fair
2026-03-01,10:00 PM,23.5,10.4,57,N,8.8,18.3,29.62,0.0,Fair
2026-03-01,11:00 PM,22.2,9.8,58,NNE,8.0,17.7,29.63,0.0,Cloudy
2026-03-02,12:00 AM,22.0,9.5,58,NNE,7.6,16.1,29.64,0.0,Cloudy
2026-03-02,1:00 AM,22.0,8.5,56,NNE,6.9,15.9,29.65,0.0,Cloudy
2026-03-02,2:00 AM,21.6,8.1,55,NNE,6.7,15.4,29.66,0.0,Cloudy
2026-03-02,3:00 AM,20.7,8.2,58,NE,6.8,14.8,29.67,0.0,Cloudy
2026-03-02,4:00 AM,20.3,8.6,60,NNE,6.4,14.3,29.67,0.0,Cloudy
2026-03-02,5:00 AM,21.0,8.9,59,NE,6.3,14.1,29.66,0.0,Cloudy
2026-03-02,6:00 AM,21.6,9.1,58,NE,6.3,13.9,29.64,0.0,Cloudy
2026-03-02,7:00 AM,22.2,9.3,57,NE,5.4,14.3,29.65,0.0,Cloudy
2026-03-02,8:00 AM,21.7,10.0,60,NE,3.6,12.1,29.66,0.0,Cloudy
2026-03-02,9:00 AM,23.1,9.7,56,NE,5.6,13.0,29.67,0.0,Cloudy
2026-03-02,10:00 AM,24.8,9.3,51,NE,6.5,15.4,29.68,0.0,Cloudy
2026-03-02,11:00 AM,28.0,8.9,44,ENE,6.0,15.9,29.68,0.0,Cloudy
2026-03-02,12:00 PM,31.6,9.6,39,ENE,5.2,15.4,29.67,0.0,Cloudy
2026-03-02,1:00 PM,33.5,11.3,39,E,4.5,14.3,29.66,0.0,Cloudy
2026-03-02,2:00 PM,31.0,12.5,46,E,3.9,12.5,29.64,0.0,Cloudy
2026-03-02,3:00 PM,32.2,14.3,47,E,4.9,12.3,29.61,0.0,Cloudy
2026-03-02,4:00 PM,34.2,17.0,49,E,5.7,14.3,29.59,0.0,Cloudy
2026-03-02,5:00 PM,34.8,18.7,51,E,5.8,14.5,29.57,0.0,Cloudy
2026-03-02,6:00 PM,35.0,20.8,56,E,5.7,13.4,29.55,0.0,Cloudy
2026-03-02,7:00 PM,34.2,22.5,62,E,4.5,12.1,29.54,0.0,Fair
2026-03-02,8:00 PM,34.7,22.0,59,E,5.4,10.3,29.54,0.0,Cloudy
2026-03-02,9:00 PM,34.3,20.9,58,E,5.9,11.0,29.54,0.0,Cloudy
2026-03-02,10:00 PM,34.3,20.8,57,E,6.4,12.3,29.53,0.0,Cloudy
2026-03-02,11:00 PM,33.7,22.1,62,E,6.4,12.3,29.53,0.0,Cloudy
2026-03-03,12:00 AM,33.4,24.2,69,E,6.3,12.5,29.51,0.0,Cloudy
2026-03-03,1:00 AM,34.0,25.7,71,E,6.2,12.5,29.49,0.0,Cloudy
2026-03-03,2:00 AM,32.9,28.9,85,E,6.9,12.1,29.48,0.028,Drizzle
2026-03-03,3:00 AM,32.5,32.0,98,E,6.2,12.5,29.46,0.039,Drizzle
2026-03-03,4:00 AM,33.1,32.7,99,ESE,5.6,11.6,29.43,0.008,Light Drizzle
2026-03-03,5:00 AM,33.7,33.4,99,ESE,5.2,10.5,29.41,0.008,Light Drizzle
2026-03-03,6:00 AM,34.3,34.1,99,SE,4.5,9.8,29.39,0.008,Light Drizzle
2026-03-03,7:00 AM,34.5,34.3,99,SE,3.8,8.3,29.39,0.004,Light Drizzle
2026-03-03,8:00 AM,35.0,34.7,99,SE,4.7,7.4,29.38,0.004,Light Drizzle
2026-03-03,9:00 AM,36.0,35.6,99,SSE,3.9,8.9,29.38,0.039,Drizzle
2026-03-03,10:00 AM,37.8,36.8,96,SSE,5.4,8.7,29.38,0.012,Light Drizzle
2026-03-03,11:00 AM,41.0,40.6,98,SSW,5.3,12.1,29.38,0.004,Light Drizzle
2026-03-03,12:00 PM,42.5,40.6,93,S,5.5,10.5,29.36,0.004,Light Drizzle
2026-03-03,1:00 PM,48.7,43.1,81,S,4.3,12.3,29.34,0.0,Cloudy
2026-03-03,2:00 PM,46.2,44.8,95,SSW,5.3,14.3,29.32,0.004,Light Drizzle
2026-03-03,3:00 PM,46.5,45.8,97,SSW,7.8,15.9,29.3,0.055,Light Rain
2026-03-03,4:00 PM,45.6,45.1,98,SSW,8.3,16.6,29.28,0.055,Light Rain
2026-03-03,5:00 PM,45.1,44.9,99,SSW,7.8,15.9,29.28,0.091,Light Rain
2026-03-03,6:00 PM,45.7,45.6,100,SSW,7.6,15.0,29.28,0.043,Drizzle
2026-03-03,7:00 PM,46.0,45.8,99,SSW,7.5,14.3,29.28,0.051,Light Rain
2026-03-03,8:00 PM,45.2,44.8,98,SSW,8.2,14.3,29.27,0.035,Drizzle
2026-03-03,9:00 PM,45.3,45.2,100,SSW,5.8,14.1,29.27,0.047,Drizzle
2026-03-03,10:00 PM,45.7,45.6,100,SSW,5.6,11.2,29.28,0.039,Drizzle
2026-03-03,11:00 PM,46.3,46.1,99,WSW,5.7,11.0,29.3,0.035,Drizzle
2026-03-04,12:00 AM,45.7,45.6,100,WNW,4.5,10.5,29.32,0.016,Light Drizzle
2026-03-04,1:00 AM,44.3,44.2,100,NW,3.0,11.6,29.32,0.071,Light Rain
2026-03-04,2:00 AM,45.1,45.1,100,N,3.1,5.1,29.31,0.024,Drizzle
2026-03-04,3:00 AM,46.1,46.0,99,NNE,1.1,7.6,29.3,0.02,Drizzle
2026-03-04,4:00 AM,44.9,44.9,100,S,5.2,8.9,29.31,0.004,Light Drizzle
2026-03-04,5:00 AM,45.1,45.1,100,NE,0.5,9.2,29.31,0.004,Light Drizzle
2026-03-04,6:00 AM,44.2,44.0,99,N,5.8,9.6,29.32,0.008,Light Drizzle
2026-03-04,7:00 AM,43.7,43.7,100,NNE,5.6,11.4,29.33,0.008,Light Drizzle
2026-03-04,8:00 AM,42.4,42.4,100,NE,5.4,10.5,29.34,0.004,Light Drizzle
2026-03-04,9:00 AM,43.4,43.3,100,NNE,5.1,10.7,29.36,0.012,Light Drizzle
2026-03-04,10:00 AM,43.8,43.5,99,NE,5.3,11.0,29.37,0.004,Light Drizzle
2026-03-04,11:00 AM,45.9,44.3,94,NE,4.6,11.6,29.38,0.0,Cloudy
2026-03-04,12:00 PM,49.0,45.3,87,E,4.1,11.2,29.38,0.0,Cloudy
2026-03-04,1:00 PM,52.4,47.2,82,ESE,3.7,10.7,29.37,0.0,Cloudy
2026-03-04,2:00 PM,51.6,46.9,84,E,3.2,9.6,29.35,0.0,Cloudy
2026-03-04,3:00 PM,53.1,47.9,83,E,2.8,8.9,29.32,0.0,Cloudy
2026-03-04,4:00 PM,55.7,49.3,79,SE,1.3,8.7,29.31,0.0,Cloudy
2026-03-04,5:00 PM,56.8,49.8,78,SSW,1.1,5.4,29.32,0.0,Cloudy
2026-03-04,6:00 PM,56.2,50.6,82,SSE,1.2,4.5,29.3,0.0,Cloudy
2026-03-04,7:00 PM,53.0,49.2,87,SSE,2.3,3.4,29.31,0.0,Cloudy
2026-03-04,8:00 PM,51.6,50.3,95,SSE,2.4,4.5,29.31,0.0,Cloudy
2026-03-04,9:00 PM,51.9,50.9,96,SE,3.8,6.5,29.29,0.0,Cloudy
2026-03-04,10:00 PM,52.0,51.1,97,SE,3.9,6.7,29.27,0.0,Cloudy
2026-03-04,11:00 PM,51.0,50.5,98,SSE,5.2,8.3,29.26,0.0,Cloudy
2026-03-05,12:00 AM,47.7,47.6,100,SSE,3.6,8.3,29.26,0.004,Light Drizzle
2026-03-05,1:00 AM,47.8,47.7,100,SE,3.4,5.6,29.24,0.02,Drizzle
2026-03-05,2:00 AM,51.2,51.1,100,S,6.9,5.4,29.22,0.039,Drizzle
2026-03-05,3:00 AM,51.5,51.4,100,S,5.6,12.1,29.21,0.067,Light Rain
2026-03-05,4:00 AM,50.8,50.7,100,S,3.7,10.3,29.19,0.016,Light Drizzle
2026-03-05,5:00 AM,50.8,50.6,99,SSW,1.0,10.7,29.17,0.232,Rain
2026-03-05,6:00 AM,50.3,49.6,98,SW,1.3,9.2,29.19,0.169,Rain
2026-03-05,7:00 AM,48.9,48.9,100,S,4.3,6.9,29.19,0.0,Cloudy
2026-03-05,8:00 AM,50.9,50.7,99,SSW,5.6,9.2,29.2,0.0,Cloudy
2026-03-05,9:00 AM,53.7,53.4,99,SSW,7.5,14.5,29.21,0.067,Light Rain
2026-03-05,10:00 AM,55.2,55.0,99,SSW,7.7,15.7,29.23,0.039,Drizzle
2026-03-05,11:00 AM,56.5,56.2,99,SW,6.5,14.8,29.23,0.012,Light Drizzle
2026-03-05,12:00 PM,57.9,56.1,94,SSW,8.7,16.6,29.23,0.008,Light Drizzle
2026-03-05,1:00 PM,58.5,56.3,93,SSW,8.8,17.2,29.21,0.008,Light Drizzle
2026-03-05,2:00 PM,60.3,57.7,91,SSW,9.4,17.2,29.18,0.004,Light Drizzle
2026-03-05,3:00 PM,65.0,56.8,75,SW,9.9,23.9,29.16,0.012,Light Drizzle
2026-03-05,4:00 PM,65.1,57.0,75,SW,13.1,32.7,29.15,0.008,Light Drizzle
2026-03-05,5:00 PM,61.6,57.5,86,SW,11.3,31.1,29.15,0.024,Drizzle
2026-03-05,6:00 PM,59.6,57.9,94,SW,11.6,25.7,29.17,0.028,Drizzle
2026-03-05,7:00 PM,58.6,57.3,95,WSW,9.3,22.4,29.19,0.0,Cloudy
2026-03-05,8:00 PM,57.7,57.0,97,WSW,8.1,17.9,29.22,0.0,Cloudy
2026-03-05,9:00 PM,56.5,55.9,98,WSW,7.5,17.4,29.23,0.012,Light Drizzle
2026-03-05,10:00 PM,56.0,55.7,99,WSW,6.5,15.9,29.25,0.016,Light Drizzle
2026-03-05,11:00 PM,55.2,54.9,99,WSW,5.7,12.5,29.27,0.004,Light Drizzle
2026-03-06,12:00 AM,53.8,53.5,99,WSW,4.8,10.7,29.27,0.0,Fair
2026-03-06,1:00 AM,52.1,51.9,99,W,4.1,8.9,29.28,0.0,Cloudy
2026-03-06,2:00 AM,51.6,51.5,100,SW,4.7,7.4,29.28,0.0,Cloudy
2026-03-06,3:00 AM,54.2,54.1,100,WNW,3.5,9.2,29.3,0.0,Cloudy
2026-03-06,4:00 AM,53.7,53.6,100,NNW,2.0,6.5,29.3,0.0,Cloudy
2026-03-06,5:00 AM,53.0,53.0,100,SE,1.6,3.1,29.3,0.0,Cloudy
2026-03-06,6:00 AM,53.0,52.9,100,S,3.4,6.3,29.3,0.0,Cloudy
2026-03-06,7:00 AM,52.7,52.6,100,SSW,4.0,7.4,29.31,0.0,Cloudy
2026-03-06,8:00 AM,53.3,53.2,100,SSW,4.3,7.4,29.31,0.0,Cloudy
2026-03-06,9:00 AM,55.3,55.0,99,S,4.8,9.8,29.33,0.004,Light Drizzle
2026-03-06,10:00 AM,57.8,56.4,95,SSW,5.0,11.2,29.34,0.0,Cloudy
2026-03-06,11:00 AM,61.5,57.5,87,SSW,5.7,13.2,29.35,0.0,Cloudy
2026-03-06,12:00 PM,64.5,57.7,78,SSW,7.5,17.2,29.35,0.0,Cloudy
2026-03-06,1:00 PM,66.6,57.2,72,SSW,7.6,18.3,29.35,0.004,Light Drizzle
2026-03-06,2:00 PM,67.2,57.1,70,SSW,6.8,18.1,29.33,0.0,Fair
2026-03-06,3:00 PM,69.5,56.1,62,SSW,9.4,21.5,29.3,0.004,Light Drizzle
2026-03-06,4:00 PM,69.5,56.7,64,SSW,8.7,21.7,29.29,0.0,Fair
2026-03-06,5:00 PM,70.1,57.3,64,SSW,8.1,19.5,29.29,0.0,Fair
2026-03-06,6:00 PM,69.5,58.7,69,S,4.9,17.9,29.28,0.0,Fair
2026-03-06,7:00 PM,65.8,58.3,77,SSE,4.7,10.7,29.28,0.0,Cloudy
2026-03-06,8:00 PM,64.2,56.7,76,S,6.5,11.2,29.28,0.0,Cloudy
2026-03-06,9:00 PM,63.1,56.5,79,SSE,7.9,14.1,29.26,0.0,Cloudy
2026-03-06,10:00 PM,61.7,56.2,82,SSE,7.7,14.3,29.25,0.0,Fair
2026-03-06,11:00 PM,60.6,55.8,84,S,8.2,15.2,29.25,0.0,Cloudy
2026-03-07,12:00 AM,59.9,55.4,85,S,6.9,15.2,29.25,0.0,Partly Cloudy
2026-03-07,1:00 AM,59.1,54.9,86,S,7.3,13.2,29.23,0.0,Partly Cloudy
2026-03-07,2:00 AM,60.0,55.7,86,SSW,8.2,14.1,29.22,0.0,Cloudy
2026-03-07,3:00 AM,59.9,54.8,83,SSW,8.0,15.9,29.21,0.0,Partly Cloudy
2026-03-07,4:00 AM,59.5,53.4,80,SSW,7.3,15.4,29.18,0.0,Fair
2026-03-07,5:00 AM,59.4,52.2,77,SSW,9.0,16.6,29.16,0.0,Fair
2026-03-07,6:00 AM,59.9,51.2,73,SSW,11.0,21.5,29.17,0.0,Fair
2026-03-07,7:00 AM,60.1,51.1,72,SSW,11.5,23.0,29.17,0.0,Fair
2026-03-07,8:00 AM,64.1,54.0,70,SSW,11.8,24.4,29.15,0.0,Fair
2026-03-07,9:00 AM,65.2,53.9,67,SSW,11.1,23.3,29.14,0.0,Fair
2026-03-07,10:00 AM,68.3,55.6,64,SSW,9.7,23.5,29.15,0.0,Fair
2026-03-07,11:00 AM,70.3,56.3,61,SSW,12.8,27.5,29.13,0.0,Fair
2026-03-07,12:00 PM,73.0,57.6,59,SSW,14.6,31.8,29.11,0.0,Cloudy
2026-03-07,1:00 PM,75.3,58.9,57,SSW,15.9,41.6,29.08,0.0,Cloudy
2026-03-07,2:00 PM,74.9,58.8,57,SSW,15.5,44.7,29.04,0.0,Cloudy
2026-03-07,3:00 PM,72.2,58.9,63,S,11.5,37.1,29.0,0.0,Cloudy
2026-03-07,4:00 PM,73.9,57.4,56,WSW,14.0,27.5,29.0,0.0,Cloudy
2026-03-07,5:00 PM,68.5,59.5,73,SW,14.6,36.9,29.01,0.039,Drizzle
2026-03-07,6:00 PM,67.7,59.4,75,SW,14.3,31.5,29.01,0.0,Cloudy
2026-03-07,7:00 PM,66.4,59.8,79,SW,12.4,30.2,29.0,0.0,Cloudy
2026-03-07,8:00 PM,63.7,56.6,78,SW,11.1,25.7,28.99,0.0,Cloudy
2026-03-07,9:00 PM,61.3,56.9,86,SSW,11.7,24.8,28.98,0.008,Light Drizzle
2026-03-07,10:00 PM,59.8,56.7,89,SW,11.1,22.6,29.0,0.0,Cloudy
2026-03-07,11:00 PM,59.7,55.6,86,WSW,11.5,24.4,29.0,0.0,Cloudy
2026-03-08,12:00 AM,58.6,54.7,87,SW,11.9,24.4,29.01,0.0,Cloudy
2026-03-08,1:00 AM,58.1,54.1,86,SW,12.2,25.3,29.02,0.0,Cloudy
2026-03-08,2:00 AM,58.9,54.6,86,WSW,10.7,24.8,29.02,0.0,Cloudy
2026-03-08,3:00 AM,58.2,54.5,88,WSW,8.4,21.3,29.01,0.004,Light Drizzle
2026-03-08,4:00 AM,56.4,55.2,96,WSW,9.1,17.4,29.0,0.016,Light Drizzle
2026-03-08,5:00 AM,55.6,54.6,96,WSW,10.2,22.4,28.99,0.028,Drizzle
2026-03-08,6:00 AM,50.9,48.8,93,WNW,10.8,22.1,29.05,0.035,Drizzle
2026-03-08,7:00 AM,48.8,46.2,91,WNW,7.8,21.3,29.05,0.0,Cloudy
2026-03-08,8:00 AM,50.1,43.3,78,WNW,9.7,15.4,29.06,0.0,Cloudy
2026-03-08,9:00 AM,49.1,43.3,80,WNW,8.2,19.5,29.08,0.0,Partly Cloudy
2026-03-08,10:00 AM,49.9,42.8,76,W,8.8,19.9,29.11,0.0,Cloudy
2026-03-08,11:00 AM,50.7,41.4,70,W,9.4,21.7,29.12,0.0,Cloudy
2026-03-08,12:00 PM,52.4,39.7,62,W,9.9,23.5,29.12,0.0,Partly Cloudy
2026-03-08,1:00 PM,54.1,37.9,54,W,8.5,23.5,29.11,0.0,Partly Cloudy
2026-03-08,2:00 PM,57.3,37.3,47,WSW,7.9,21.0,29.09,0.0,Fair
2026-03-08,3:00 PM,59.0,35.4,41,W,9.0,21.7,29.08,0.0,Fair
2026-03-08,4:00 PM,59.5,33.4,37,WSW,9.2,21.9,29.08,0.0,Fair
2026-03-08,5:00 PM,59.2,32.4,36,WSW,9.2,21.7,29.08,0.0,Fair
2026-03-08,6:00 PM,57.7,32.8,39,SW,8.9,20.8,29.08,0.0,Fair
2026-03-08,7:00 PM,54.2,33.4,45,WSW,6.4,19.5,29.1,0.0,Fair
2026-03-08,8:00 PM,51.7,32.4,47,WSW,7.2,13.0,29.1,0.0,Fair
2026-03-08,9:00 PM,50.6,32.0,49,WSW,7.2,13.4,29.11,0.0,Fair
2026-03-08,10:00 PM,48.7,32.1,52,WSW,6.4,13.2,29.12,0.0,Fair
2026-03-08,11:00 PM,47.3,32.5,56,WSW,5.6,11.6,29.13,0.0,Fair
2026-03-09,12:00 AM,46.0,32.5,59,SW,5.2,10.3,29.13,0.0,Fair
2026-03-09,1:00 AM,44.9,32.4,61,SW,5.4,9.6,29.13,0.0,Fair
2026-03-09,2:00 AM,43.9,31.4,61,SSW,6.6,11.4,29.13,0.0,Fair
2026-03-09,3:00 AM,43.5,31.0,61,SSW,7.7,13.9,29.13,0.0,Fair
2026-03-09,4:00 AM,43.2,31.2,62,SSW,7.5,14.5,29.12,0.0,Fair
2026-03-09,5:00 AM,42.4,32.0,67,SSW,6.9,13.9,29.12,0.0,Fair
2026-03-09,6:00 AM,41.7,32.7,70,SW,6.9,13.0,29.15,0.0,Fair
2026-03-09,7:00 AM,41.2,33.5,74,SW,7.2,13.0,29.16,0.0,Fair
2026-03-09,8:00 AM,42.2,33.9,72,SSW,8.0,13.9,29.17,0.0,Fair
2026-03-09,9:00 AM,45.1,35.8,70,SSW,8.0,15.7,29.18,0.0,Fair
2026-03-09,10:00 AM,50.4,37.4,61,SSW,7.9,17.4,29.19,0.0,Fair
2026-03-09,11:00 AM,55.0,39.0,55,SSW,9.5,21.7,29.19,0.0,Fair
2026-03-09,12:00 PM,58.8,39.7,49,SSW,10.6,24.4,29.18,0.0,Fair
2026-03-09,1:00 PM,61.8,37.7,41,SW,11.6,26.6,29.17,0.0,Fair
2026-03-09,2:00 PM,65.7,32.8,29,SSW,10.7,26.6,29.14,0.0,Fair
2026-03-09,3:00 PM,67.1,32.4,27,SW,11.5,25.7,29.12,0.0,Fair
2026-03-09,4:00 PM,67.6,32.4,27,SW,11.4,26.4,29.11,0.0,Fair
2026-03-09,5:00 PM,67.3,36.3,32,SW,10.4,25.3,29.11,0.0,Fair
2026-03-09,6:00 PM,66.0,39.6,38,SW,8.4,23.0,29.11,0.0,Fair
2026-03-09,7:00 PM,61.7,40.6,46,SSW,6.8,17.9,29.1,0.0,Fair
2026-03-09,8:00 PM,58.6,38.4,47,SSW,7.7,14.1,29.1,0.0,Fair
2026-03-09,9:00 PM,57.8,38.2,48,SSW,7.4,14.8,29.11,0.0,Fair
2026-03-09,10:00 PM,56.4,38.5,51,SSW,7.6,14.5,29.12,0.0,Fair
2026-03-09,11:00 PM,55.0,38.7,54,SSW,7.9,14.8,29.12,0.0,Fair
2026-03-10,12:00 AM,54.2,38.6,55,SSW,8.2,15.9,29.12,0.0,Fair
2026-03-10,1:00 AM,53.2,38.8,58,SSW,7.1,15.9,29.12,0.0,Fair
2026-03-10,2:00 AM,53.2,38.6,57,SSW,7.1,13.4,29.11,0.0,Fair
2026-03-10,3:00 AM,53.2,39.4,59,SSW,7.0,13.2,29.13,0.0,Fair
2026-03-10,4:00 AM,52.3,39.1,61,SSW,6.4,13.0,29.13,0.0,Fair
2026-03-10,5:00 AM,51.6,39.1,62,SSW,7.0,13.0,29.13,0.0,Fair
2026-03-10,6:00 AM,51.9,40.7,66,SSW,7.5,14.5,29.14,0.0,Fair
2026-03-10,7:00 AM,51.2,42.4,72,SSW,7.3,14.3,29.15,0.0,Cloudy
2026-03-10,8:00 AM,56.1,42.5,60,SSW,8.1,14.3,29.16,0.0,Cloudy
2026-03-10,9:00 AM,58.3,45.1,62,SSW,7.9,15.9,29.17,0.0,Cloudy
2026-03-10,10:00 AM,59.8,46.8,62,S,7.5,16.6,29.17,0.0,Cloudy
2026-03-10,11:00 AM,61.7,48.2,61,SSW,8.0,17.4,29.18,0.0,Cloudy
2026-03-10,12:00 PM,64.0,50.5,61,SSW,7.4,17.4,29.18,0.0,Cloudy
2026-03-10,1:00 PM,67.6,55.5,65,SW,10.8,22.1,29.17,0.0,Cloudy
2026-03-10,2:00 PM,68.0,57.2,68,SW,11.6,27.1,29.16,0.0,Cloudy
2026-03-10,3:00 PM,66.7,57.6,72,SW,10.3,25.5,29.15,0.0,Cloudy
2026-03-10,4:00 PM,65.8,58.1,76,WSW,6.0,21.7,29.15,0.004,Light Drizzle
2026-03-10,5:00 PM,66.9,58.3,74,WSW,2.9,12.3,29.14,0.0,Partly Cloudy
2026-03-10,6:00 PM,67.2,58.6,74,WSW,3.7,8.5,29.13,0.0,Fair
2026-03-10,7:00 PM,64.0,58.7,83,SW,2.3,8.5,29.13,0.0,Fair
2026-03-10,8:00 PM,62.2,58.2,87,ESE,0.5,4.7,29.13,0.0,Partly Cloudy
2026-03-10,9:00 PM,59.5,58.3,96,SE,3.7,6.3,29.11,0.0,Cloudy
2026-03-10,10:00 PM,58.4,57.7,97,SSE,5.3,8.9,29.11,0.0,Partly Cloudy
2026-03-10,11:00 PM,58.2,57.4,97,S,6.2,11.0,29.1,0.0,Cloudy
2026-03-11,12:00 AM,58.5,57.0,95,SSW,8.3,14.5,29.09,0.0,Cloudy
2026-03-11,1:00 AM,57.3,56.5,97,SSW,8.1,15.0,29.08,0.0,Cloudy
2026-03-11,2:00 AM,59.3,56.9,92,SSW,8.7,15.9,29.05,0.0,Cloudy
2026-03-11,3:00 AM,59.2,56.8,92,S,8.5,15.7,29.03,0.0,Cloudy
2026-03-11,4:00 AM,59.9,56.8,90,SW,10.4,21.5,29.05,0.087,Light Rain
2026-03-11,5:00 AM,58.6,57.7,97,SSW,11.3,24.2,29.0,0.02,Drizzle
2026-03-11,6:00 AM,58.1,57.6,98,S,11.3,22.6,29.02,0.008,Light Drizzle
2026-03-11,7:00 AM,58.6,57.7,97,S,10.9,21.9,29.0,0.004,Light Drizzle
2026-03-11,8:00 AM,61.3,60.4,97,SSW,11.9,27.1,28.95,0.012,Light Drizzle
2026-03-11,9:00 AM,60.6,59.7,97,SSW,12.4,29.8,28.94,0.323,Heavy Rain
2026-03-11,10:00 AM,62.1,61.4,98,SSW,11.4,28.9,28.93,0.209,Rain
2026-03-11,11:00 AM,65.2,62.2,90,SSW,13.2,36.9,28.93,0.012,Light Drizzle
2026-03-11,12:00 PM,65.8,62.5,89,SW,18.7,43.6,28.93,0.079,Light Rain
2026-03-11,1:00 PM,65.7,61.9,88,SW,17.6,41.6,28.91,0.012,Light Drizzle
2026-03-11,2:00 PM,67.6,62.3,83,SW,18.6,44.3,28.88,0.031,Drizzle
2026-03-11,3:00 PM,64.3,61.7,91,SW,17.3,42.5,28.86,0.114,Rain
2026-03-11,4:00 PM,66.4,61.8,85,WSW,15.2,36.5,28.87,0.028,Drizzle
2026-03-11,5:00 PM,65.3,61.6,88,SW,14.0,34.2,28.85,0.016,Light Drizzle
2026-03-11,6:00 PM,65.5,60.2,83,SW,14.1,30.4,28.84,0.02,Drizzle
2026-03-11,7:00 PM,64.0,59.7,86,SW,16.0,36.9,28.83,0.024,Drizzle
2026-03-11,8:00 PM,61.8,60.3,95,WSW,11.6,37.4,28.84,0.118,Rain
2026-03-11,9:00 PM,60.5,59.6,97,WSW,11.3,27.7,28.84,0.063,Light Rain
2026-03-11,10:00 PM,59.3,58.6,97,W,14.2,27.7,28.85,0.083,Light Rain
2026-03-11,11:00 PM,49.7,48.9,97,WNW,15.1,31.5,28.93,0.059,Light Rain
2026-03-12,12:00 AM,44.7,43.2,94,NW,13.8,31.8,28.98,0.024,Drizzle
2026-03-12,1:00 AM,41.3,37.2,85,NW,13.1,30.2,29.03,0.004,Light Drizzle
2026-03-12,2:00 AM,38.8,35.0,86,NW,13.5,30.2,29.05,0.016,Light Drizzle
2026-03-12,3:00 AM,37.5,30.2,75,NW,14.8,30.9,29.09,0.0,Cloudy
2026-03-12,4:00 AM,35.8,27.5,72,NW,13.5,31.8,29.13,0.0,Cloudy
2026-03-12,5:00 AM,34.9,26.9,72,NW,12.0,28.6,29.15,0.0,Cloudy
2026-03-12,6:00 AM,34.4,26.2,72,NW,12.2,26.4,29.16,0.0,Cloudy
2026-03-12,7:00 AM,34.0,24.7,69,NW,12.5,26.8,29.18,0.0,Cloudy
2026-03-12,8:00 AM,33.9,25.8,72,NW,11.0,26.8,29.23,0.0,Cloudy
2026-03-12,9:00 AM,34.0,24.4,67,NW,12.2,26.2,29.24,0.0,Cloudy
2026-03-12,10:00 AM,34.2,21.8,60,NW,12.7,27.5,29.23,0.0,Cloudy
2026-03-12,11:00 AM,34.9,19.8,54,NW,11.7,27.7,29.24,0.0,Cloudy
2026-03-12,12:00 PM,36.8,19.7,50,NW,11.0,26.2,29.24,0.0,Cloudy
2026-03-12,1:00 PM,39.2,18.7,43,NW,13.3,29.5,29.23,0.0,Cloudy
2026-03-12,2:00 PM,41.8,13.9,32,NW,13.7,32.0,29.21,0.0,Cloudy
2026-03-12,3:00 PM,41.5,13.1,31,NW,14.6,32.0,29.21,0.0,Partly Cloudy
2026-03-12,4:00 PM,41.5,13.6,32,NW,14.6,33.1,29.22,0.0,Partly Cloudy
2026-03-12,5:00 PM,40.7,14.8,34,WNW,13.4,33.1,29.23,0.004,Light Snow
2026-03-12,6:00 PM,39.7,15.9,38,WNW,12.2,30.2,29.23,0.0,Cloudy
2026-03-12,7:00 PM,39.0,16.7,40,WNW,8.7,26.2,29.24,0.0,Cloudy
2026-03-12,8:00 PM,37.0,21.6,53,WNW,6.4,18.3,29.26,0.0,Cloudy
2026-03-12,9:00 PM,37.3,24.0,58,WNW,2.2,12.1,29.26,0.0,Cloudy
2026-03-12,10:00 PM,36.2,24.4,62,E,0.2,4.3,29.27,0.0,Cloudy
2026-03-12,11:00 PM,33.9,24.6,69,E,0.7,1.3,29.27,0.0,Partly Cloudy
2026-03-13,12:00 AM,32.5,25.4,75,S,1.8,2.7,29.27,0.0,Cloudy
2026-03-13,1:00 AM,32.4,26.2,78,SSW,2.5,4.0,29.26,0.0,Cloudy
2026-03-13,2:00 AM,31.6,25.3,77,SW,4.3,7.8,29.25,0.0,Cloudy
2026-03-13,3:00 AM,31.9,24.8,75,SSW,5.3,9.6,29.23,0.0,Cloudy
2026-03-13,4:00 AM,30.9,24.4,77,SSW,5.9,10.3,29.21,0.0,Cloudy
2026-03-13,5:00 AM,30.9,24.5,77,S,6.7,13.2,29.18,0.0,Cloudy
2026-03-13,6:00 AM,31.0,24.3,76,S,7.5,14.3,29.16,0.0,Cloudy
2026-03-13,7:00 AM,32.4,23.1,68,S,8.5,16.8,29.15,0.0,Cloudy
2026-03-13,8:00 AM,34.9,22.8,61,S,9.9,22.1,29.13,0.0,Cloudy
2026-03-13,9:00 AM,36.2,22.6,57,S,10.0,20.6,29.1,0.004,Light Snow
2026-03-13,10:00 AM,37.8,23.0,55,S,10.6,21.3,29.06,0.004,Light Snow
2026-03-13,11:00 AM,39.1,23.5,53,SSE,15.4,32.7,28.94,0.0,Cloudy
2026-03-13,12:00 PM,46.7,21.8,37,S,19.4,41.6,28.84,0.0,Partly Cloudy
2026-03-13,1:00 PM,50.7,22.6,33,SSW,21.2,45.6,28.82,0.0,Fair
2026-03-13,2:00 PM,53.0,24.4,33,SW,22.1,47.9,28.77,0.0,Fair
2026-03-13,3:00 PM,55.6,26.6,33,SW,24.4,50.3,28.75,0.0,Cloudy
2026-03-13,4:00 PM,56.4,26.9,32,WSW,25.9,56.8,28.72,0.0,Cloudy
2026-03-13,5:00 PM,54.2,29.3,38,WSW,24.6,55.0,28.74,0.0,Cloudy
2026-03-13,6:00 PM,55.0,27.8,35,WSW,27.5,56.4,28.76,0.0,Cloudy
2026-03-13,7:00 PM,53.1,11.5,19,W,24.1,56.8,28.81,0.0,Fair
2026-03-13,8:00 PM,51.7,9.6,18,W,16.5,50.1,28.87,0.0,Fair
2026-03-13,9:00 PM,48.7,10.7,21,WSW,13.8,33.1,28.91,0.0,Fair
2026-03-13,10:00 PM,47.4,13.1,25,W,15.2,31.3,28.94,0.0,Fair
2026-03-13,11:00 PM,46.0,17.4,31,W,14.9,32.2,28.97,0.0,Fair
2026-03-14,12:00 AM,43.9,20.6,39,W,13.5,30.9,29.02,0.0,Fair
2026-03-14,1:00 AM,41.7,22.9,47,W,12.8,30.0,29.05,0.0,Partly Cloudy
2026-03-14,2:00 AM,42.2,23.0,46,W,15.4,30.0,29.06,0.0,Partly Cloudy
2026-03-14,3:00 AM,39.3,24.1,54,W,12.6,28.6,29.1,0.0,Partly Cloudy
2026-03-14,4:00 AM,36.5,22.1,56,W,12.4,26.6,29.13,0.0,Fair
2026-03-14,5:00 AM,34.3,20.9,58,W,11.4,25.5,29.17,0.0,Partly Cloudy
2026-03-14,6:00 AM,32.5,21.5,64,WNW,11.6,24.8,29.22,0.0,Fair
2026-03-14,7:00 AM,30.8,21.7,68,WNW,10.7,23.9,29.26,0.0,Fair
2026-03-14,8:00 AM,31.6,21.3,65,W,8.3,21.7,29.28,0.0,Fair
2026-03-14,9:00 AM,33.3,21.5,62,WNW,9.2,20.4,29.32,0.0,Fair
2026-03-14,10:00 AM,35.3,21.7,57,WNW,8.1,20.4,29.34,0.0,Fair
2026-03-14,11:00 AM,38.1,21.9,52,WNW,7.3,19.5,29.38,0.0,Partly Cloudy
2026-03-14,12:00 PM,40.7,21.5,46,WNW,6.8,18.6,29.39,0.0,Cloudy
2026-03-14,1:00 PM,42.9,20.6,41,WNW,6.1,18.1,29.38,0.0,Cloudy
2026-03-14,2:00 PM,44.2,18.2,35,W,5.9,17.4,29.37,0.0,Cloudy
2026-03-14,3:00 PM,46.0,17.9,32,WNW,5.6,16.3,29.36,0.0,Cloudy
2026-03-14,4:00 PM,46.7,17.5,31,WNW,4.8,15.7,29.36,0.0,Cloudy
2026-03-14,5:00 PM,46.2,16.8,30,WNW,3.8,13.6,29.35,0.0,Cloudy
2026-03-14,6:00 PM,45.1,18.1,34,NW,3.1,10.7,29.36,0.0,Cloudy
2026-03-14,7:00 PM,43.9,21.7,41,N,2.8,7.8,29.38,0.0,Cloudy
2026-03-14,8:00 PM,42.8,23.1,45,NNE,4.0,9.4,29.37,0.0,Cloudy
2026-03-14,9:00 PM,41.4,23.1,48,NE,4.7,8.7,29.39,0.0,Cloudy
2026-03-14,10:00 PM,40.7,22.2,47,ENE,5.1,9.8,29.39,0.0,Cloudy
2026-03-14,11:00 PM,38.7,22.2,51,ENE,6.8,12.5,29.37,0.0,Cloudy
2026-03-15,12:00 AM,39.1,22.5,51,ENE,8.1,15.9,29.35,0.0,Cloudy
2026-03-15,1:00 AM,39.7,21.5,48,E,9.0,17.9,29.32,0.0,Cloudy
2026-03-15,2:00 AM,41.4,21.0,44,E,10.4,20.6,29.29,0.0,Cloudy
2026-03-15,3:00 AM,41.7,19.8,41,E,10.1,20.8,29.27,0.0,Cloudy
2026-03-15,4:00 AM,41.7,19.9,41,E,9.7,20.6,29.23,0.0,Cloudy
2026-03-15,5:00 AM,41.2,20.2,43,ESE,9.2,19.7,29.21,0.0,Cloudy
2026-03-15,6:00 AM,41.3,21.0,44,ESE,8.5,18.3,29.19,0.0,Cloudy
2026-03-15,7:00 AM,42.7,23.3,46,SE,8.3,16.8,29.18,0.0,Cloudy
2026-03-15,8:00 AM,46.3,27.2,47,SSE,9.1,16.3,29.15,0.0,Cloudy
2026-03-15,9:00 AM,50.8,32.1,49,SSE,9.2,18.6,29.15,0.0,Cloudy
2026-03-15,10:00 AM,55.9,37.4,50,SSE,7.9,20.6,29.14,0.0,Cloudy
2026-03-15,11:00 AM,61.1,39.7,45,SSE,10.7,23.3,29.12,0.0,Partly Cloudy
2026-03-15,12:00 PM,66.1,41.4,40,S,13.0,28.6,29.09,0.0,Fair
2026-03-15,1:00 PM,70.0,40.8,35,S,15.7,33.8,29.06,0.0,Cloudy
2026-03-15,2:00 PM,73.6,38.9,29,S,17.3,37.4,29.0,0.0,Cloudy
2026-03-15,3:00 PM,73.3,37.8,27,S,18.0,38.9,28.96,0.0,Cloudy
2026-03-15,4:00 PM,71.8,37.9,29,S,18.0,39.1,28.93,0.0,Cloudy
2026-03-15,5:00 PM,69.5,40.5,35,S,16.8,38.5,28.93,0.0,Cloudy
2026-03-15,6:00 PM,66.3,42.0,41,SSE,16.4,35.3,28.92,0.0,Cloudy
2026-03-15,7:00 PM,63.4,42.3,46,SSE,15.5,34.7,28.92,0.0,Cloudy
2026-03-15,8:00 PM,63.3,41.8,45,SSE,15.2,35.3,28.88,0.0,Partly Cloudy
2026-03-15,9:00 PM,61.0,43.2,52,SSE,16.3,33.8,28.86,0.0,Cloudy
2026-03-15,10:00 PM,60.7,44.2,55,SSE,16.2,34.2,28.84,0.0,Cloudy
2026-03-15,11:00 PM,60.4,45.0,57,SSE,16.1,33.8,28.8,0.0,Cloudy
2026-03-16,12:00 AM,59.5,46.2,62,SSE,16.5,34.2,28.77,0.0,Partly Cloudy
2026-03-16,1:00 AM,59.4,47.7,65,SSE,16.4,34.9,28.74,0.0,Cloudy
2026-03-16,2:00 AM,61.4,49.1,64,S,15.7,34.0,28.69,0.0,Cloudy
2026-03-16,3:00 AM,61.5,50.9,68,S,15.2,32.2,28.67,0.0,Cloudy
2026-03-16,4:00 AM,61.5,51.8,70,S,15.4,32.2,28.61,0.0,Cloudy
2026-03-16,5:00 AM,61.5,51.0,68,S,16.6,33.8,28.56,0.0,Cloudy
2026-03-16,6:00 AM,60.1,51.5,73,S,16.7,43.4,28.56,0.0,Cloudy
2026-03-16,7:00 AM,56.2,54.6,94,S,19.2,39.4,28.56,0.138,Rain
2026-03-16,8:00 AM,54.5,53.4,96,SSW,13.5,40.5,28.57,0.236,Rain
2026-03-16,9:00 AM,54.9,54.1,97,SSW,14.4,28.9,28.57,0.028,Drizzle
2026-03-16,10:00 AM,55.4,54.6,97,SSW,13.3,29.3,28.56,0.055,Light Rain
2026-03-16,11:00 AM,51.4,50.2,96,WSW,18.9,36.7,28.61,0.067,Light Rain
2026-03-16,12:00 PM,46.0,40.4,81,WSW,15.8,38.9,28.65,0.008,Light Drizzle
2026-03-16,1:00 PM,44.9,35.0,68,WSW,13.6,33.6,28.66,0.0,Cloudy
2026-03-16,2:00 PM,41.3,32.9,72,WSW,14.1,29.8,28.68,0.0,Cloudy
2026-03-16,3:00 PM,38.9,31.3,74,WSW,14.1,30.2,28.67,0.008,Light Drizzle
2026-03-16,4:00 PM,35.9,29.8,79,WSW,12.4,30.4,28.67,0.016,Light Snow
2026-03-16,5:00 PM,33.9,27.9,78,WSW,12.2,28.0,28.69,0.043,Light Snow
2026-03-16,6:00 PM,32.2,27.1,81,W,10.6,25.7,28.69,0.059,Snow
2026-03-16,7:00 PM,30.9,27.9,88,WSW,10.8,23.7,28.7,0.071,Snow
2026-03-16,8:00 PM,28.8,25.3,87,WSW,12.5,26.4,28.75,0.059,Snow
2026-03-16,9:00 PM,28.6,24.5,85,WSW,10.0,25.5,28.77,0.016,Light Snow
2026-03-16,10:00 PM,27.5,22.0,80,WSW,15.2,30.6,28.79,0.012,Light Snow
2026-03-16,11:00 PM,26.4,19.6,75,W,17.7,36.2,28.82,0.016,Light Snow
2026-03-17,12:00 AM,24.6,18.4,77,W,16.5,36.5,28.85,0.004,Light Snow
2026-03-17,1:00 AM,23.2,16.3,75,W,15.4,33.6,28.88,0.004,Light Snow
2026-03-17,2:00 AM,23.3,16.6,75,W,14.7,32.2,28.92,0.0,Fair
2026-03-17,3:00 AM,22.5,15.2,73,W,12.6,30.0,28.95,0.0,Partly Cloudy
2026-03-17,4:00 AM,22.2,15.4,75,W,10.6,26.2,28.97,0.0,Cloudy
2026-03-17,5:00 AM,23.5,16.3,74,W,12.1,24.8,29.0,0.0,Partly Cloudy
2026-03-17,6:00 AM,22.9,15.3,72,W,12.4,28.6,29.02,0.0,Cloudy
2026-03-17,7:00 AM,22.8,16.4,76,W,11.7,26.8,29.05,0.0,Cloudy
2026-03-17,8:00 AM,23.2,17.2,77,W,12.3,28.0,29.08,0.004,Light Snow
2026-03-17,9:00 AM,22.8,15.5,73,W,12.3,28.2,29.13,0.004,Light Snow
2026-03-17,10:00 AM,22.9,15.9,74,WSW,13.5,29.8,29.16,0.016,Light Snow
2026-03-17,11:00 AM,24.4,13.4,62,W,12.8,30.2,29.18,0.004,Light Snow
2026-03-17,12:00 PM,24.4,11.5,57,W,12.6,28.9,29.18,0.004,Light Snow
2026-03-17,1:00 PM,25.7,13.4,59,W,11.3,28.9,29.19,0.008,Light Snow
2026-03-17,2:00 PM,25.8,11.9,55,W,12.4,26.4,29.22,0.004,Light Snow
2026-03-17,3:00 PM,25.3,9.7,51,W,12.3,27.3,29.22,0.004,Light Snow
2026-03-17,4:00 PM,25.5,9.2,50,W,12.8,28.0,29.24,0.0,Cloudy
2026-03-17,5:00 PM,25.5,8.5,48,W,12.6,28.0,29.25,0.0,Fair
2026-03-17,6:00 PM,24.5,9.0,51,W,12.1,27.7,29.28,0.0,Fair
2026-03-17,7:00 PM,23.0,10.5,58,W,8.6,27.1,29.31,0.0,Fair
2026-03-17,8:00 PM,21.8,13.6,70,W,8.2,18.1,29.36,0.0,Fair
2026-03-17,9:00 PM,19.9,13.0,74,W,6.2,15.9,29.38,0.0,Fair
2026-03-17,10:00 PM,18.7,13.0,78,WSW,4.6,12.5,29.39,0.0,Fair
2026-03-17,11:00 PM,17.7,13.0,82,WSW,4.2,9.2,29.4,0.0,Fair
2026-03-18,12:00 AM,18.0,13.6,83,WSW,4.5,9.2,29.42,0.0,Fair
2026-03-18,1:00 AM,16.6,12.5,83,WSW,3.7,8.9,29.42,0.0,Cloudy
2026-03-18,2:00 AM,18.1,13.7,83,WSW,4.2,7.8,29.44,0.0,Cloudy
2026-03-18,3:00 AM,16.6,13.0,85,SW,2.8,7.8,29.45,0.0,Partly Cloudy
2026-03-18,4:00 AM,15.0,11.8,87,SSW,2.7,5.8,29.44,0.0,Cloudy
2026-03-18,5:00 AM,16.2,12.7,86,S,2.8,6.0,29.45,0.0,Fair
2026-03-18,6:00 AM,16.5,12.8,85,SSE,3.6,7.4,29.46,0.0,Fair
2026-03-18,7:00 AM,16.6,13.2,86,S,3.7,8.1,29.46,0.0,Partly Cloudy
2026-03-18,8:00 AM,17.7,14.0,85,S,2.7,7.6,29.48,0.0,Fair
2026-03-18,9:00 AM,19.7,14.3,79,S,2.6,7.4,29.48,0.0,Cloudy
2026-03-18,10:00 AM,23.5,13.1,64,S,5.1,12.5,29.48,0.0,Fair
2026-03-18,11:00 AM,25.8,12.0,55,S,6.7,16.6,29.47,0.0,Partly Cloudy
2026-03-18,12:00 PM,28.1,12.5,51,S,6.9,17.2,29.46,0.0,Cloudy
2026-03-18,1:00 PM,30.4,12.8,48,S,6.7,17.2,29.44,0.0,Cloudy
2026-03-18,2:00 PM,33.4,14.1,45,S,7.6,17.0,29.42,0.0,Cloudy
2026-03-18,3:00 PM,34.0,13.2,42,S,6.8,17.9,29.38,0.0,Cloudy
2026-03-18,4:00 PM,35.2,13.8,41,S,6.8,17.4,29.36,0.0,Cloudy
2026-03-18,5:00 PM,34.9,15.4,44,S,6.2,17.2,29.35,0.0,Cloudy
2026-03-18,6:00 PM,34.9,17.5,49,S,5.5,15.0,29.33,0.0,Cloudy
2026-03-18,7:00 PM,33.6,20.0,57,SSE,4.9,12.8,29.33,0.0,Cloudy
2026-03-18,8:00 PM,33.1,21.1,61,SSE,5.1,10.3,29.33,0.0,Cloudy
2026-03-18,9:00 PM,32.1,22.5,67,SSE,3.9,9.2,29.34,0.0,Cloudy
2026-03-18,10:00 PM,32.0,23.3,70,SSE,4.2,8.1,29.34,0.0,Cloudy
2026-03-18,11:00 PM,32.5,24.2,71,SSE,4.7,8.7,29.33,0.0,Cloudy
2026-03-19,12:00 AM,32.8,24.7,72,S,4.7,9.2,29.32,0.0,Cloudy
2026-03-19,1:00 AM,33.5,24.9,70,S,5.4,11.0,29.3,0.0,Cloudy
2026-03-19,2:00 AM,35.1,25.6,68,SSW,6.8,10.7,29.29,0.0,Cloudy
2026-03-19,3:00 AM,33.0,24.8,72,SSW,6.3,12.3,29.29,0.0,Partly Cloudy
2026-03-19,4:00 AM,32.2,25.3,75,SSW,6.4,12.8,29.28,0.0,Cloudy
2026-03-19,5:00 AM,32.5,26.3,78,SSW,6.0,11.9,29.27,0.0,Cloudy
2026-03-19,6:00 AM,34.3,28.0,78,SSW,5.0,11.6,29.28,0.0,Cloudy
2026-03-19,7:00 AM,33.0,28.0,82,SSW,5.2,9.6,29.29,0.0,Cloudy
2026-03-19,8:00 AM,33.4,28.9,83,SSW,6.6,11.9,29.3,0.0,Cloudy
2026-03-19,9:00 AM,34.9,30.2,83,SSW,4.6,11.4,29.31,0.0,Cloudy
2026-03-19,10:00 AM,38.3,31.0,75,SSW,4.8,11.6,29.32,0.0,Cloudy
2026-03-19,11:00 AM,39.6,31.7,73,SSW,5.3,13.9,29.32,0.0,Partly Cloudy
2026-03-19,12:00 PM,42.8,32.9,68,SW,4.2,13.2,29.32,0.0,Fair
2026-03-19,1:00 PM,45.6,34.0,64,SW,4.5,13.4,29.32,0.0,Fair
2026-03-19,2:00 PM,53.5,38.0,56,WSW,7.3,13.9,29.3,0.0,Fair
2026-03-19,3:00 PM,50.0,35.5,57,WSW,5.3,16.1,29.27,0.0,Fair
2026-03-19,4:00 PM,56.3,38.0,50,WSW,7.9,18.1,29.26,0.0,Fair
2026-03-19,5:00 PM,56.3,38.5,51,WSW,7.4,18.1,29.26,0.0,Fair
2026-03-19,6:00 PM,55.5,39.6,55,WSW,4.2,16.3,29.26,0.0,Cloudy
2026-03-19,7:00 PM,50.1,39.7,67,SSW,2.5,8.7,29.26,0.0,Fair
2026-03-19,8:00 PM,46.0,37.2,71,NW,1.7,4.0,29.26,0.0,Cloudy
2026-03-19,9:00 PM,41.9,36.2,80,NNW,2.0,3.1,29.25,0.0,Fair
2026-03-19,10:00 PM,40.2,35.3,83,ENE,0.8,3.4,29.26,0.0,Fair
2026-03-19,11:00 PM,38.2,34.5,86,SE,1.0,2.7,29.27,0.0,Fair
2026-03-20,12:00 AM,35.8,33.4,91,NE,2.8,4.3,29.26,0.0,Fair
2026-03-20,1:00 AM,34.9,32.9,92,ENE,2.0,4.7,29.26,0.0,Fair
2026-03-20,2:00 AM,35.0,32.5,91,SSE,3.5,4.7,29.22,0.0,Fair
2026-03-20,3:00 AM,36.0,33.3,90,S,3.8,6.5,29.2,0.0,Fair
2026-03-20,4:00 AM,36.9,33.5,88,S,5.9,9.8,29.18,0.0,Cloudy
2026-03-20,5:00 AM,37.9,34.6,88,SSW,7.7,13.6,29.16,0.0,Cloudy
2026-03-20,6:00 AM,38.6,35.2,88,SSW,8.6,15.4,29.15,0.0,Cloudy
2026-03-20,7:00 AM,39.0,35.2,86,SSW,9.9,18.8,29.14,0.0,Cloudy
2026-03-20,8:00 AM,43.2,35.4,74,SSW,10.0,19.0,29.13,0.0,Cloudy
2026-03-20,9:00 AM,46.1,36.4,69,SSW,10.6,21.0,29.11,0.0,Cloudy
2026-03-20,10:00 AM,50.8,38.5,63,SSW,10.2,21.5,29.1,0.0,Cloudy
2026-03-20,11:00 AM,54.3,39.9,58,SSW,9.9,21.7,29.08,0.0,Cloudy
2026-03-20,12:00 PM,55.9,41.5,58,S,7.2,22.1,29.05,0.0,Cloudy
2026-03-20,1:00 PM,58.0,42.5,56,SSW,9.1,20.6,29.02,0.0,Cloudy
2026-03-20,2:00 PM,60.8,43.1,52,SW,12.6,30.6,28.99,0.02,Drizzle
2026-03-20,3:00 PM,61.3,46.0,57,SW,11.7,32.4,28.95,0.035,Drizzle
2026-03-20,4:00 PM,63.6,47.5,56,SW,15.0,32.0,28.92,0.031,Drizzle
2026-03-20,5:00 PM,62.4,48.2,60,SW,10.5,30.6,28.9,0.0,Cloudy
2026-03-20,6:00 PM,62.2,48.4,61,WSW,8.7,25.3,28.89,0.0,Cloudy
2026-03-20,7:00 PM,57.2,50.5,78,SW,9.8,20.8,28.92,0.063,Light Rain
2026-03-20,8:00 PM,57.3,47.2,69,WSW,7.8,22.4,28.91,0.0,Cloudy
2026-03-20,9:00 PM,52.6,50.1,91,NNW,2.2,21.0,28.95,0.094,Light Rain
2026-03-20,10:00 PM,50.3,47.9,92,SSW,6.0,10.1,28.92,0.0,Cloudy
2026-03-20,11:00 PM,48.7,46.9,94,WSW,5.2,11.0,28.92,0.0,Partly Cloudy
2026-03-21,12:00 AM,46.9,45.7,95,NW,6.2,10.1,28.95,0.0,Partly Cloudy
2026-03-21,1:00 AM,45.6,45.2,99,N,9.5,18.1,28.98,0.0,Cloudy
2026-03-21,2:00 AM,46.2,45.8,98,N,9.8,18.1,29.0,0.0,Cloudy
2026-03-21,3:00 AM,44.3,43.8,98,N,8.3,19.2,29.03,0.0,Cloudy
2026-03-21,4:00 AM,42.8,42.5,99,N,6.2,15.9,29.04,0.0,Cloudy
2026-03-21,5:00 AM,42.4,42.3,99,N,6.3,15.4,29.07,0.0,Cloudy
2026-03-21,6:00 AM,42.2,42.0,99,N,6.4,14.1,29.1,0.0,Cloudy
2026-03-21,7:00 AM,42.3,41.5,97,NNE,5.7,13.4,29.11,0.0,Cloudy
2026-03-21,8:00 AM,41.7,41.0,97,N,6.1,11.2,29.13,0.0,Cloudy
2026-03-21,9:00 AM,42.4,40.6,94,N,5.6,13.9,29.15,0.0,Cloudy
2026-03-21,10:00 AM,43.6,40.5,89,NNE,5.1,13.2,29.15,0.0,Cloudy
2026-03-21,11:00 AM,45.2,39.9,82,NNE,4.7,12.8,29.18,0.0,Cloudy
2026-03-21,12:00 PM,48.3,39.5,71,NE,3.7,13.0,29.18,0.0,Cloudy
2026-03-21,1:00 PM,51.4,39.7,64,ENE,3.1,11.9,29.15,0.0,Cloudy
2026-03-21,2:00 PM,55.7,39.5,54,E,1.7,11.6,29.12,0.0,Fair
2026-03-21,3:00 PM,58.6,40.2,50,SE,1.0,8.7,29.1,0.0,Fair
2026-03-21,4:00 PM,60.0,38.9,46,S,2.4,9.2,29.07,0.0,Fair
2026-03-21,5:00 PM,60.5,38.3,44,SSW,3.4,10.3,29.05,0.0,Fair
2026-03-21,6:00 PM,60.1,38.8,45,SSW,4.0,9.8,29.03,0.0,Cloudy
2026-03-21,7:00 PM,56.1,42.9,61,SW,2.9,10.1,29.02,0.0,Cloudy
2026-03-21,8:00 PM,52.7,39.7,61,SSW,3.9,5.6,28.99,0.0,Cloudy
2026-03-21,9:00 PM,53.3,39.6,59,SSW,5.3,8.7,28.99,0.0,Fair
2026-03-21,10:00 PM,51.8,39.3,62,SSW,6.1,10.3,29.0,0.0,Fair
2026-03-21,11:00 PM,51.1,39.0,63,SSW,7.8,13.9,28.98,0.0,Cloudy
2026-03-22,12:00 AM,50.8,38.4,62,SSW,8.3,15.7,28.97,0.0,Partly Cloudy
2026-03-22,1:00 AM,50.9,38.0,61,SSW,9.0,17.0,28.95,0.0,Cloudy
2026-03-22,2:00 AM,55.1,38.6,54,SSW,10.5,18.6,28.93,0.0,Cloudy
2026-03-22,3:00 AM,54.1,39.0,57,SSW,10.3,20.1,28.92,0.0,Partly Cloudy
2026-03-22,4:00 AM,54.1,39.5,58,SW,9.7,19.9,28.9,0.0,Cloudy
2026-03-22,5:00 AM,54.6,39.9,58,SW,9.2,19.0,28.9,0.0,Cloudy
2026-03-22,6:00 AM,53.4,40.2,61,SSW,9.5,18.6,28.89,0.0,Partly Cloudy
2026-03-22,7:00 AM,52.6,40.6,63,SW,8.6,18.6,28.9,0.0,Cloudy
2026-03-22,8:00 AM,55.0,42.0,62,SSW,10.8,20.1,28.9,0.0,Partly Cloudy
2026-03-22,9:00 AM,58.6,44.3,59,SSW,9.4,20.8,28.89,0.0,Partly Cloudy
2026-03-22,10:00 AM,63.4,45.7,52,SSW,9.5,20.6,28.9,0.0,Partly Cloudy
2026-03-22,11:00 AM,67.6,47.3,48,SSW,10.9,23.9,28.9,0.0,Cloudy
2026-03-22,12:00 PM,71.7,50.4,47,SSW,12.4,27.5,28.89,0.0,Cloudy
2026-03-22,1:00 PM,73.4,52.9,49,SW,11.9,28.0,28.87,0.0,Cloudy
2026-03-22,2:00 PM,81.3,52.4,37,SW,11.5,26.4,28.84,0.0,Cloudy
2026-03-22,3:00 PM,76.8,55.0,47,WSW,11.3,36.0,28.82,0.016,Light Drizzle
2026-03-22,4:00 PM,80.5,54.2,40,SW,13.0,28.9,28.78,0.0,Cloudy
2026-03-22,5:00 PM,68.7,59.8,73,NW,14.6,31.1,28.83,0.11,Rain
2026-03-22,6:00 PM,64.6,59.5,84,WNW,5.8,29.5,28.83,0.016,Light Drizzle
2026-03-22,7:00 PM,63.7,58.3,83,NW,7.9,17.2,28.86,0.0,Cloudy
2026-03-22,8:00 PM,57.4,52.5,84,NNE,7.3,25.7,28.85,0.0,Cloudy
2026-03-22,9:00 PM,54.2,50.3,86,N,9.5,18.8,28.87,0.0,Cloudy
2026-03-22,10:00 PM,51.0,46.5,85,N,13.0,26.6,28.91,0.0,Cloudy
2026-03-22,11:00 PM,47.5,46.6,97,N,8.9,26.6,28.95,0.165,Rain
2026-03-23,12:00 AM,47.4,46.9,98,NNE,9.0,17.9,28.92,0.051,Light Rain
2026-03-23,1:00 AM,47.0,46.6,98,NNE,4.7,17.9,28.94,0.091,Light Rain
2026-03-23,2:00 AM,48.8,47.5,95,WNW,0.4,8.9,28.93,0.071,Light Rain
2026-03-23,3:00 AM,48.9,48.1,97,NW,4.5,12.3,28.92,0.071,Light Rain
2026-03-23,4:00 AM,45.2,44.5,97,NNW,10.6,22.1,28.95,0.0,Cloudy
2026-03-23,5:00 AM,41.9,40.4,94,NW,11.6,22.6,29.0,0.0,Cloudy
2026-03-23,6:00 AM,39.2,36.6,90,NW,12.6,26.4,29.06,0.0,Cloudy
2026-03-23,7:00 AM,38.0,34.1,86,NNW,12.6,26.6,29.1,0.0,Cloudy
2026-03-23,8:00 AM,37.4,33.1,84,NNW,13.7,28.4,29.14,0.0,Cloudy
2026-03-23,9:00 AM,38.0,30.8,75,NNW,13.3,29.5,29.18,0.0,Cloudy
2026-03-23,10:00 AM,38.3,30.1,72,NNW,12.9,28.6,29.23,0.0,Cloudy
2026-03-23,11:00 AM,39.1,30.7,72,NNW,13.4,29.1,29.27,0.004,Light Drizzle
2026-03-23,12:00 PM,39.1,30.3,70,NW,12.3,29.1,29.31,0.0,Cloudy
2026-03-23,1:00 PM,38.7,29.9,71,NW,12.3,27.7,29.32,0.0,Cloudy
2026-03-23,2:00 PM,37.6,28.0,68,NW,11.7,27.5,29.35,0.0,Cloudy
2026-03-23,3:00 PM,37.2,27.1,66,NW,12.5,27.7,29.37,0.0,Cloudy
2026-03-23,4:00 PM,36.5,24.5,62,NW,13.1,28.9,29.39,0.0,Cloudy
2026-03-23,5:00 PM,36.5,23.0,58,NW,13.2,29.5,29.42,0.0,Cloudy
2026-03-23,6:00 PM,35.9,22.0,57,NW,12.4,28.9,29.45,0.0,Cloudy
2026-03-23,7:00 PM,35.3,22.3,59,NW,11.6,26.8,29.47,0.0,Cloudy
2026-03-23,8:00 PM,34.2,24.6,68,NW,7.4,24.6,29.5,0.0,Cloudy
2026-03-23,9:00 PM,33.9,24.6,69,NW,8.2,17.0,29.52,0.0,Cloudy
2026-03-23,10:00 PM,33.4,25.5,72,NNW,8.4,19.0,29.54,0.0,Cloudy
2026-03-23,11:00 PM,32.8,24.2,70,N,9.1,19.5,29.55,0.0,Cloudy
2026-03-24,12:00 AM,31.7,21.7,66,N,8.6,19.9,29.56,0.0,Fair
2026-03-24,1:00 AM,29.0,21.7,74,N,6.5,18.8,29.56,0.0,Fair
2026-03-24,2:00 AM,27.1,22.5,83,N,4.8,13.2,29.56,0.0,Fair
2026-03-24,3:00 AM,26.2,21.7,83,NNE,3.4,8.9,29.56,0.0,Fair
2026-03-24,4:00 AM,25.3,19.9,79,NNE,2.2,6.5,29.56,0.0,Fair
2026-03-24,5:00 AM,24.9,19.0,78,NNE,2.2,4.9,29.57,0.0,Cloudy
2026-03-24,6:00 AM,24.6,18.7,78,N,2.5,5.4,29.59,0.0,Partly Cloudy
2026-03-24,7:00 AM,24.3,18.7,79,N,1.8,5.1,29.6,0.0,Fair
2026-03-24,8:00 AM,24.8,19.3,79,NW,2.2,4.5,29.62,0.0,Fair
2026-03-24,9:00 AM,27.5,17.0,64,NNW,0.6,6.3,29.62,0.0,Fair
2026-03-24,10:00 AM,31.0,14.4,50,NNW,0.5,7.2,29.62,0.0,Fair
2026-03-24,11:00 AM,34.4,13.2,41,SSE,1.2,8.7,29.62,0.0,Fair
2026-03-24,12:00 PM,37.9,12.6,35,S,2.8,11.9,29.59,0.0,Fair
2026-03-24,1:00 PM,40.9,12.8,31,S,3.1,12.1,29.57,0.0,Fair
2026-03-24,2:00 PM,42.3,14.9,33,S,2.7,12.5,29.54,0.0,Fair
2026-03-24,3:00 PM,45.0,16.3,31,SW,2.3,10.7,29.51,0.0,Cloudy
2026-03-24,4:00 PM,45.9,16.9,31,WSW,2.8,10.1,29.49,0.0,Cloudy
2026-03-24,5:00 PM,45.8,17.2,31,WSW,2.3,9.8,29.47,0.0,Cloudy
2026-03-24,6:00 PM,44.2,20.3,38,WNW,2.0,7.6,29.48,0.0,Cloudy
2026-03-24,7:00 PM,40.0,22.7,50,W,1.3,5.4,29.47,0.0,Cloudy
2026-03-24,8:00 PM,41.8,24.4,50,NW,1.0,2.5,29.47,0.0,Cloudy
2026-03-24,9:00 PM,41.9,26.7,55,ENE,0.9,2.2,29.47,0.0,Cloudy
2026-03-24,10:00 PM,40.1,27.1,60,ESE,2.1,3.4,29.47,0.0,Cloudy
2026-03-24,11:00 PM,38.7,27.8,65,SE,2.2,3.4,29.47,0.0,Fair
2026-03-25,12:00 AM,36.0,26.2,67,ENE,1.4,3.1,29.46,0.0,Cloudy
2026-03-25,1:00 AM,36.4,27.8,71,NE,3.6,6.3,29.45,0.0,Cloudy
2026-03-25,2:00 AM,37.4,26.8,65,ENE,3.5,6.9,29.46,0.0,Cloudy
2026-03-25,3:00 AM,37.7,27.4,66,E,2.9,5.8,29.45,0.0,Cloudy
2026-03-25,4:00 AM,37.6,27.1,65,E,3.7,6.7,29.43,0.0,Cloudy
2026-03-25,5:00 AM,37.4,27.1,66,E,3.6,7.2,29.41,0.0,Cloudy
2026-03-25,6:00 AM,36.3,26.2,67,E,4.4,7.4,29.4,0.0,Cloudy
2026-03-25,7:00 AM,35.9,25.4,65,E,4.6,8.5,29.4,0.0,Cloudy
2026-03-25,8:00 AM,38.0,25.0,59,ESE,4.5,8.3,29.4,0.0,Cloudy
2026-03-25,9:00 AM,40.2,25.8,56,NE,2.6,7.6,29.42,0.0,Cloudy
2026-03-25,10:00 AM,44.9,26.1,47,ENE,2.5,8.3,29.42,0.0,Cloudy
2026-03-25,11:00 AM,50.3,26.6,40,SE,3.7,11.0,29.39,0.0,Cloudy
2026-03-25,12:00 PM,55.3,29.5,37,SSE,5.4,14.5,29.35,0.0,Cloudy
2026-03-25,1:00 PM,58.7,30.9,35,S,7.8,19.2,29.31,0.0,Cloudy
2026-03-25,2:00 PM,60.2,29.4,31,SSW,6.8,21.0,29.28,0.0,Cloudy
2026-03-25,3:00 PM,60.4,29.4,31,SSW,7.7,17.7,29.24,0.0,Cloudy
2026-03-25,4:00 PM,60.5,30.9,33,SSW,8.2,18.6,29.2,0.0,Cloudy
2026-03-25,5:00 PM,60.7,31.5,33,SSW,8.2,18.6,29.19,0.0,Cloudy
2026-03-25,6:00 PM,60.1,33.9,37,SW,6.7,18.1,29.17,0.0,Cloudy
2026-03-25,7:00 PM,58.0,36.4,44,SSW,6.2,14.3,29.15,0.0,Cloudy
2026-03-25,8:00 PM,56.1,36.8,48,S,7.0,13.0,29.13,0.0,Cloudy
2026-03-25,9:00 PM,54.8,37.1,51,SSW,7.0,13.0,29.12,0.0,Cloudy
2026-03-25,10:00 PM,53.3,37.8,55,SSW,7.1,13.2,29.12,0.0,Cloudy
2026-03-25,11:00 PM,53.5,38.5,57,SSW,7.3,13.9,29.11,0.0,Cloudy
2026-03-26,12:00 AM,54.1,38.7,56,SW,8.1,15.7,29.11,0.0,Partly Cloudy
2026-03-26,1:00 AM,54.4,38.7,55,SW,9.5,18.1,29.1,0.0,Partly Cloudy
2026-03-26,2:00 AM,57.1,39.8,52,WSW,10.1,18.8,29.1,0.0,Fair
2026-03-26,3:00 AM,56.7,41.5,57,SW,10.0,19.5,29.09,0.0,Cloudy
2026-03-26,4:00 AM,56.3,42.6,60,SW,8.6,19.9,29.08,0.0,Fair
2026-03-26,5:00 AM,53.6,42.8,67,SW,8.3,17.0,29.08,0.0,Cloudy
2026-03-26,6:00 AM,52.8,43.6,71,SW,8.7,16.8,29.08,0.0,Cloudy
2026-03-26,7:00 AM,52.3,44.2,74,SW,8.7,17.0,29.09,0.0,Cloudy
2026-03-26,8:00 AM,54.9,44.0,67,SSW,9.2,17.4,29.08,0.0,Cloudy
2026-03-26,9:00 AM,59.2,46.9,64,SSW,6.9,18.6,29.1,0.0,Cloudy
2026-03-26,10:00 AM,63.3,49.5,61,SW,10.3,22.6,29.09,0.0,Cloudy
2026-03-26,11:00 AM,66.7,51.9,59,SW,11.7,25.7,29.07,0.0,Fair
2026-03-26,12:00 PM,69.9,53.2,56,SW,13.2,30.0,29.06,0.0,Fair
2026-03-26,1:00 PM,72.3,54.1,53,SW,14.6,32.2,29.03,0.0,Partly Cloudy
2026-03-26,2:00 PM,73.6,53.1,49,SW,16.7,41.2,28.98,0.0,Cloudy
2026-03-26,3:00 PM,72.0,54.9,55,SW,18.0,39.6,28.97,0.0,Cloudy
2026-03-26,4:00 PM,72.0,55.8,57,SW,18.6,39.6,28.93,0.0,Cloudy
2026-03-26,5:00 PM,72.3,57.0,59,SW,15.3,39.1,28.9,0.0,Cloudy
2026-03-26,6:00 PM,73.0,57.6,59,SSW,14.6,31.8,28.85,0.0,Cloudy
2026-03-26,7:00 PM,73.0,57.4,58,SW,15.0,31.8,28.86,0.0,Cloudy
2026-03-26,8:00 PM,73.7,58.0,58,WSW,13.9,30.9,28.81,0.157,Rain
2026-03-26,9:00 PM,62.9,61.3,94,NW,11.1,32.7,28.89,0.488,Heavy Rain
2026-03-26,10:00 PM,61.3,60.5,97,WNW,9.9,29.3,28.93,0.26,Rain
2026-03-26,11:00 PM,56.0,55.4,98,N,12.1,35.1,28.98,0.15,Rain
2026-03-27,12:00 AM,53.2,52.3,97,N,6.2,32.7,28.99,0.193,Rain
2026-03-27,1:00 AM,52.2,51.5,98,N,7.1,14.1,29.0,0.157,Rain
2026-03-27,2:00 AM,51.3,50.5,97,NNW,6.2,19.5,29.04,0.15,Rain
2026-03-27,3:00 AM,50.4,49.7,98,N,9.6,18.1,29.03,0.157,Rain
2026-03-27,4:00 AM,48.3,47.8,98,N,12.2,23.0,29.08,0.087,Light Rain
2026-03-27,5:00 AM,41.5,41.0,98,N,14.0,29.5,29.14,0.189,Rain
2026-03-27,6:00 AM,38.9,38.3,98,N,12.7,28.4,29.17,0.228,Rain
2026-03-27,7:00 AM,37.3,35.4,93,N,12.0,26.4,29.21,0.016,Light Drizzle
2026-03-27,8:00 AM,37.3,34.0,88,N,11.2,25.5,29.25,0.0,Cloudy
2026-03-27,9:00 AM,36.5,32.1,84,N,10.6,24.2,29.28,0.0,Cloudy
2026-03-27,10:00 AM,36.6,30.6,79,N,10.1,23.0,29.32,0.0,Cloudy
2026-03-27,11:00 AM,36.7,28.8,73,N,9.6,22.4,29.34,0.0,Cloudy
2026-03-27,12:00 PM,37.3,27.9,68,N,9.4,22.1,29.35,0.0,Cloudy
2026-03-27,1:00 PM,39.3,27.0,61,N,7.7,21.9,29.34,0.0,Cloudy
2026-03-27,2:00 PM,42.4,26.9,54,NNE,7.3,19.7,29.34,0.0,Partly Cloudy
2026-03-27,3:00 PM,45.2,28.0,51,N,5.1,18.6,29.32,0.0,Fair
2026-03-27,4:00 PM,46.8,28.4,49,NNW,3.9,15.0,29.31,0.0,Fair
2026-03-27,5:00 PM,46.8,27.9,48,NW,6.8,17.0,29.32,0.0,Fair
2026-03-27,6:00 PM,45.0,26.9,49,NW,8.6,19.7,29.34,0.0,Fair
2026-03-27,7:00 PM,42.9,27.2,54,NW,9.4,21.3,29.37,0.0,Fair
2026-03-27,8:00 PM,40.1,28.0,62,NW,13.7,25.5,29.41,0.0,Cloudy
2026-03-27,9:00 PM,35.8,21.0,55,NNW,9.3,31.8,29.45,0.0,Fair
2026-03-27,10:00 PM,33.1,18.5,55,NW,10.4,21.7,29.49,0.0,Fair
2026-03-27,11:00 PM,30.8,18.4,60,NW,8.1,21.9,29.53,0.0,Fair
2026-03-28,12:00 AM,30.1,20.2,66,NW,6.4,17.0,29.54,0.0,Cloudy
2026-03-28,1:00 AM,30.5,21.0,68,NW,6.0,13.9,29.55,0.0,Fair
2026-03-28,2:00 AM,29.7,21.7,72,WNW,5.6,12.8,29.56,0.0,Fair
2026-03-28,3:00 AM,28.7,22.2,76,WNW,5.6,11.2,29.57,0.0,Cloudy
2026-03-28,4:00 AM,30.0,22.8,74,WNW,4.1,11.9,29.58,0.0,Cloudy
2026-03-28,5:00 AM,29.9,23.6,77,WNW,5.8,11.4,29.59,0.0,Cloudy
2026-03-28,6:00 AM,30.7,24.1,76,NW,8.4,17.2,29.62,0.008,Light Snow
2026-03-28,7:00 AM,29.6,24.0,79,NW,6.6,17.7,29.65,0.004,Light Snow
2026-03-28,8:00 AM,28.9,23.2,79,NW,5.2,13.6,29.7,0.0,Fair
2026-03-28,9:00 AM,30.9,21.6,68,NNW,4.3,11.4,29.71,0.0,Fair
2026-03-28,10:00 AM,33.6,19.4,56,NW,7.2,17.4,29.74,0.0,Partly Cloudy
2026-03-28,11:00 AM,35.6,18.2,49,NW,7.9,19.9,29.75,0.0,Cloudy
2026-03-28,12:00 PM,37.0,18.5,47,NW,9.0,21.9,29.75,0.0,Partly Cloudy
2026-03-28,1:00 PM,38.8,18.7,44,NW,8.6,22.4,29.73,0.0,Fair
2026-03-28,2:00 PM,39.7,19.4,44,WNW,7.6,22.1,29.72,0.0,Partly Cloudy
2026-03-28,3:00 PM,41.7,19.9,41,WNW,7.3,19.7,29.71,0.0,Fair
2026-03-28,4:00 PM,41.9,20.1,41,WNW,7.4,19.5,29.69,0.0,Fair
2026-03-28,5:00 PM,42.2,20.6,42,WNW,6.7,19.0,29.67,0.0,Fair
2026-03-28,6:00 PM,41.6,19.9,42,WNW,6.0,17.0,29.66,0.0,Fair
2026-03-28,7:00 PM,40.1,21.2,46,W,4.0,14.3,29.65,0.0,Fair
2026-03-28,8:00 PM,37.2,24.6,60,WNW,3.1,8.1,29.64,0.0,Fair
2026-03-28,9:00 PM,36.9,25.3,63,NW,1.2,5.1,29.65,0.0,Fair
2026-03-28,10:00 PM,35.8,25.3,65,SSE,0.3,2.2,29.65,0.0,Fair
2026-03-28,11:00 PM,33.7,26.4,74,S,1.8,3.1,29.64,0.0,Fair
2026-03-29,12:00 AM,32.7,26.7,78,SSE,1.3,3.1,29.64,0.0,Fair
2026-03-29,1:00 AM,31.6,26.7,82,SSE,2.6,4.5,29.62,0.0,Fair
2026-03-29,2:00 AM,32.0,26.0,78,S,5.0,7.6,29.62,0.0,Fair
2026-03-29,3:00 AM,31.9,25.0,75,S,5.4,9.8,29.6,0.0,Partly Cloudy
2026-03-29,4:00 AM,31.7,24.0,73,S,5.8,10.3,29.6,0.0,Cloudy
2026-03-29,5:00 AM,31.0,23.2,72,S,6.5,11.9,29.59,0.0,Cloudy
2026-03-29,6:00 AM,31.3,22.7,70,S,6.5,12.1,29.58,0.0,Cloudy
2026-03-29,7:00 AM,31.6,22.6,69,SSW,5.5,12.1,29.58,0.0,Cloudy
2026-03-29,8:00 AM,34.4,23.4,64,SSW,6.2,10.3,29.59,0.0,Cloudy
2026-03-29,9:00 AM,37.9,25.0,59,S,4.5,11.6,29.59,0.0,Cloudy
2026-03-29,10:00 AM,42.9,25.4,50,SSW,5.6,13.9,29.59,0.0,Cloudy
2026-03-29,11:00 AM,47.7,26.4,43,SSW,7.0,17.2,29.57,0.0,Cloudy
2026-03-29,12:00 PM,51.8,27.5,39,SSW,8.1,19.9,29.55,0.0,Partly Cloudy
2026-03-29,1:00 PM,55.5,28.8,36,SSW,8.5,20.8,29.52,0.0,Partly Cloudy
2026-03-29,2:00 PM,58.7,27.2,30,SW,7.0,20.8,29.48,0.0,Partly Cloudy
2026-03-29,3:00 PM,60.6,27.7,28,SW,8.3,19.9,29.45,0.0,Cloudy
2026-03-29,4:00 PM,61.1,28.9,29,SW,9.3,20.8,29.42,0.0,Cloudy
2026-03-29,5:00 PM,58.7,31.6,36,SW,7.2,21.3,29.4,0.0,Cloudy
2026-03-29,6:00 PM,58.3,33.9,40,SW,5.4,15.2,29.39,0.0,Cloudy
2026-03-29,7:00 PM,55.6,36.2,48,SSW,4.6,11.4,29.37,0.0,Cloudy
2026-03-29,8:00 PM,53.7,34.9,49,SSW,4.4,10.1,29.35,0.0,Cloudy
2026-03-29,9:00 PM,52.5,35.2,52,SSW,5.8,10.7,29.34,0.0,Cloudy
2026-03-29,10:00 PM,51.8,34.8,52,SSW,6.1,11.4,29.32,0.0,Cloudy
2026-03-29,11:00 PM,50.3,34.2,54,SSW,6.6,11.9,29.32,0.0,Cloudy
2026-03-30,12:00 AM,49.9,33.9,54,SSW,7.0,15.9,29.32,0.0,Cloudy
2026-03-30,1:00 AM,50.5,35.1,55,SW,7.4,14.5,29.34,0.0,Cloudy
2026-03-30,2:00 AM,51.3,35.7,55,SSW,7.1,15.2,29.32,0.0,Cloudy
2026-03-30,3:00 AM,50.7,36.1,57,SW,7.2,13.9,29.32,0.0,Cloudy
2026-03-30,4:00 AM,50.9,37.0,59,SSW,8.5,16.8,29.3,0.0,Cloudy
2026-03-30,5:00 AM,53.2,37.0,54,SSW,10.6,21.5,29.31,0.0,Cloudy
2026-03-30,6:00 AM,53.9,38.6,56,SW,10.7,21.9,29.31,0.0,Cloudy
2026-03-30,7:00 AM,53.7,40.5,61,SW,11.5,23.5,29.32,0.0,Cloudy
2026-03-30,8:00 AM,54.1,34.8,48,SSW,9.9,23.7,29.32,0.0,Cloudy
2026-03-30,9:00 AM,55.8,37.7,51,SSW,11.0,22.6,29.32,0.0,Cloudy
2026-03-30,10:00 AM,58.6,42.8,56,SSW,10.0,23.0,29.32,0.0,Fair
2026-03-30,11:00 AM,62.6,46.4,55,SW,14.1,30.6,29.32,0.0,Fair
2026-03-30,12:00 PM,64.8,48.8,56,SW,14.2,31.8,29.31,0.0,Fair
2026-03-30,1:00 PM,67.5,50.1,54,WSW,14.8,31.8,29.29,0.0,Cloudy
2026-03-30,2:00 PM,66.0,49.1,54,SW,13.5,33.3,29.28,0.0,Cloudy
2026-03-30,3:00 PM,67.2,49.9,54,SW,13.1,29.3,29.26,0.0,Cloudy
2026-03-30,4:00 PM,67.6,51.5,56,SW,10.6,28.2,29.24,0.0,Cloudy
2026-03-30,5:00 PM,66.7,53.0,61,SW,9.7,22.8,29.23,0.0,Cloudy
2026-03-30,6:00 PM,64.1,54.9,72,SSW,10.2,21.3,29.21,0.004,Light Drizzle
2026-03-30,7:00 PM,64.7,54.6,70,SW,11.5,23.7,29.21,0.0,Partly Cloudy
2026-03-30,8:00 PM,59.5,55.3,86,SSW,4.3,23.9,29.21,0.0,Cloudy
2026-03-30,9:00 PM,59.4,55.6,87,SSW,8.8,15.7,29.19,0.0,Fair
2026-03-30,10:00 PM,60.4,54.3,80,SSW,11.3,21.0,29.2,0.0,Fair
2026-03-30,11:00 PM,62.1,53.3,73,SSW,11.7,23.9,29.2,0.0,Fair
2026-03-31,12:00 AM,62.1,53.1,72,SSW,12.2,24.6,29.2,0.0,Fair
2026-03-31,1:00 AM,61.8,52.7,72,SW,13.0,26.6,29.18,0.0,Fair
2026-03-31,2:00 AM,64.5,52.3,65,SW,13.9,27.7,29.17,0.0,Partly Cloudy
2026-03-31,3:00 AM,63.3,52.1,67,SW,13.2,28.0,29.17,0.0,Cloudy
2026-03-31,4:00 AM,63.2,52.4,68,SW,12.7,27.1,29.2,0.0,Cloudy
2026-03-31,5:00 AM,63.2,53.1,69,SW,12.8,26.4,29.2,0.0,Cloudy
2026-03-31,6:00 AM,62.6,53.3,72,SW,13.3,27.5,29.2,0.0,Cloudy
2026-03-31,7:00 AM,61.2,53.6,76,SW,13.1,27.5,29.21,0.0,Cloudy
2026-03-31,8:00 AM,63.4,54.6,73,SW,14.3,27.3,29.2,0.0,Cloudy
2026-03-31,9:00 AM,65.3,55.4,70,SW,11.7,29.5,29.21,0.0,Fair
2026-03-31,10:00 AM,67.4,55.7,66,SW,13.9,29.8,29.19,0.0,Cloudy
2026-03-31,11:00 AM,69.5,56.0,62,SW,17.6,36.7,29.18,0.0,Cloudy
2026-03-31,12:00 PM,72.1,56.5,58,WSW,18.6,41.6,29.16,0.0,Cloudy
2026-03-31,1:00 PM,71.1,57.3,62,SW,14.7,39.1,29.16,0.0,Cloudy
2026-03-31,2:00 PM,74.8,56.1,52,SW,17.9,37.1,29.12,0.0,Cloudy
2026-03-31,3:00 PM,76.0,55.4,49,SW,17.3,38.9,29.1,0.0,Cloudy
2026-03-31,4:00 PM,76.6,54.1,46,SW,17.9,39.4,29.09,0.0,Cloudy
2026-03-31,5:00 PM,76.2,53.2,45,WSW,16.9,39.1,29.08,0.0,Cloudy
2026-03-31,6:00 PM,75.8,51.9,43,SW,14.9,35.8,29.07,0.0,Cloudy
2026-03-31,7:00 PM,73.0,52.3,48,SW,11.9,31.5,29.07,0.0,Cloudy
2026-03-31,8:00 PM,72.1,53.0,51,SW,9.9,24.6,29.02,0.0,Cloudy
2026-03-31,9:00 PM,69.4,52.8,56,SW,8.6,18.6,29.05,0.0,Cloudy
2026-03-31,10:00 PM,68.1,53.0,58,W,11.4,28.0,29.1,0.012,Light Drizzle
2026-03-31,11:00 PM,61.3,58.1,89,NW,7.8,28.2,29.13,0.185,Rain
2026-07-03,12:00 AM,78.2,74.2,88,SSW,4.7,9.4,29.27,0.0,Fair
2026-07-03,1:00 AM,77.3,74.3,91,SW,3.7,8.1,29.27,0.0,Fair
2026-07-03,2:00 AM,76.1,74.2,94,WSW,3.1,6.3,29.28,0.0,Fair
2026-07-03,3:00 AM,76.0,73.7,92,SW,3.9,6.7,29.27,0.0,Fair
2026-07-03,4:00 AM,75.6,73.0,92,SW,4.0,6.9,29.27,0.0,Fair
2026-07-03,5:00 AM,75.0,72.4,92,WSW,3.4,6.9,29.27,0.0,Fair
2026-07-03,6:00 AM,74.8,72.3,92,WSW,4.3,7.2,29.28,0.0,Fair
2026-07-03,7:00 AM,76.8,73.4,89,SW,4.9,9.2,29.29,0.0,Fair
2026-07-03,8:00 AM,74.1,72.2,94,W,3.2,9.2,29.3,0.0,Fair
2026-07-03,9:00 AM,77.4,73.9,89,SW,2.0,9.2,29.31,0.0,Fair
2026-07-03,10:00 AM,81.8,75.4,81,SSW,2.8,9.2,29.3,0.0,Fair
2026-07-03,11:00 AM,86.1,74.7,69,SSW,3.5,11.2,29.29,0.0,Fair
2026-07-03,12:00 PM,89.3,72.0,57,SW,4.3,12.5,29.3,0.0,Fair
2026-07-03,1:00 PM,91.6,70.0,49,W,5.5,14.8,29.28,0.0,Fair
2026-07-03,2:00 PM,92.4,70.4,49,WSW,5.6,17.4,29.28,0.0,Fair
2026-07-03,3:00 PM,92.3,70.1,48,SW,5.7,16.1,29.26,0.0,Partly Cloudy
2026-07-03,4:00 PM,91.1,70.0,50,NW,8.6,19.2,29.25,0.0,Partly Cloudy
2026-07-03,5:00 PM,86.9,72.9,63,SSW,7.9,23.5,29.22,0.031,Drizzle
2026-07-03,6:00 PM,82.2,73.9,76,SW,5.9,19.0,29.23,0.02,Drizzle
2026-07-03,7:00 PM,80.5,73.5,79,SW,4.3,13.2,29.22,0.0,Cloudy
2026-07-03,8:00 PM,80.0,77.3,91,SSE,4.2,9.2,29.22,0.0,Cloudy
2026-07-03,9:00 PM,78.0,74.8,90,SW,3.2,8.1,29.21,0.0,Cloudy
2026-07-03,10:00 PM,76.3,73.0,90,W,7.4,9.6,29.24,0.0,Partly Cloudy
2026-07-03,11:00 PM,76.1,70.1,82,WNW,5.6,24.8,29.26,0.0,Fair
2026-07-04,12:00 AM,73.9,69.4,86,SW,1.8,10.3,29.22,0.000,Fair
2026-07-04,1:00 AM,73.1,68.8,86,W,0.1,3.4,29.20,0.000,Fair
2026-07-04,2:00 AM,70.4,69.3,96,SSE,4.2,8.9,29.23,0.000,Fair
2026-07-04,3:00 AM,69.9,68.7,96,SW,1.3,7.2,29.23,0.000,Partly Cloudy
2026-07-04,4:00 AM,69.6,68.8,97,S,3.4,5.6,29.21,0.000,Partly Cloudy
2026-07-04,5:00 AM,70.3,69.5,97,SSW,5.2,13.4,29.22,0.000,Partly Cloudy
2026-07-04,6:00 AM,70.3,69.1,96,SW,1.2,8.9,29.19,0.000,Fair
2026-07-04,7:00 AM,71.8,69.9,94,SSW,4.6,8.9,29.19,0.000,Fair
2026-07-04,8:00 AM,73.0,72.1,97,SSW,3.6,8.1,29.21,0.000,Fair
2026-07-04,9:00 AM,77.5,74.4,90,SW,2.2,9.4,29.22,0.000,Fair
2026-07-04,10:00 AM,80.4,73.4,79,WNW,7.0,14.1,29.23,0.000,Partly Cloudy
2026-07-04,11:00 AM,80.0,72.8,79,SSW,2.9,24.4,29.21,0.024,Drizzle
2026-07-04,12:00 PM,83.3,73.3,72,SSW,3.9,13.0,29.20,0.000,Fair
2026-07-04,1:00 PM,87.0,71.5,60,SSW,5.3,14.8,29.18,0.000,Cloudy
2026-07-04,2:00 PM,86.5,69.5,57,S,6.8,17.0,29.18,0.000,Cloudy
2026-07-04,3:00 PM,87.6,70.6,57,SW,1.7,15.0,29.13,0.004,Light Drizzle
2026-07-04,4:00 PM,76.3,74.5,94,NW,7.7,26.2,29.18,0.177,Rain
2026-07-04,5:00 PM,74.8,73.9,97,ESE,0.3,18.1,29.14,0.154,Rain
2026-07-04,6:00 PM,77.5,75.5,94,SSW,2.8,9.2,29.13,0.008,Light Drizzle
2026-07-04,7:00 PM,78.9,75.1,88,SW,3.6,9.4,29.12,0.000,Partly Cloudy
2026-07-04,8:00 PM,73.3,72.8,98,SE,5.1,8.9,29.15,0.000,Partly Cloudy
2026-07-04,9:00 PM,72.1,71.3,97,S,5.4,11.9,29.14,0.012,Light Drizzle
2026-07-04,10:00 PM,71.7,71.0,98,SSE,5.8,10.3,29.14,0.000,Cloudy
2026-07-04,11:00 PM,72.0,71.0,97,S,6.2,12.3,29.15,0.000,Cloudy
2026-07-05,12:00 AM,71.6,70.6,97,S,3.2,11.0,29.14,0.000,Fair
2026-07-05,1:00 AM,70.5,69.6,97,S,3.5,6.3,29.13,0.000,Fair
2026-07-05,2:00 AM,69.6,69.1,98,S,4.4,6.5,29.11,0.000,Fair
2026-07-05,3:00 AM,69.2,68.5,98,SSW,4.7,9.8,29.10,0.000,Fair
2026-07-05,4:00 AM,68.6,68.0,98,S,3.3,8.7,29.10,0.000,Fair
2026-07-05,5:00 AM,68.4,67.8,98,S,3.3,6.0,29.11,0.000,Partly Cloudy
2026-07-05,6:00 AM,68.3,67.7,98,S,3.0,6.3,29.12,0.000,Cloudy
2026-07-05,7:00 AM,69.8,69.2,98,SSE,3.0,5.1,29.12,0.000,Cloudy
2026-07-05,8:00 AM,69.4,68.8,98,NE,6.0,12.8,29.15,0.083,Light Rain
2026-07-05,9:00 AM,71.8,71.2,98,SE,3.5,10.7,29.13,0.039,Drizzle
2026-07-05,10:00 AM,76.4,73.2,90,S,4.0,12.5,29.13,0.000,Cloudy
2026-07-05,11:00 AM,79.0,72.1,79,S,2.6,11.0,29.13,0.000,Cloudy
2026-07-05,12:00 PM,81.8,71.4,71,SW,2.5,10.5,29.12,0.000,Cloudy
2026-07-05,1:00 PM,84.0,71.0,65,S,2.9,10.3,29.12,0.000,Cloudy
2026-07-05,2:00 PM,75.8,73.0,91,NE,0.9,13.9,29.13,0.000,Cloudy
2026-07-05,3:00 PM,78.3,73.7,86,W,1.7,9.2,29.11,0.016,Light Drizzle
2026-07-05,4:00 PM,76.2,74.2,94,W,3.1,9.4,29.10,0.067,Light Rain
2026-07-05,5:00 PM,77.8,74.0,88,NE,0.9,9.4,29.09,0.008,Light Drizzle
2026-07-05,6:00 PM,77.6,73.9,88,E,1.4,6.5,29.09,0.000,Fair
2026-07-05,7:00 PM,78.4,74.0,87,E,1.9,7.6,29.07,0.004,Light Drizzle
2026-07-05,8:00 PM,74.1,70.4,88,ENE,5.2,6.7,29.10,0.000,Fair
2026-07-05,9:00 PM,72.1,70.3,94,E,3.4,9.8,29.10,0.000,Fair
2026-07-05,10:00 PM,71.1,69.8,96,SSE,4.6,8.1,29.10,0.000,Fair
2026-07-05,11:00 PM,70.6,69.4,96,SSE,3.2,8.7,29.11,0.000,Fair
2026-07-06,12:00 AM,70.4,69.2,96,E,0.7,5.6,29.11,0.0,Fair
2026-07-06,1:00 AM,69.6,69.0,98,NE,4.7,11.9,29.12,0.004,Light Drizzle
2026-07-06,2:00 AM,68.2,68.0,99,SE,4.6,8.7,29.1,0.004,Light Drizzle
2026-07-06,3:00 AM,68.6,68.1,98,ENE,1.3,7.6,29.09,0.0,Fair
2026-07-06,4:00 AM,68.0,67.6,98,SE,3.0,5.1,29.1,0.0,Partly Cloudy
2026-07-06,5:00 AM,68.2,67.7,98,SE,2.6,6.0,29.11,0.0,Partly Cloudy
2026-07-06,6:00 AM,67.9,67.4,98,SSE,2.2,4.7,29.12,0.0,Partly Cloudy
2026-07-06,7:00 AM,69.3,68.7,98,SSW,3.1,5.8,29.13,0.0,Cloudy
2026-07-06,8:00 AM,70.8,70.1,98,E,0.9,7.4,29.14,0.0,Partly Cloudy
2026-07-06,9:00 AM,73.6,71.1,92,E,1.9,7.4,29.16,0.004,Light Drizzle
2026-07-06,10:00 AM,76.8,71.5,84,SSE,2.5,10.5,29.16,0.004,Light Drizzle
2026-07-06,11:00 AM,79.6,72.1,78,S,1.5,11.2,29.15,0.0,Fair
2026-07-06,12:00 PM,82.2,70.7,68,SW,2.1,10.3,29.15,0.008,Light Drizzle
2026-07-06,1:00 PM,80.0,72.9,79,WNW,1.4,10.1,29.15,0.016,Light Drizzle
2026-07-06,2:00 PM,82.9,70.7,67,W,3.0,16.3,29.16,0.012,Light Drizzle
2026-07-06,3:00 PM,81.0,71.6,73,SW,3.4,11.6,29.12,0.016,Light Drizzle
2026-07-06,4:00 PM,83.1,72.0,69,WSW,2.2,12.5,29.12,0.004,Light Drizzle
2026-07-06,5:00 PM,77.5,72.7,85,WSW,3.3,14.5,29.11,0.055,Light Rain
2026-07-06,6:00 PM,79.3,72.5,80,WSW,1.7,10.1,29.13,0.004,Light Drizzle
2026-07-06,7:00 PM,75.4,72.0,89,NW,6.4,12.8,29.13,0.051,Light Rain
2026-07-06,8:00 PM,75.2,73.9,96,W,0.4,13.6,29.13,0.028,Drizzle
2026-07-06,9:00 PM,74.3,73.0,96,WSW,0.5,3.4,29.14,0.0,Cloudy
2026-07-06,10:00 PM,74.0,72.7,96,WNW,1.3,2.5,29.15,0.0,Partly Cloudy
2026-07-06,11:00 PM,72.8,72.3,98,N,5.4,9.6,29.16,0.0,Partly Cloudy
2026-07-07,12:00 AM,71.3,71.2,100,NE,4.5,10.1,29.16,0.0,Partly Cloudy
2026-07-07,1:00 AM,70.5,70.3,99,ENE,2.0,8.5,29.16,0.0,Fair
2026-07-07,2:00 AM,71.3,71.1,99,ENE,0.8,3.1,29.15,0.0,Fair
2026-07-07,3:00 AM,70.3,70.2,99,SSE,1.9,3.4,29.14,0.0,Cloudy
2026-07-07,4:00 AM,70.3,70.3,100,S,1.9,6.0,29.14,0.0,Cloudy
2026-07-07,5:00 AM,70.4,70.4,100,SW,1.5,4.0,29.14,0.0,Cloudy
2026-07-07,6:00 AM,70.8,70.8,100,WSW,2.2,5.6,29.16,0.0,Cloudy
2026-07-07,7:00 AM,71.3,71.3,100,WNW,4.0,9.4,29.18,0.0,Cloudy
2026-07-07,8:00 AM,69.4,68.8,98,SW,1.7,11.4,29.19,0.004,Light Drizzle
2026-07-07,9:00 AM,72.1,69.9,93,NNW,3.0,8.9,29.2,0.004,Light Drizzle
2026-07-07,10:00 AM,75.1,70.6,86,N,2.6,9.4,29.2,0.004,Light Drizzle
2026-07-07,11:00 AM,78.3,70.2,76,NNW,3.2,10.5,29.2,0.008,Light Drizzle
2026-07-07,12:00 PM,80.5,69.3,69,NW,3.4,12.5,29.2,0.008,Light Drizzle
2026-07-07,1:00 PM,81.2,68.7,66,NW,3.9,12.3,29.19,0.016,Light Drizzle
2026-07-07,2:00 PM,83.7,69.3,62,N,2.5,12.8,29.2,0.02,Drizzle
2026-07-07,3:00 PM,83.2,69.6,64,NNW,4.2,13.4,29.18,0.004,Light Drizzle
2026-07-07,4:00 PM,83.6,69.4,62,NNW,5.2,14.5,29.17,0.0,Fair
2026-07-07,5:00 PM,83.4,69.4,63,N,5.3,15.0,29.16,0.0,Partly Cloudy
2026-07-07,6:00 PM,82.7,68.9,63,N,5.7,14.1,29.15,0.0,Cloudy
2026-07-07,7:00 PM,81.2,68.5,65,NNE,5.5,13.9,29.14,0.0,Partly Cloudy
2026-07-07,8:00 PM,77.6,70.0,77,N,7.0,11.2,29.16,0.0,Fair
2026-07-07,9:00 PM,74.8,70.3,86,NE,4.8,13.2,29.19,0.008,Light Drizzle
2026-07-07,10:00 PM,73.3,70.3,90,N,6.5,12.1,29.2,0.008,Light Drizzle
2026-07-07,11:00 PM,72.7,70.8,94,NNE,3.8,12.1,29.2,0.0,Fair
2026-07-08,12:00 AM,71.9,70.6,96,NNW,2.6,6.7,29.19,0.0,Fair
2026-07-08,1:00 AM,71.3,70.4,97,NNW,3.5,6.0,29.19,0.0,Fair
2026-07-08,2:00 AM,71.2,70.7,98,NNW,6.7,10.3,29.19,0.0,Fair
2026-07-08,3:00 AM,70.3,69.8,98,NNE,4.3,12.8,29.2,0.0,Partly Cloudy
2026-07-08,4:00 AM,69.9,69.5,99,N,3.5,8.1,29.19,0.0,Cloudy
2026-07-08,5:00 AM,69.2,69.1,100,N,2.8,6.7,29.19,0.0,Cloudy
2026-07-08,6:00 AM,69.0,68.9,100,N,2.1,5.4,29.18,0.0,Cloudy
2026-07-08,7:00 AM,69.7,69.5,99,NNW,3.4,8.1,29.19,0.0,Cloudy
2026-07-08,8:00 AM,71.2,69.3,94,N,3.0,9.2,29.22,0.0,Cloudy
2026-07-08,9:00 AM,74.6,70.1,86,N,1.6,8.1,29.23,0.0,Partly Cloudy
2026-07-08,10:00 AM,78.4,70.3,76,NW,2.3,8.7,29.23,0.0,Fair
2026-07-08,11:00 AM,81.0,69.9,69,NW,3.5,11.2,29.23,0.004,Light Drizzle
2026-07-08,12:00 PM,83.1,67.5,59,NW,4.4,13.0,29.23,0.0,Fair
2026-07-08,1:00 PM,84.6,66.3,54,NW,4.3,13.2,29.21,0.0,Fair
2026-07-08,2:00 PM,85.9,65.1,50,NNW,4.5,13.0,29.2,0.0,Fair
2026-07-08,3:00 PM,86.3,64.8,49,NNW,4.3,13.0,29.18,0.0,Fair
2026-07-08,4:00 PM,86.8,64.1,47,NNW,4.5,12.8,29.16,0.0,Fair
2026-07-08,5:00 PM,86.3,64.1,48,N,5.3,13.2,29.15,0.0,Fair
2026-07-08,6:00 PM,85.1,63.9,49,N,5.5,13.6,29.14,0.0,Fair
2026-07-08,7:00 PM,82.9,65.4,56,N,5.0,13.0,29.13,0.0,Fair
2026-07-08,8:00 PM,80.4,68.7,68,N,3.3,9.8,29.14,0.0,Fair
2026-07-08,9:00 PM,77.6,66.5,69,NNE,1.6,5.4,29.13,0.0,Fair
2026-07-08,10:00 PM,76.1,66.9,73,N,0.6,2.7,29.13,0.0,Fair
2026-07-08,11:00 PM,74.7,67.0,77,NNW,0.4,1.3,29.14,0.0,Partly Cloudy
2026-07-09,12:00 AM,73.0,67.6,83,N,0.7,1.6,29.13,0.0,Fair
2026-07-09,1:00 AM,72.1,67.6,86,S,0.2,1.3,29.13,0.0,Fair
2026-07-09,2:00 AM,71.1,67.0,87,NNE,1.2,2.5,29.13,0.0,Fair
2026-07-09,3:00 AM,71.0,66.7,87,ENE,0.9,2.0,29.11,0.0,Fair
2026-07-09,4:00 AM,69.7,66.6,90,SSE,2.6,4.3,29.12,0.0,Partly Cloudy
2026-07-09,5:00 AM,69.7,66.8,91,S,1.9,4.7,29.11,0.0,Cloudy
2026-07-09,6:00 AM,69.5,67.0,92,SSE,3.0,4.5,29.11,0.0,Cloudy
2026-07-09,7:00 AM,71.1,69.7,96,SSW,5.2,11.0,29.11,0.0,Fair
2026-07-09,8:00 AM,73.7,70.2,89,SSW,4.1,11.9,29.13,0.0,Cloudy
2026-07-09,9:00 AM,75.5,70.6,85,SSW,5.1,12.5,29.13,0.0,Partly Cloudy
2026-07-09,10:00 AM,79.8,70.3,73,SW,4.4,12.5,29.12,0.0,Fair
2026-07-09,11:00 AM,82.0,67.5,62,WSW,5.1,13.9,29.12,0.004,Light Drizzle
2026-07-09,12:00 PM,81.3,67.9,64,SW,6.5,16.3,29.12,0.004,Light Drizzle
2026-07-09,1:00 PM,82.5,67.8,61,SW,7.2,17.4,29.1,0.004,Light Drizzle
2026-07-09,2:00 PM,84.2,66.5,55,WSW,4.5,18.3,29.1,0.004,Light Drizzle
2026-07-09,3:00 PM,84.7,66.3,54,W,7.1,18.3,29.08,0.0,Partly Cloudy
2026-07-09,4:00 PM,83.2,67.5,59,WSW,8.8,21.0,29.07,0.012,Light Drizzle
2026-07-09,5:00 PM,83.3,67.5,59,WSW,8.5,21.5,29.06,0.008,Light Drizzle
2026-07-09,6:00 PM,83.5,66.5,57,W,7.6,20.4,29.05,0.004,Light Drizzle
2026-07-09,7:00 PM,82.6,66.4,58,WSW,6.3,17.4,29.05,0.008,Light Drizzle
2026-07-09,8:00 PM,80.8,70.0,70,SSW,2.9,15.7,29.05,0.0,Fair
2026-07-09,9:00 PM,75.7,70.0,83,SSW,8.1,15.4,29.06,0.0,Fair
2026-07-09,10:00 PM,73.4,69.8,89,SW,6.1,16.8,29.08,0.0,Partly Cloudy
2026-07-09,11:00 PM,73.1,69.9,90,SE,0.3,11.4,29.1,0.016,Light Drizzle
2026-07-10,12:00 AM,71.8,70.7,96,S,4.4,7.6,29.09,0.0,Partly Cloudy
2026-07-10,1:00 AM,71.3,70.6,98,SSW,5.6,11.0,29.08,0.0,Cloudy
2026-07-10,2:00 AM,70.3,69.8,98,ENE,0.5,11.6,29.08,0.0,Cloudy
2026-07-10,3:00 AM,70.9,70.7,99,SSW,4.4,8.1,29.06,0.008,Light Drizzle
2026-07-10,4:00 AM,70.5,70.3,99,SW,7.4,14.8,29.06,0.0,Partly Cloudy
2026-07-10,5:00 AM,69.4,68.9,98,SW,6.5,14.1,29.07,0.0,Cloudy
2026-07-10,6:00 AM,69.5,69.3,99,SW,5.4,12.3,29.08,0.0,Cloudy
2026-07-10,7:00 AM,70.3,70.1,99,SW,5.8,10.5,29.08,0.004,Light Drizzle
2026-07-10,8:00 AM,71.7,70.5,96,SSW,1.9,13.6,29.09,0.004,Light Drizzle
2026-07-10,9:00 AM,73.5,71.7,94,SSW,4.4,9.8,29.09,0.008,Light Drizzle
2026-07-10,10:00 AM,73.9,72.0,94,SW,5.5,11.2,29.11,0.016,Light Drizzle
2026-07-10,11:00 AM,74.6,70.4,87,SW,8.1,18.6,29.11,0.031,Drizzle
2026-07-10,12:00 PM,74.9,69.7,84,SW,5.7,18.1,29.11,0.012,Light Drizzle
2026-07-10,1:00 PM,77.6,69.7,77,SW,6.3,19.0,29.1,0.004,Light Drizzle
2026-07-10,2:00 PM,73.9,72.1,94,NW,1.5,17.9,29.1,0.004,Light Drizzle
2026-07-10,3:00 PM,74.4,72.1,92,NNE,3.0,14.5,29.1,0.142,Rain
2026-07-10,4:00 PM,73.8,72.5,96,WSW,2.6,10.1,29.1,0.268,Rain
2026-07-10,5:00 PM,75.6,73.2,92,WSW,2.3,8.7,29.09,0.031,Drizzle
2026-07-10,6:00 PM,74.8,71.9,91,SW,5.3,14.1,29.09,0.024,Drizzle
2026-07-10,7:00 PM,74.7,72.6,93,SSW,2.3,13.6,29.08,0.012,Light Drizzle
2026-07-10,8:00 PM,72.0,70.6,96,E,1.9,7.8,29.09,0.0,Partly Cloudy
2026-07-10,9:00 PM,71.2,70.5,98,SSW,1.7,4.5,29.1,0.0,Fair
2026-07-10,10:00 PM,70.6,69.9,98,SSW,2.3,4.3,29.11,0.0,Cloudy
2026-07-10,11:00 PM,70.7,69.5,96,WNW,1.7,4.5,29.13,0.0,Cloudy
2026-07-11,12:00 AM,70.3,69.0,96,NW,1.3,3.6,29.13,0.0,Partly Cloudy
2026-07-11,1:00 AM,70.0,68.6,95,N,0.7,2.5,29.14,0.0,Cloudy
2026-07-11,2:00 AM,69.2,69.1,100,NNE,1.4,1.6,29.13,0.0,Cloudy
2026-07-11,3:00 AM,69.1,69.0,100,S,1.7,4.3,29.13,0.0,Cloudy
2026-07-11,4:00 AM,69.1,69.0,100,NW,0.9,4.0,29.12,0.0,Cloudy
2026-07-11,5:00 AM,69.0,68.9,100,NNW,1.0,4.5,29.13,0.0,Cloudy
2026-07-11,6:00 AM,68.9,68.9,100,NE,0.2,2.9,29.14,0.0,Cloudy
2026-07-11,7:00 AM,69.1,69.0,100,SSE,0.3,2.9,29.14,0.0,Cloudy
2026-07-11,8:00 AM,70.3,69.5,97,WNW,0.5,5.4,29.18,0.0,Cloudy
2026-07-11,9:00 AM,72.1,70.3,94,NNW,0.9,5.6,29.18,0.0,Cloudy
2026-07-11,10:00 AM,74.6,71.7,91,N,1.6,7.2,29.19,0.004,Light Drizzle
2026-07-11,11:00 AM,77.1,71.6,83,NNE,2.1,8.9,29.19,0.004,Light Drizzle
2026-07-11,12:00 PM,80.3,70.3,71,WNW,1.3,8.9,29.2,0.004,Light Drizzle
2026-07-11,1:00 PM,76.5,68.9,77,W,2.6,9.2,29.19,0.004,Light Drizzle
2026-07-11,2:00 PM,81.0,68.4,66,WNW,1.4,16.1,29.19,0.039,Drizzle
2026-07-11,3:00 PM,81.3,68.8,66,S,0.8,8.3,29.18,0.0,Cloudy
2026-07-11,4:00 PM,79.3,68.5,70,SSW,3.5,10.7,29.18,0.0,Cloudy
2026-07-11,5:00 PM,78.4,69.4,74,W,3.1,12.1,29.17,0.012,Light Drizzle
2026-07-11,6:00 PM,74.8,68.5,81,NNE,6.0,13.4,29.18,0.028,Drizzle
2026-07-11,7:00 PM,75.3,70.0,84,NE,1.6,12.5,29.18,0.008,Light Drizzle
2026-07-11,8:00 PM,73.9,70.1,88,NW,3.3,5.6,29.2,0.0,Cloudy
2026-07-11,9:00 PM,71.7,71.2,98,S,3.4,7.4,29.2,0.075,Light Rain
2026-07-11,10:00 PM,71.5,71.0,98,SSW,1.5,7.4,29.23,0.0,Cloudy
2026-07-11,11:00 PM,71.0,70.3,98,W,2.6,4.3,29.24,0.004,Light Drizzle
2026-07-12,12:00 AM,70.9,70.2,98,NNW,4.9,8.5,29.23,0.0,Cloudy
2026-07-12,1:00 AM,70.3,68.9,95,NNE,6.5,11.6,29.23,0.0,Cloudy
2026-07-12,2:00 AM,69.9,68.5,95,N,6.4,11.9,29.23,0.0,Cloudy
2026-07-12,3:00 AM,68.2,67.1,96,NNE,6.0,11.6,29.23,0.0,Cloudy
2026-07-12,4:00 AM,67.4,66.6,97,NNE,5.1,11.0,29.23,0.0,Cloudy
2026-07-12,5:00 AM,67.0,66.4,98,NE,4.2,9.2,29.25,0.0,Cloudy
2026-07-12,6:00 AM,66.7,66.3,99,NNE,3.8,7.6,29.26,0.0,Partly Cloudy
2026-07-12,7:00 AM,67.8,67.5,99,NE,5.2,9.6,29.28,0.0,Cloudy
2026-07-12,8:00 AM,69.2,68.7,98,NE,3.7,11.6,29.3,0.0,Cloudy
2026-07-12,9:00 AM,71.9,70.5,96,NE,2.8,9.4,29.31,0.0,Cloudy
2026-07-12,10:00 AM,74.9,70.8,87,ENE,4.2,11.6,29.32,0.0,Partly Cloudy
2026-07-12,11:00 AM,79.1,69.4,72,E,3.7,12.5,29.32,0.0,Cloudy
2026-07-12,12:00 PM,82.0,67.9,62,ESE,3.1,11.6,29.32,0.004,Light Drizzle
2026-07-12,1:00 PM,83.8,67.0,57,ESE,2.9,11.4,29.31,0.004,Light Drizzle
2026-07-12,2:00 PM,85.4,65.4,51,ESE,4.5,11.6,29.31,0.008,Light Drizzle
2026-07-12,3:00 PM,84.4,63.6,50,E,3.8,13.2,29.29,0.0,Fair
2026-07-12,4:00 PM,84.9,61.1,45,ENE,2.1,11.6,29.28,0.0,Fair
2026-07-12,5:00 PM,85.8,59.6,41,NE,2.7,9.6,29.28,0.0,Fair
2026-07-12,6:00 PM,85.4,59.3,41,NE,4.1,9.8,29.28,0.0,Fair
2026-07-12,7:00 PM,83.1,62.8,50,NNE,4.8,10.1,29.27,0.0,Fair
2026-07-12,8:00 PM,79.7,73.0,80,ENE,2.0,10.5,29.27,0.0,Fair
2026-07-12,9:00 PM,76.7,70.5,81,NW,2.0,3.1,29.27,0.0,Fair
2026-07-12,10:00 PM,74.3,70.5,88,N,6.0,9.6,29.29,0.016,Light Drizzle
2026-07-12,11:00 PM,72.3,68.9,89,NNE,7.8,14.5,29.3,0.012,Light Drizzle
2026-07-13,12:00 AM,71.7,67.9,88,NE,5.5,14.1,29.3,0.0,Fair
2026-07-13,1:00 AM,71.1,66.7,86,E,6.4,11.4,29.3,0.0,Fair
2026-07-13,2:00 AM,70.3,66.5,88,ESE,6.5,11.9,29.29,0.0,Fair
2026-07-13,3:00 AM,69.6,67.5,93,SE,4.9,11.6,29.3,0.0,Fair
2026-07-13,4:00 AM,69.2,67.7,95,SSE,5.6,10.1,29.31,0.0,Cloudy
2026-07-13,5:00 AM,68.5,67.5,96,SSE,4.8,10.1,29.31,0.0,Partly Cloudy
2026-07-13,6:00 AM,68.0,67.1,97,S,3.8,8.5,29.32,0.0,Fair
2026-07-13,7:00 AM,69.3,68.1,96,S,4.3,7.6,29.34,0.0,Fair
2026-07-13,8:00 AM,72.0,67.8,87,S,2.8,9.6,29.36,0.0,Fair
2026-07-13,9:00 AM,75.3,68.9,81,SW,2.4,8.3,29.37,0.0,Partly Cloudy
2026-07-13,10:00 AM,78.9,68.9,72,SW,2.9,9.6,29.36,0.0,Cloudy
2026-07-13,11:00 AM,81.3,68.7,66,WSW,2.1,9.8,29.36,0.0,Cloudy
2026-07-13,12:00 PM,83.3,68.8,62,WSW,0.9,8.9,29.35,0.004,Light Drizzle
2026-07-13,1:00 PM,84.1,68.6,60,S,1.2,8.9,29.34,0.008,Light Drizzle
2026-07-13,2:00 PM,85.4,64.6,50,S,1.9,9.2,29.34,0.008,Light Drizzle
2026-07-13,3:00 PM,85.6,64.8,50,SSW,1.2,8.7,29.33,0.0,Partly Cloudy
2026-07-13,4:00 PM,86.3,64.2,48,W,0.2,7.4,29.31,0.0,Fair
2026-07-13,5:00 PM,86.0,63.6,47,N,2.5,8.5,29.31,0.0,Fair
2026-07-13,6:00 PM,84.5,64.7,52,N,4.0,10.5,29.31,0.004,Light Drizzle
2026-07-13,7:00 PM,82.2,68.2,63,NE,3.2,10.1,29.32,0.004,Light Drizzle
2026-07-13,8:00 PM,78.4,70.4,76,NNW,5.5,7.2,29.32,0.0,Fair
2026-07-13,9:00 PM,76.8,69.8,79,ENE,0.8,10.5,29.32,0.0,Fair
2026-07-13,10:00 PM,75.5,70.5,85,SE,1.5,3.8,29.34,0.0,Fair
2026-07-13,11:00 PM,74.5,70.6,88,N,1.4,2.5,29.35,0.0,Fair
2026-07-14,12:00 AM,74.2,70.6,89,NW,0.2,2.5,29.34,0.0,Fair
2026-07-14,1:00 AM,72.3,70.1,93,SW,2.2,4.0,29.33,0.0,Fair
2026-07-14,2:00 AM,70.2,68.9,96,WNW,2.7,4.0,29.33,0.0,Fair
2026-07-14,3:00 AM,69.6,67.8,94,W,2.8,5.8,29.33,0.0,Fair
2026-07-14,4:00 AM,69.3,67.1,93,WSW,2.8,5.1,29.33,0.0,Fair
2026-07-14,5:00 AM,68.8,66.7,93,WSW,2.7,4.9,29.33,0.0,Fair
2026-07-14,6:00 AM,68.3,66.7,95,SW,3.7,6.3,29.34,0.0,Fair
2026-07-14,7:00 AM,69.5,67.9,95,SW,4.4,8.3,29.34,0.0,Fair
2026-07-14,8:00 AM,72.8,69.2,88,WSW,3.6,8.5,29.36,0.0,Fair
2026-07-14,9:00 AM,77.0,70.4,80,WSW,3.9,10.5,29.38,0.0,Fair
2026-07-14,10:00 AM,80.8,70.4,71,W,4.7,13.0,29.37,0.0,Fair
2026-07-14,11:00 AM,83.5,69.4,63,WNW,4.9,14.1,29.37,0.0,Fair
2026-07-14,12:00 PM,85.6,68.5,57,WNW,4.2,13.9,29.36,0.0,Fair
2026-07-14,1:00 PM,87.5,67.6,52,W,3.6,12.8,29.36,0.0,Fair
2026-07-14,2:00 PM,88.5,66.9,49,WSW,4.5,13.6,29.36,0.0,Fair
2026-07-14,3:00 PM,88.9,66.2,47,WSW,6.4,17.0,29.34,0.0,Fair
2026-07-14,4:00 PM,89.2,65.3,45,WSW,6.6,17.4,29.32,0.0,Fair
2026-07-14,5:00 PM,89.3,65.3,45,WSW,6.4,17.0,29.3,0.0,Fair
2026-07-14,6:00 PM,88.8,66.4,48,WSW,6.5,15.9,29.29,0.0,Fair
2026-07-14,7:00 PM,87.3,67.8,53,WSW,6.2,15.0,29.27,0.0,Fair
2026-07-14,8:00 PM,82.9,70.7,67,WSW,5.6,13.2,29.28,0.0,Fair
2026-07-14,9:00 PM,79.6,69.2,70,SW,5.5,10.1,29.27,0.0,Fair
2026-07-14,10:00 PM,77.5,69.0,75,SW,5.3,10.1,29.28,0.0,Fair
2026-07-14,11:00 PM,75.7,69.0,80,SW,5.4,9.6,29.29,0.0,Fair
2026-07-15,12:00 AM,74.7,68.6,82,WSW,5.9,10.5,29.28,0.0,Fair
2026-07-15,1:00 AM,73.6,68.6,85,WSW,5.7,11.0,29.28,0.0,Fair
2026-07-15,2:00 AM,71.7,69.4,93,WSW,5.0,10.3,29.28,0.0,Fair
2026-07-15,3:00 AM,71.0,69.0,93,WSW,5.2,9.4,29.26,0.0,Fair
2026-07-15,4:00 AM,70.3,68.5,94,WSW,4.8,9.4,29.26,0.0,Fair
2026-07-15,5:00 AM,69.6,68.0,95,WSW,4.8,8.7,29.26,0.0,Fair
2026-07-15,6:00 AM,69.4,67.8,95,WSW,5.3,9.6,29.27,0.0,Fair
2026-07-15,7:00 AM,70.8,68.4,92,WSW,5.8,10.7,29.26,0.0,Fair
2026-07-15,8:00 AM,73.9,68.8,84,SW,4.5,11.4,29.27,0.0,Partly Cloudy
2026-07-15,9:00 AM,78.1,69.8,76,WSW,5.4,12.8,29.28,0.0,Partly Cloudy
2026-07-15,10:00 AM,82.0,71.0,69,W,6.7,16.3,29.27,0.0,Fair
2026-07-15,11:00 AM,85.1,71.9,65,W,7.3,18.1,29.26,0.0,Fair
2026-07-15,12:00 PM,87.9,71.3,58,W,7.1,18.3,29.25,0.0,Fair
2026-07-15,1:00 PM,90.5,70.3,52,W,7.5,19.0,29.23,0.0,Partly Cloudy
2026-07-15,2:00 PM,91.4,71.2,52,W,7.3,19.2,29.22,0.0,Fair
2026-07-15,3:00 PM,91.9,70.9,51,W,8.0,19.5,29.21,0.0,Fair
2026-07-15,4:00 PM,92.6,70.3,49,W,8.3,19.9,29.19,0.0,Fair
2026-07-15,5:00 PM,92.4,69.6,48,W,8.6,19.9,29.18,0.0,Fair
2026-07-15,6:00 PM,91.7,69.6,49,WNW,8.1,19.7,29.17,0.0,Cloudy
2026-07-15,7:00 PM,89.9,71.1,54,WNW,6.7,17.9,29.16,0.0,Cloudy
2026-07-15,8:00 PM,85.0,72.9,67,W,6.2,13.4,29.18,0.0,Partly Cloudy
2026-07-15,9:00 PM,82.4,72.1,71,WSW,5.6,11.0,29.17,0.0,Partly Cloudy
2026-07-15,10:00 PM,80.0,72.5,78,WSW,5.0,10.1,29.2,0.0,Partly Cloudy
2026-07-15,11:00 PM,79.2,72.3,80,WSW,6.2,11.2,29.21,0.0,Partly Cloudy
2026-07-16,12:00 AM,78.5,71.5,79,WSW,7.0,13.4,29.2,0.0,Fair
2026-07-16,1:00 AM,77.3,71.2,81,WSW,6.5,13.2,29.19,0.0,Fair
2026-07-16,2:00 AM,75.7,71.9,88,WSW,6.2,12.1,29.2,0.0,Partly Cloudy
2026-07-16,3:00 AM,75.3,72.1,90,WSW,5.5,11.2,29.19,0.0,Partly Cloudy
2026-07-16,4:00 AM,74.8,72.1,92,WSW,5.9,11.0,29.18,0.0,Cloudy
2026-07-16,5:00 AM,73.9,72.1,94,WSW,5.8,11.0,29.18,0.0,Partly Cloudy
2026-07-16,6:00 AM,73.2,72.0,96,WSW,5.5,10.5,29.18,0.0,Partly Cloudy
2026-07-16,7:00 AM,74.2,72.3,94,WSW,4.7,9.8,29.2,0.0,Partly Cloudy
2026-07-16,8:00 AM,77.5,73.6,88,NW,5.0,10.1,29.2,0.0,Cloudy
2026-07-16,9:00 AM,80.2,74.5,83,WNW,4.4,11.2,29.21,0.0,Partly Cloudy
2026-07-16,10:00 AM,83.4,74.7,75,WNW,4.8,13.0,29.21,0.0,Partly Cloudy
2026-07-16,11:00 AM,85.1,74.9,72,WNW,6.3,15.9,29.2,0.012,Light Drizzle
2026-07-16,12:00 PM,86.3,74.5,68,NW,7.0,17.9,29.21,0.008,Light Drizzle
2026-07-16,1:00 PM,89.0,72.6,59,NW,7.0,17.9,29.2,0.0,Partly Cloudy
2026-07-16,2:00 PM,90.1,71.8,55,NW,7.2,19.5,29.2,0.0,Fair
2026-07-16,3:00 PM,90.4,69.7,51,NW,7.3,18.6,29.19,0.0,Fair
2026-07-16,4:00 PM,90.3,68.1,48,NW,7.5,18.6,29.18,0.0,Cloudy
2026-07-16,5:00 PM,90.0,67.6,48,NW,7.5,18.8,29.17,0.0,Cloudy
2026-07-16,6:00 PM,88.8,67.5,49,NNW,8.3,18.8,29.17,0.0,Partly Cloudy
2026-07-16,7:00 PM,86.1,67.8,55,N,8.6,18.6,29.17,0.0,Partly Cloudy
2026-07-16,8:00 PM,81.6,66.6,60,N,8.1,18.8,29.19,0.0,Fair
2026-07-16,9:00 PM,78.0,62.9,60,N,6.8,15.7,29.2,0.0,Fair
2026-07-16,10:00 PM,74.8,61.3,63,N,5.5,13.2,29.21,0.0,Fair
2026-07-16,11:00 PM,72.0,61.3,69,N,4.7,10.3,29.24,0.0,Fair
2026-07-17,12:00 AM,70.3,61.8,74,NNE,3.8,8.5,29.25,0.0,Fair
2026-07-17,1:00 AM,69.3,62.2,78,NNE,2.9,6.7,29.26,0.0,Fair
2026-07-17,2:00 AM,67.6,62.5,84,NE,2.5,5.4,29.26,0.0,Fair
2026-07-17,3:00 AM,67.0,62.8,86,NNE,2.2,4.0,29.25,0.0,Fair
2026-07-17,4:00 AM,65.9,62.9,90,NNE,2.4,4.5,29.25,0.0,Fair
2026-07-17,5:00 AM,65.2,62.9,92,N,2.6,4.7,29.26,0.0,Fair
2026-07-17,6:00 AM,64.5,62.5,93,NNE,2.5,4.7,29.26,0.0,Partly Cloudy
2026-07-17,7:00 AM,65.8,63.8,93,NNE,2.6,4.3,29.27,0.0,Partly Cloudy
2026-07-17,8:00 AM,67.9,63.6,86,NNE,1.7,5.8,29.28,0.0,Partly Cloudy
2026-07-17,9:00 AM,72.4,63.7,74,ENE,1.5,6.9,29.29,0.0,Fair
2026-07-17,10:00 AM,76.6,62.3,61,E,1.2,7.6,29.29,0.0,Fair
2026-07-17,11:00 AM,80.2,61.3,53,NNE,1.0,7.6,29.29,0.0,Partly Cloudy
2026-07-17,12:00 PM,83.4,60.2,46,NNW,1.2,8.1,29.29,0.0,Fair
2026-07-17,1:00 PM,85.7,59.6,41,NNW,2.1,9.8,29.28,0.0,Fair
2026-07-17,2:00 PM,86.3,59.2,40,N,2.0,11.2,29.28,0.0,Fair
2026-07-17,3:00 PM,86.9,59.6,40,N,3.0,11.0,29.26,0.0,Fair
2026-07-17,4:00 PM,87.7,59.8,39,NNE,3.4,11.6,29.23,0.0,Fair
2026-07-17,5:00 PM,87.7,60.0,39,NNE,3.5,11.4,29.21,0.0,Fair
2026-07-17,6:00 PM,87.0,60.5,41,NNE,4.0,11.0,29.2,0.0,Fair
2026-07-17,7:00 PM,85.0,62.2,47,N,4.2,10.7,29.19,0.0,Partly Cloudy
2026-07-17,8:00 PM,80.4,67.5,65,NE,2.4,8.9,29.2,0.0,Partly Cloudy
2026-07-17,9:00 PM,77.4,66.3,69,ENE,2.4,4.0,29.19,0.0,Cloudy
2026-07-17,10:00 PM,76.4,64.5,67,SE,4.1,7.2,29.2,0.0,Cloudy
2026-07-17,11:00 PM,75.7,64.6,69,SSE,4.9,8.5,29.2,0.0,Cloudy
2026-07-18,12:00 AM,75.4,65.8,72,S,5.1,9.8,29.19,0.0,Cloudy
2026-07-18,1:00 AM,74.6,67.2,78,SSW,4.7,9.4,29.17,0.0,Cloudy
2026-07-18,2:00 AM,73.2,67.8,83,SSW,5.2,8.9,29.16,0.0,Cloudy
2026-07-18,3:00 AM,73.9,68.4,83,SSW,5.8,11.2,29.14,0.0,Cloudy
2026-07-18,4:00 AM,73.9,68.8,84,SSW,5.1,11.6,29.13,0.004,Light Drizzle
2026-07-18,5:00 AM,72.9,69.8,90,SW,6.0,11.9,29.12,0.035,Drizzle
2026-07-18,6:00 AM,70.5,70.0,98,SW,9.3,19.2,29.13,0.193,Rain
2026-07-18,7:00 AM,70.8,70.3,98,SW,11.6,23.3,29.1,0.063,Light Rain
2026-07-18,8:00 AM,72.1,71.5,98,SSW,10.9,23.0,29.11,0.024,Drizzle
2026-07-18,9:00 AM,74.5,72.7,94,WSW,6.1,21.3,29.11,0.016,Light Drizzle
2026-07-18,10:00 AM,74.2,73.1,96,WSW,10.8,21.3,29.1,0.071,Light Rain
2026-07-18,11:00 AM,72.2,71.5,98,SW,7.2,24.2,29.09,0.075,Light Rain
2026-07-18,12:00 PM,76.2,73.8,92,SSW,9.4,23.3,29.1,0.028,Drizzle
2026-07-18,1:00 PM,79.2,74.1,85,SW,9.8,24.4,29.06,0.012,Light Drizzle
2026-07-18,2:00 PM,80.7,76.3,86,SW,6.6,24.8,29.03,0.012,Light Drizzle
2026-07-18,3:00 PM,84.6,75.8,75,SW,8.7,23.7,29.01,0.008,Light Drizzle
2026-07-18,4:00 PM,74.1,73.5,98,SW,7.5,30.2,29.0,0.118,Rain
2026-07-18,5:00 PM,78.3,75.6,91,SW,9.1,20.8,28.99,0.0,Cloudy
2026-07-18,6:00 PM,77.5,73.6,88,SW,10.8,23.9,28.99,0.008,Light Drizzle
2026-07-18,7:00 PM,78.5,73.7,85,SW,8.3,25.5,28.98,0.0,Cloudy
2026-07-18,8:00 PM,75.7,74.4,96,SW,10.9,24.2,28.99,0.043,Drizzle
2026-07-18,9:00 PM,74.1,71.9,93,WSW,10.2,21.7,28.99,0.0,Cloudy
2026-07-18,10:00 PM,72.4,70.3,93,W,6.1,19.5,29.01,0.0,Cloudy
2026-07-18,11:00 PM,71.2,70.3,97,WSW,2.1,12.8,29.03,0.071,Light Rain
2026-07-19,12:00 AM,71.4,70.6,97,NW,6.5,12.5,29.02,0.028,Drizzle
2026-07-19,1:00 AM,70.9,70.2,98,NNW,7.8,14.8,29.03,0.008,Light Drizzle
2026-07-19,2:00 AM,69.7,69.2,98,N,7.2,14.8,29.05,0.0,Cloudy
2026-07-19,3:00 AM,68.5,67.7,97,N,6.5,13.6,29.05,0.0,Fair
2026-07-19,4:00 AM,67.5,66.9,98,NNW,5.9,12.1,29.06,0.0,Fair
2026-07-19,5:00 AM,66.5,66.1,99,NNW,5.9,11.4,29.07,0.0,Cloudy
2026-07-19,6:00 AM,66.0,65.7,99,N,5.9,11.6,29.08,0.0,Cloudy
2026-07-19,7:00 AM,66.2,65.3,97,N,6.3,13.0,29.1,0.0,Cloudy
2026-07-19,8:00 AM,67.5,65.5,93,N,5.1,13.9,29.13,0.0,Fair
2026-07-19,9:00 AM,68.8,63.8,84,N,6.3,14.8,29.14,0.0,Cloudy
2026-07-19,10:00 AM,69.6,61.6,76,N,6.7,16.1,29.15,0.0,Cloudy
2026-07-19,11:00 AM,71.7,60.3,67,N,6.2,16.3,29.16,0.0,Partly Cloudy
2026-07-19,12:00 PM,74.8,59.1,58,N,6.6,17.2,29.17,0.0,Cloudy
2026-07-19,1:00 PM,76.5,58.3,53,N,7.3,18.3,29.16,0.0,Cloudy
2026-07-19,2:00 PM,77.8,57.7,50,N,6.6,19.5,29.17,0.0,Fair
2026-07-19,3:00 PM,78.1,57.4,49,N,6.3,17.4,29.15,0.0,Fair
2026-07-19,4:00 PM,78.3,56.6,47,N,6.1,17.0,29.14,0.0,Fair
2026-07-19,5:00 PM,77.6,56.0,47,N,6.7,16.8,29.13,0.0,Fair
2026-07-19,6:00 PM,76.6,55.0,47,N,6.1,16.6,29.13,0.0,Fair
2026-07-19,7:00 PM,75.1,55.5,51,N,6.1,14.5,29.14,0.0,Fair
2026-07-19,8:00 PM,72.7,58.8,62,N,4.9,13.2,29.14,0.0,Fair
2026-07-19,9:00 PM,69.9,57.8,66,N,3.7,8.7,29.15,0.0,Fair
2026-07-19,10:00 PM,68.3,57.7,69,NNE,7.4,12.8,29.18,0.0,Fair
2026-07-19,11:00 PM,66.1,55.7,69,NE,6.5,17.2,29.18,0.0,Fair
2026-07-20,12:00 AM,63.6,55.7,75,NNE,4.5,13.0,29.18,0.0,Fair
2026-07-20,1:00 AM,62.2,55.8,79,NE,3.7,8.3,29.18,0.0,Fair
2026-07-20,2:00 AM,60.0,55.8,86,ENE,3.4,6.5,29.17,0.0,Fair
2026-07-20,3:00 AM,59.5,55.5,87,E,3.0,6.3,29.17,0.0,Fair
2026-07-20,4:00 AM,58.9,55.3,88,ESE,2.6,6.0,29.16,0.0,Fair
2026-07-20,5:00 AM,58.4,55.7,91,NE,1.9,4.7,29.15,0.0,Fair
2026-07-20,6:00 AM,57.8,56.0,94,NNE,2.4,4.5,29.16,0.0,Fair
2026-07-20,7:00 AM,58.9,57.3,94,NE,3.4,5.8,29.16,0.0,Fair
2026-07-20,8:00 AM,62.2,57.4,84,NNE,1.7,6.3,29.18,0.0,Fair
2026-07-20,9:00 AM,67.5,57.5,70,NE,1.8,7.4,29.18,0.0,Fair
2026-07-20,10:00 AM,71.9,55.2,56,NE,1.4,8.1,29.19,0.0,Fair
2026-07-20,11:00 AM,74.7,55.0,50,WNW,0.4,7.6,29.18,0.0,Fair
2026-07-20,12:00 PM,77.0,54.6,46,WNW,0.9,7.8,29.17,0.0,Fair
2026-07-20,1:00 PM,79.3,54.7,43,W,0.9,8.1,29.15,0.0,Fair
2026-07-20,2:00 PM,80.6,55.2,42,WNW,2.0,9.2,29.15,0.0,Partly Cloudy
2026-07-20,3:00 PM,81.3,56.1,42,W,1.8,9.4,29.13,0.0,Partly Cloudy
2026-07-20,4:00 PM,82.4,56.7,41,W,2.8,10.3,29.12,0.0,Cloudy
2026-07-20,5:00 PM,82.4,56.3,41,W,5.4,13.6,29.1,0.0,Partly Cloudy
2026-07-20,6:00 PM,81.1,55.2,41,W,7.6,17.4,29.08,0.0,Cloudy
2026-07-20,7:00 PM,78.7,57.5,48,W,5.8,17.4,29.08,0.0,Cloudy
2026-07-20,8:00 PM,75.6,63.5,66,WSW,2.6,11.6,29.05,0.0,Cloudy
2026-07-20,9:00 PM,72.9,61.2,67,SSW,3.4,5.6,29.04,0.0,Cloudy
2026-07-20,10:00 PM,72.4,61.0,67,S,4.3,9.6,29.05,0.0,Cloudy
2026-07-20,11:00 PM,70.8,61.4,72,S,5.4,10.1,29.04,0.0,Fair
2026-07-21,12:00 AM,69.6,62.1,77,SSW,4.2,9.8,29.02,0.0,Fair
2026-07-21,1:00 AM,68.8,62.5,80,SSW,4.1,7.6,29.01,0.0,Partly Cloudy
2026-07-21,2:00 AM,67.9,63.1,85,SSW,3.5,7.8,29.01,0.0,Partly Cloudy
2026-07-21,3:00 AM,68.2,63.9,86,SSW,4.8,8.3,28.99,0.0,Fair
2026-07-21,4:00 AM,68.5,64.9,88,SSW,5.9,10.7,28.97,0.0,Fair
2026-07-21,5:00 AM,68.9,65.5,89,SSW,6.3,11.9,28.94,0.0,Fair
2026-07-21,6:00 AM,68.9,65.7,89,SSW,6.7,12.5,28.94,0.0,Partly Cloudy
2026-07-21,7:00 AM,70.5,66.7,88,SSW,7.9,14.8,28.96,0.0,Cloudy
2026-07-21,8:00 AM,72.3,68.7,88,SSW,7.7,16.3,28.96,0.0,Cloudy
2026-07-21,9:00 AM,75.0,69.8,84,SSW,8.6,17.9,28.95,0.012,Light Drizzle
2026-07-21,10:00 AM,76.3,70.6,83,SW,6.8,19.7,28.95,0.008,Light Drizzle
2026-07-21,11:00 AM,76.7,72.0,85,SW,9.0,19.0,28.95,0.016,Light Drizzle
2026-07-21,12:00 PM,75.1,73.6,95,S,8.3,21.9,28.91,0.055,Light Rain
2026-07-21,1:00 PM,75.1,73.7,95,SSW,8.8,17.9,28.88,0.02,Drizzle
2026-07-21,2:00 PM,71.8,70.7,96,S,11.5,29.5,28.9,0.055,Light Rain
2026-07-21,3:00 PM,72.1,71.3,97,SSW,13.2,25.1,28.87,0.094,Light Rain
2026-07-21,4:00 PM,71.8,71.0,97,SSW,10.6,29.1,28.86,0.161,Rain
2026-07-21,5:00 PM,73.8,72.3,95,SSW,5.8,22.4,28.85,0.024,Drizzle
2026-07-21,6:00 PM,75.8,72.2,89,S,5.5,15.7,28.84,0.0,Partly Cloudy
2026-07-21,7:00 PM,76.4,72.4,88,SW,7.3,14.5,28.85,0.004,Light Drizzle
2026-07-21,8:00 PM,73.6,71.3,93,SW,7.8,20.8,28.87,0.008,Light Drizzle
2026-07-21,9:00 PM,71.8,69.2,91,SW,7.7,15.9,28.87,0.0,Fair
2026-07-21,10:00 PM,70.5,68.8,94,WNW,4.8,14.5,28.9,0.0,Fair
2026-07-21,11:00 PM,69.8,68.5,96,SW,5.9,11.0,28.9,0.0,Fair
2026-07-22,12:00 AM,69.6,66.2,89,ESE,5.3,17.9,28.9,0.0,Fair
2026-07-22,1:00 AM,69.2,65.8,89,ESE,4.1,4.0,28.91,0.0,Fair
2026-07-22,2:00 AM,68.2,65.1,90,SSW,2.6,4.0,28.9,0.0,Fair
2026-07-22,3:00 AM,67.3,64.3,90,WSW,2.2,7.2,28.91,0.0,Fair
2026-07-22,4:00 AM,66.6,63.2,89,NW,3.3,9.8,28.92,0.0,Fair
2026-07-22,5:00 AM,65.9,61.6,86,WNW,3.1,21.5,28.94,0.0,Cloudy
2026-07-22,6:00 AM,66.9,63.3,88,WNW,3.4,16.8,28.97,0.0,Fair
2026-07-22,7:00 AM,66.8,61.8,84,W,3.8,16.8,29.0,0.0,Fair
2026-07-22,8:00 AM,67.0,59.2,76,WNW,5.9,13.4,29.03,0.0,Cloudy
2026-07-22,9:00 AM,67.4,57.7,71,NW,6.8,12.5,29.06,0.0,Partly Cloudy
2026-07-22,10:00 AM,68.7,60.1,74,NNW,6.6,11.6,29.08,0.0,Fair
2026-07-22,11:00 AM,71.0,58.6,65,WNW,6.2,14.3,29.09,0.0,Cloudy
2026-07-22,12:00 PM,71.6,57.0,60,WNW,7.9,11.4,29.1,0.0,Cloudy
2026-07-22,1:00 PM,72.4,56.3,57,WNW,7.1,13.2,29.11,0.0,Fair
2026-07-22,2:00 PM,74.8,55.4,51,WNW,6.8,8.3,29.12,0.0,Fair
2026-07-22,3:00 PM,75.6,54.5,48,WNW,6.4,8.9,29.12,0.0,Fair
2026-07-22,4:00 PM,76.2,54.5,47,NW,7.5,12.3,29.13,0.0,Fair
2026-07-22,5:00 PM,75.9,53.1,45,NW,6.5,9.6,29.12,0.0,Cloudy
2026-07-22,6:00 PM,74.3,52.8,47,NW,9.2,12.1,29.14,0.0,Partly Cloudy
2026-07-22,7:00 PM,72.6,51.8,48,NW,8.6,12.3,29.15,0.0,Fair
2026-07-22,8:00 PM,69.8,50.3,50,NNW,7.8,13.6,29.16,0.0,Fair
2026-07-22,9:00 PM,67.9,51.6,56,NNW,4.3,14.1,29.18,0.0,Cloudy
2026-07-22,10:00 PM,65.3,53.2,65,N,2.7,10.5,29.21,0.0,Fair
2026-07-22,11:00 PM,62.2,51.9,69,NNW,2.8,10.5,29.21,0.0,Fair
2026-07-23,12:00 AM,59.5,55.1,85,NNE,3.9,11.6,29.25,0.0,Fair
2026-07-23,1:00 AM,58.6,54.8,87,NE,2.4,6.9,29.25,0.0,Fair
2026-07-23,2:00 AM,55.9,53.9,93,NE,2.4,4.5,29.26,0.0,Fair
2026-07-23,3:00 AM,55.1,52.8,92,ENE,2.5,4.7,29.26,0.0,Fair
2026-07-23,4:00 AM,54.4,52.3,92,ESE,1.8,4.3,29.26,0.0,Fair
2026-07-23,5:00 AM,54.0,52.3,94,SE,1.0,3.4,29.28,0.0,Fair
2026-07-23,6:00 AM,54.0,52.7,95,ENE,0.3,2.0,29.29,0.0,Fair
2026-07-23,7:00 AM,55.3,53.8,95,N,2.0,3.4,29.32,0.0,Fair
2026-07-23,8:00 AM,58.2,54.0,86,N,2.5,7.4,29.36,0.0,Fair
2026-07-23,9:00 AM,62.8,54.0,73,NE,2.0,7.6,29.37,0.0,Fair
2026-07-23,10:00 AM,66.5,50.7,57,ENE,3.2,10.3,29.38,0.0,Fair
2026-07-23,11:00 AM,68.8,50.3,52,ENE,3.9,12.3,29.38,0.0,Fair
2026-07-23,12:00 PM,71.4,49.2,45,NE,4.6,13.9,29.38,0.0,Cloudy
2026-07-23,1:00 PM,72.3,50.0,45,NE,4.5,13.9,29.37,0.0,Cloudy
2026-07-23,2:00 PM,73.9,48.7,41,NE,4.5,13.6,29.36,0.0,Partly Cloudy
2026-07-23,3:00 PM,74.8,49.4,41,NE,4.6,13.6,29.35,0.0,Fair
2026-07-23,4:00 PM,75.1,50.0,41,NE,4.7,13.6,29.35,0.0,Fair
2026-07-23,5:00 PM,75.1,50.6,42,NE,4.8,13.6,29.34,0.0,Fair
2026-07-23,6:00 PM,74.4,51.1,44,NE,4.9,13.2,29.34,0.0,Fair
2026-07-23,7:00 PM,73.1,52.7,49,NNE,4.9,12.3,29.33,0.0,Fair
2026-07-23,8:00 PM,69.3,55.9,63,NNE,6.6,10.3,29.33,0.0,Fair
2026-07-23,9:00 PM,66.1,54.3,66,NNE,6.5,12.3,29.33,0.0,Fair
2026-07-23,10:00 PM,63.7,53.0,68,NE,5.5,11.9,29.34,0.0,Fair
2026-07-23,11:00 PM,62.2,52.8,71,ENE,4.9,10.1,29.34,0.0,Fair
2026-07-24,12:00 AM,61.3,53.9,77,ENE,4.5,8.7,29.34,0.0,Fair
2026-07-24,1:00 AM,60.4,54.2,80,NE,5.2,8.9,29.33,0.0,Fair
2026-07-24,2:00 AM,58.9,53.8,83,ENE,6.3,9.6,29.33,0.0,Partly Cloudy
2026-07-24,3:00 AM,59.0,53.6,82,ENE,6.5,11.9,29.32,0.0,Partly Cloudy
2026-07-24,4:00 AM,58.6,53.6,83,ENE,6.1,11.6,29.32,0.0,Partly Cloudy
2026-07-24,5:00 AM,58.6,53.4,83,ENE,5.7,11.4,29.32,0.0,Cloudy
2026-07-24,6:00 AM,58.0,53.4,85,ENE,5.1,10.7,29.32,0.0,Cloudy
2026-07-24,7:00 AM,60.3,54.0,80,ENE,4.3,9.6,29.33,0.0,Cloudy
2026-07-24,8:00 AM,62.5,54.4,75,ENE,3.5,8.5,29.34,0.0,Cloudy
2026-07-24,9:00 AM,66.7,55.0,66,E,3.3,8.9,29.34,0.0,Partly Cloudy
2026-07-24,10:00 AM,71.6,55.9,58,ESE,3.7,10.7,29.33,0.0,Cloudy
2026-07-24,11:00 AM,75.1,57.8,55,SE,3.5,11.2,29.32,0.0,Cloudy
2026-07-24,12:00 PM,76.8,58.5,53,ESE,4.2,11.4,29.31,0.0,Cloudy
2026-07-24,1:00 PM,78.6,58.1,49,ESE,5.5,13.2,29.29,0.0,Cloudy
2026-07-24,2:00 PM,79.9,58.7,48,SE,5.4,15.4,29.28,0.0,Cloudy
2026-07-24,3:00 PM,80.1,59.5,49,SE,4.9,13.4,29.27,0.0,Cloudy
2026-07-24,4:00 PM,79.7,60.5,52,SSE,4.8,12.5,29.26,0.004,Light Drizzle
2026-07-24,5:00 PM,77.9,62.3,59,E,2.2,12.1,29.24,0.004,Light Drizzle
2026-07-24,6:00 PM,76.6,65.5,68,NNE,3.9,8.1,29.24,0.0,Cloudy
2026-07-24,7:00 PM,75.5,68.1,78,NE,1.5,7.8,29.23,0.0,Cloudy
2026-07-24,8:00 PM,74.0,62.8,68,E,6.6,4.7,29.23,0.0,Cloudy
2026-07-24,9:00 PM,72.6,62.3,70,ESE,5.1,12.3,29.23,0.0,Cloudy
2026-07-24,10:00 PM,69.5,62.6,79,ESE,3.5,9.8,29.24,0.0,Cloudy
2026-07-24,11:00 PM,68.7,62.8,81,ESE,4.4,7.6,29.23,0.0,Fair
2026-07-25,12:00 AM,67.3,63.2,87,SE,4.8,8.3,29.24,0.0,Fair
2026-07-25,1:00 AM,66.8,64.9,93,SSE,5.6,9.8,29.23,0.0,Fair
2026-07-25,2:00 AM,66.3,65.1,96,SSE,4.8,10.1,29.22,0.0,Fair
2026-07-25,3:00 AM,66.8,65.8,97,S,5.3,9.8,29.21,0.0,Fair
2026-07-25,4:00 AM,65.9,65.3,98,SSW,4.6,9.6,29.2,0.0,Fair
2026-07-25,5:00 AM,65.8,65.4,99,SSW,4.9,9.2,29.21,0.0,Partly Cloudy
2026-07-25,6:00 AM,64.9,64.6,99,SW,3.8,8.7,29.22,0.0,Cloudy
2026-07-25,7:00 AM,65.3,64.9,98,SW,3.7,6.7,29.23,0.0,Partly Cloudy
2026-07-25,8:00 AM,67.1,65.1,93,WSW,2.3,7.8,29.23,0.0,Cloudy
2026-07-25,9:00 AM,69.8,65.3,86,W,1.8,6.9,29.23,0.0,Cloudy
2026-07-25,10:00 AM,73.6,64.6,73,WNW,3.7,10.7,29.24,0.0,Fair
2026-07-25,11:00 AM,76.9,63.1,62,W,4.6,13.4,29.23,0.0,Fair
2026-07-25,12:00 PM,79.3,61.1,54,WSW,5.3,14.5,29.22,0.0,Fair
2026-07-25,1:00 PM,80.9,59.6,48,WSW,6.2,16.8,29.2,0.0,Fair
2026-07-25,2:00 PM,81.4,59.1,47,WSW,6.1,16.8,29.2,0.0,Fair
2026-07-25,3:00 PM,81.8,57.5,44,WSW,6.2,16.8,29.19,0.0,Cloudy
2026-07-25,4:00 PM,82.2,56.6,42,WSW,6.7,17.0,29.18,0.0,Cloudy
2026-07-25,5:00 PM,82.3,56.3,41,WSW,6.5,17.0,29.16,0.0,Fair
2026-07-25,6:00 PM,81.9,55.5,40,W,7.5,17.9,29.15,0.0,Partly Cloudy
2026-07-25,7:00 PM,79.5,57.2,46,WSW,7.2,18.1,29.14,0.0,Fair
2026-07-25,8:00 PM,76.0,61.3,60,WSW,3.8,15.4,29.15,0.0,Partly Cloudy
2026-07-25,9:00 PM,73.6,59.7,62,SW,4.6,8.5,29.15,0.0,Fair
2026-07-25,10:00 PM,71.4,60.4,68,WSW,4.0,8.7,29.16,0.0,Fair
2026-07-25,11:00 PM,70.4,61.4,73,WSW,2.7,7.2,29.15,0.0,Cloudy
2026-07-26,12:00 AM,70.2,62.0,75,WSW,2.5,4.7,29.14,0.000,Cloudy
2026-07-26,1:00 AM,70.3,62.7,77,W,1.9,4.5,29.15,0.000,Cloudy
2026-07-26,2:00 AM,66.8,62.2,85,WSW,1.6,3.1,29.14,0.000,Fair
2026-07-26,3:00 AM,66.2,62.3,87,NW,1.8,3.1,29.12,0.000,Fair
2026-07-26,4:00 AM,64.6,61.5,90,NNW,2.7,4.9,29.12,0.000,Fair
2026-07-26,5:00 AM,64.0,61.1,90,NW,1.0,4.7,29.12,0.000,Fair
2026-07-26,6:00 AM,63.2,60.9,92,WSW,1.2,2.2,29.12,0.000,Fair
2026-07-26,7:00 AM,64.0,62.2,94,WSW,1.9,2.9,29.13,0.000,Fair
2026-07-26,8:00 AM,66.5,62.1,86,SW,1.2,5.1,29.14,0.000,Fair
2026-07-26,9:00 AM,71.5,62.7,74,SSW,1.4,6.7,29.14,0.000,Fair
2026-07-26,10:00 AM,75.8,61.3,61,WSW,1.6,7.8,29.14,0.000,Fair
2026-07-26,11:00 AM,78.7,60.9,54,WNW,2.6,9.6,29.13,0.000,Partly Cloudy
2026-07-26,12:00 PM,79.3,60.2,52,WNW,3.1,10.5,29.12,0.000,Cloudy
2026-07-26,1:00 PM,79.5,60.8,53,WNW,3.9,11.2,29.10,0.000,Cloudy
2026-07-26,2:00 PM,79.5,61.5,54,WNW,4.1,11.4,29.11,0.000,Cloudy
2026-07-26,3:00 PM,78.3,61.9,57,NW,3.8,10.7,29.10,0.000,Cloudy
2026-07-26,4:00 PM,78.4,62.2,58,WNW,3.5,10.1,29.08,0.000,Cloudy
2026-07-26,5:00 PM,77.8,63.3,61,WNW,3.3,10.5,29.08,0.004,Light Drizzle
2026-07-26,6:00 PM,78.6,63.7,60,W,2.5,10.7,29.07,0.000,Fair
2026-07-26,7:00 PM,77.5,64.2,64,WNW,3.8,10.5,29.05,0.000,Partly Cloudy
2026-07-26,8:00 PM,73.4,65.9,77,WNW,4.6,11.9,29.07,0.047,Drizzle
2026-07-26,9:00 PM,71.2,66.5,85,NW,1.6,8.7,29.06,0.008,Light Drizzle
2026-07-26,10:00 PM,69.9,66.2,88,WNW,2.2,3.4,29.07,0.000,Fair
2026-07-26,11:00 PM,68.7,66.1,91,W,2.5,4.7,29.07,0.000,Fair
2026-07-27,12:00 AM,68.0,66.0,93,SW,1.4,4.3,29.06,0.000,Fair
2026-07-27,1:00 AM,67.2,65.8,95,SW,1.6,2.7,29.06,0.000,Fair
2026-07-27,2:00 AM,66.6,66.2,99,W,2.9,2.9,29.06,0.000,Fair
2026-07-27,3:00 AM,66.7,66.2,98,W,4.0,7.4,29.05,0.000,Fair
2026-07-27,4:00 AM,65.9,65.5,98,W,2.9,7.2,29.05,0.000,Fair
2026-07-27,5:00 AM,65.8,65.4,99,SSW,1.8,4.9,29.04,0.000,Partly Cloudy
2026-07-27,6:00 AM,66.0,65.8,99,S,2.2,4.3,29.06,0.000,Fair
2026-07-27,7:00 AM,66.7,66.3,99,SSW,3.2,5.4,29.07,0.000,Fair
2026-07-27,8:00 AM,68.2,67.4,97,W,4.8,7.8,29.10,0.000,Partly Cloudy
2026-07-27,9:00 AM,71.5,69.4,93,WSW,4.0,10.7,29.08,0.000,Partly Cloudy
2026-07-27,10:00 AM,75.7,69.7,82,W,6.0,14.3,29.09,0.000,Cloudy
2026-07-27,11:00 AM,78.7,67.9,70,W,7.4,17.9,29.09,0.012,Light Drizzle
2026-07-27,12:00 PM,81.6,66.7,61,W,6.3,18.6,29.08,0.008,Light Drizzle
2026-07-27,1:00 PM,84.6,66.4,55,W,6.1,16.6,29.06,0.000,Partly Cloudy
2026-07-27,2:00 PM,85.2,65.8,52,WSW,4.4,17.7,29.05,0.000,Partly Cloudy
2026-07-27,3:00 PM,84.5,65.8,54,WSW,6.0,16.8,29.02,0.004,Light Drizzle
2026-07-27,4:00 PM,84.3,65.8,54,WSW,7.1,17.7,29.01,0.004,Light Drizzle
2026-07-27,5:00 PM,84.3,65.8,54,WSW,7.2,18.6,29.00,0.004,Light Drizzle
2026-07-27,6:00 PM,83.4,65.3,55,WSW,7.8,19.9,28.99,0.000,Cloudy
2026-07-27,7:00 PM,80.2,66.0,62,WSW,8.6,18.3,28.97,0.008,Light Drizzle
2026-07-27,8:00 PM,78.2,68.5,72,SW,6.8,17.2,28.98,0.043,Drizzle
2026-07-27,9:00 PM,73.9,68.3,82,SSW,8.1,15.7,28.96,0.020,Drizzle
2026-07-27,10:00 PM,72.2,68.4,88,SSW,9.2,18.3,28.97,0.000,Fair
2026-07-27,11:00 PM,70.9,68.2,91,SW,7.6,17.7,28.96,0.000,Fair
2026-07-28,12:00 AM,70.4,68.1,92,SW,7.3,14.5,28.96,0.004,Light Drizzle
2026-07-28,1:00 AM,68.7,67.7,97,S,4.9,14.3,28.96,0.091,Light Rain
2026-07-28,2:00 AM,65.7,64.9,97,S,8.6,15.4,28.94,0.004,Light Drizzle
2026-07-28,3:00 AM,67.3,66.6,98,SSW,10.8,20.8,28.90,0.012,Light Drizzle
2026-07-28,4:00 AM,66.3,65.5,97,SW,7.8,21.3,28.87,0.146,Rain
2026-07-28,5:00 AM,66.4,65.9,98,SW,5.1,14.5,28.86,0.169,Rain
2026-07-28,6:00 AM,66.8,66.5,99,SSW,7.2,13.9,28.87,0.035,Drizzle
2026-07-28,7:00 AM,66.9,66.7,99,S,9.0,16.8,28.87,0.118,Rain
2026-07-28,8:00 AM,70.5,69.2,95,SW,10.5,19.5,28.84,0.000,Cloudy
2026-07-28,9:00 AM,70.7,69.8,97,SW,9.2,20.1,28.84,0.012,Light Drizzle
2026-07-28,10:00 AM,70.9,69.0,94,WSW,7.1,18.8,28.83,0.012,Light Drizzle
2026-07-28,11:00 AM,73.0,70.1,91,WSW,6.9,16.1,28.84,0.012,Light Drizzle
2026-07-28,12:00 PM,77.1,68.4,74,WNW,9.8,22.4,28.84,0.008,Light Drizzle
2026-07-28,1:00 PM,73.8,68.4,83,WNW,7.4,22.6,28.83,0.028,Drizzle
2026-07-28,2:00 PM,74.5,69.4,84,NNW,8.3,21.7,28.83,0.004,Light Drizzle
2026-07-28,3:00 PM,77.9,68.4,73,NNW,7.6,21.5,28.83,0.024,Drizzle
2026-07-28,4:00 PM,81.4,64.6,57,NNW,10.0,23.3,28.83,0.004,Light Drizzle
2026-07-28,5:00 PM,81.4,63.1,54,NNW,10.9,24.6,28.84,0.004,Light Drizzle
2026-07-28,6:00 PM,78.7,64.5,62,NNW,10.8,24.8,28.84,0.020,Drizzle
2026-07-28,7:00 PM,78.3,63.4,60,NNW,11.3,24.4,28.85,0.000,Fair
2026-07-28,8:00 PM,73.9,66.7,78,NNW,9.1,23.7,28.88,0.000,Fair
2026-07-28,9:00 PM,72.2,65.7,80,NNW,9.3,19.7,28.90,0.004,Light Drizzle
2026-07-28,10:00 PM,70.8,65.8,84,NNW,8.0,18.6,28.92,0.000,Fair
2026-07-28,11:00 PM,69.5,65.6,87,NNW,8.0,16.6,28.94,0.000,Fair
2026-07-29,12:00 AM,68.4,64.3,87,NNW,8.1,16.6,28.93,0.000,Fair
2026-07-29,1:00 AM,66.1,62.9,89,NNW,7.6,16.8,28.94,0.000,Fair
2026-07-29,2:00 AM,65.8,63.9,94,NW,8.2,15.7,28.94,0.000,Cloudy
2026-07-29,3:00 AM,67.3,63.8,89,NNW,7.6,18.1,28.94,0.000,Cloudy
2026-07-29,4:00 AM,67.6,63.6,87,NNW,7.9,16.6,28.93,0.000,Cloudy
2026-07-29,5:00 AM,66.2,62.9,89,NNW,7.5,16.6,28.93,0.000,Fair
2026-07-29,6:00 AM,64.9,62.1,90,NNW,7.3,15.2,28.95,0.000,Partly Cloudy
2026-07-29,7:00 AM,64.8,61.5,89,NW,7.0,15.0,28.96,0.000,Cloudy
2026-07-29,8:00 AM,66.7,62.3,86,NNW,7.3,19.2,28.98,0.000,Fair
2026-07-29,9:00 AM,68.8,61.8,78,NNW,7.6,18.3,29.00,0.000,Fair
2026-07-29,10:00 AM,70.7,60.7,71,NNW,10.7,23.9,29.00,0.004,Light Drizzle
2026-07-29,11:00 AM,73.0,59.4,62,NNW,11.7,25.9,29.01,0.000,Cloudy
2026-07-29,12:00 PM,74.2,58.8,59,NNW,12.3,27.5,29.02,0.000,Cloudy
2026-07-29,1:00 PM,75.7,58.8,56,NNW,12.1,27.5,29.02,0.000,Partly Cloudy
2026-07-29,2:00 PM,76.4,58.2,53,NNW,11.5,27.7,29.04,0.004,Light Drizzle
2026-07-29,3:00 PM,75.9,58.6,55,NNW,11.7,26.4,29.04,0.004,Light Drizzle
2026-07-29,4:00 PM,77.6,58.3,51,NNW,12.4,27.5,29.03,0.000,Fair
2026-07-29,5:00 PM,77.5,57.6,50,NNW,12.0,27.5,29.03,0.000,Fair
2026-07-29,6:00 PM,76.1,56.8,51,NNW,11.7,28.2,29.04,0.000,Fair
2026-07-29,7:00 PM,75.1,57.1,54,NNW,10.4,26.6,29.03,0.000,Fair
2026-07-29,8:00 PM,73.2,58.1,59,NW,10.3,21.9,29.06,0.000,Fair
2026-07-29,9:00 PM,71.2,57.1,61,NW,9.2,21.0,29.08,0.000,Fair
2026-07-29,10:00 PM,69.5,54.6,59,NW,9.5,20.4,29.09,0.000,Fair
2026-07-29,11:00 PM,67.3,54.4,63,NNW,8.3,19.7,29.09,0.000,Fair
2026-07-30,12:00 AM,65.3,54.2,67,NNW,6.7,16.8,29.10,0.000,Fair
2026-07-30,1:00 AM,63.1,54.2,73,NW,6.0,13.2,29.09,0.000,Fair
2026-07-30,2:00 AM,61.1,55.0,80,NW,6.2,11.2,29.10,0.000,Fair
2026-07-30,3:00 AM,60.8,55.5,83,NW,6.0,11.4,29.10,0.000,Fair
2026-07-30,4:00 AM,60.0,55.9,86,NW,5.8,11.2,29.10,0.000,Fair
2026-07-30,5:00 AM,59.1,55.9,89,NW,6.1,11.0,29.10,0.000,Fair
2026-07-30,6:00 AM,58.6,55.8,90,NW,6.3,11.4,29.12,0.000,Fair
2026-07-30,7:00 AM,59.7,55.7,86,NW,6.4,12.3,29.13,0.000,Fair
2026-07-30,8:00 AM,63.1,57.5,82,NW,4.9,12.3,29.15,0.000,Fair
2026-07-30,9:00 AM,67.6,58.7,73,NW,4.8,12.3,29.16,0.000,Fair
2026-07-30,10:00 AM,71.7,59.0,64,NNW,5.9,15.2,29.16,0.000,Fair
2026-07-30,11:00 AM,75.4,55.4,50,NNW,8.1,19.5,29.16,0.000,Fair
2026-07-30,12:00 PM,78.1,50.8,39,NNW,9.1,21.7,29.18,0.000,Fair
2026-07-30,1:00 PM,79.8,49.5,35,N,8.6,21.9,29.16,0.000,Fair
2026-07-30,2:00 PM,81.1,52.0,37,N,7.4,21.3,29.17,0.000,Fair
2026-07-30,3:00 PM,81.5,52.4,37,N,6.5,18.6,29.16,0.000,Fair
2026-07-30,4:00 PM,82.2,50.9,34,NNW,7.5,18.6,29.15,0.000,Fair
2026-07-30,5:00 PM,82.0,49.3,32,NNW,8.7,20.1,29.15,0.000,Fair
2026-07-30,6:00 PM,81.0,48.4,32,NNW,9.5,21.0,29.16,0.000,Fair
2026-07-30,7:00 PM,78.9,48.3,34,N,8.9,20.8,29.15,0.000,Fair
2026-07-30,8:00 PM,74.8,51.2,44,N,7.6,18.3,29.17,0.000,Fair
2026-07-30,9:00 PM,71.1,50.4,48,N,6.4,14.1,29.18,0.000,Fair
2026-07-30,10:00 PM,68.0,51.7,56,NNE,4.8,11.9,29.19,0.000,Fair
2026-07-30,11:00 PM,66.1,53.2,63,NNE,3.5,8.7,29.19,0.000,Fair
2026-07-31,12:00 AM,64.9,53.9,67,NE,3.1,6.3,29.18,0.000,Fair
2026-07-31,1:00 AM,64.3,54.2,70,NE,1.8,5.1,29.19,0.000,Fair
2026-07-31,2:00 AM,61.5,55.1,80,WNW,0.3,3.4,29.20,0.000,Fair
2026-07-31,3:00 AM,61.2,55.7,82,WSW,0.6,1.3,29.20,0.000,Fair
2026-07-31,4:00 AM,60.5,55.8,84,SW,1.3,2.0,29.20,0.000,Fair
2026-07-31,5:00 AM,60.0,55.8,86,SW,1.6,2.9,29.21,0.000,Fair
2026-07-31,6:00 AM,59.5,55.7,87,SSW,1.5,2.7,29.21,0.000,Fair
2026-07-31,7:00 AM,60.1,56.8,89,SW,1.5,2.7,29.21,0.000,Fair
2026-07-31,8:00 AM,64.2,57.2,78,SSW,1.5,5.6,29.21,0.000,Fair
2026-07-31,9:00 AM,70.5,58.2,65,S,0.9,5.6,29.22,0.000,Fair
2026-07-31,10:00 AM,75.5,57.9,54,SW,1.7,7.8,29.22,0.000,Fair
2026-07-31,11:00 AM,78.3,59.3,52,WSW,1.2,7.8,29.21,0.000,Fair
2026-07-31,12:00 PM,81.1,58.7,47,NNW,1.6,8.7,29.20,0.000,Fair
2026-07-31,1:00 PM,82.8,58.2,43,N,1.8,9.2,29.20,0.000,Fair
2026-07-31,2:00 PM,84.5,57.9,41,NE,2.5,10.1,29.19,0.000,Cloudy
2026-07-31,3:00 PM,85.1,57.2,39,ENE,2.0,10.3,29.18,0.000,Partly Cloudy
2026-07-31,4:00 PM,86.0,55.4,35,ESE,1.2,9.4,29.17,0.000,Partly Cloudy
2026-07-31,5:00 PM,85.9,54.1,34,SSW,2.1,8.3,29.15,0.000,Cloudy
2026-07-31,6:00 PM,85.4,53.2,33,SSW,2.7,8.7,29.13,0.000,Cloudy
2026-07-31,7:00 PM,84.8,55.4,37,ESE,1.8,7.6,29.11,0.000,Cloudy
2026-07-31,8:00 PM,78.4,66.8,68,SE,1.0,6.3,29.12,0.000,Cloudy
2026-07-31,9:00 PM,74.3,60.7,63,S,6.0,9.4,29.12,0.000,Cloudy
2026-07-31,10:00 PM,73.4,60.7,65,S,4.6,13.0,29.13,0.000,Cloudy
2026-07-31,11:00 PM,70.8,61.7,73,S,2.9,8.3,29.13,0.000,Cloudy
2026-08-01,12:00 AM,70.2,62.2,76,SW,2.3,5.1,29.12,0.000,Cloudy
2026-08-01,1:00 AM,69.4,62.9,80,S,1.7,4.0,29.12,0.000,Cloudy
2026-08-01,2:00 AM,66.9,63.3,88,SE,1.5,3.1,29.10,0.000,Cloudy
2026-08-01,3:00 AM,67.2,63.8,89,SE,1.9,3.4,29.09,0.000,Cloudy
2026-08-01,4:00 AM,67.5,63.5,87,SE,2.9,5.8,29.08,0.000,Cloudy
2026-08-01,5:00 AM,67.3,63.1,87,SE,2.3,5.4,29.08,0.000,Cloudy
2026-08-01,6:00 AM,67.2,62.2,84,SE,2.6,5.1,29.06,0.000,Cloudy
2026-08-01,7:00 AM,67.7,62.2,82,SE,2.6,4.9,29.06,0.000,Cloudy
2026-08-01,8:00 AM,68.9,62.2,79,SE,3.4,5.4,29.06,0.000,Cloudy
2026-08-01,9:00 AM,69.9,62.0,76,SE,3.7,7.4,29.05,0.000,Cloudy
2026-08-01,10:00 AM,71.9,62.9,73,SSE,4.1,9.6,29.05,0.000,Cloudy
2026-08-01,11:00 AM,75.5,63.9,67,SSE,3.8,10.7,29.04,0.000,Cloudy
2026-08-01,12:00 PM,81.1,63.6,55,SSE,4.5,12.5,29.04,0.000,Cloudy
2026-08-01,1:00 PM,83.3,61.9,49,S,7.8,18.1,29.03,0.000,Cloudy
2026-08-01,2:00 PM,82.6,61.9,50,SSW,9.5,22.8,29.03,0.000,Cloudy
2026-08-01,3:00 PM,79.5,63.7,58,SSW,8.6,20.4,29.03,0.004,Light Drizzle
2026-08-01,4:00 PM,78.1,65.2,65,SSW,3.3,18.6,29.01,0.008,Light Drizzle
2026-08-01,5:00 PM,78.3,67.6,70,SSW,2.3,7.8,29.00,0.012,Light Drizzle
2026-08-01,6:00 PM,74.8,72.2,92,NW,0.6,6.7,28.97,0.055,Light Rain
2026-08-01,7:00 PM,73.9,72.8,96,ENE,0.9,4.5,28.97,0.020,Drizzle
2026-08-01,8:00 PM,73.1,70.6,92,ESE,3.6,11.0,28.95,0.000,Cloudy
2026-08-01,9:00 PM,71.9,70.2,94,E,7.0,11.6,28.95,0.000,Partly Cloudy
2026-08-01,10:00 PM,71.1,69.3,94,E,6.9,12.1,28.95,0.000,Partly Cloudy
2026-08-01,11:00 PM,70.5,68.8,94,ESE,7.2,13.4,28.94,0.000,Fair
2026-08-02,12:00 AM,69.4,68.0,95,ESE,7.0,13.2,28.94,0.000,Cloudy
2026-08-02,1:00 AM,68.6,67.6,97,SE,6.8,15.0,28.95,0.028,Drizzle
2026-08-02,2:00 AM,69.7,69.1,98,SSE,6.6,15.4,28.93,0.008,Light Drizzle
2026-08-02,3:00 AM,70.1,69.4,98,SSE,7.5,16.1,28.92,0.000,Cloudy
2026-08-02,4:00 AM,69.6,68.9,98,S,7.2,16.3,28.91,0.000,Cloudy
2026-08-02,5:00 AM,68.9,68.4,98,S,4.0,13.9,28.91,0.020,Drizzle
2026-08-02,6:00 AM,68.5,68.0,98,SE,5.1,9.8,28.91,0.004,Light Drizzle
2026-08-02,7:00 AM,69.0,68.5,98,SE,6.9,12.3,28.91,0.004,Light Drizzle
2026-08-02,8:00 AM,68.5,67.8,98,SSE,4.0,18.3,28.94,0.008,Light Drizzle
2026-08-02,9:00 AM,69.4,68.8,98,SE,5.4,10.5,28.93,0.094,Light Rain
2026-08-02,10:00 AM,72.3,70.3,94,S,7.5,16.6,28.94,0.012,Light Drizzle
2026-08-02,11:00 AM,74.6,71.9,91,S,7.5,17.4,28.94,0.008,Light Drizzle
2026-08-02,12:00 PM,78.5,71.1,78,SSW,10.4,23.7,28.93,0.008,Light Drizzle
2026-08-02,1:00 PM,75.8,71.2,86,SSW,10.9,24.2,28.91,0.055,Light Rain
2026-08-02,2:00 PM,75.3,72.5,91,SSW,5.7,26.2,28.92,0.114,Rain
2026-08-02,3:00 PM,80.3,72.1,76,S,4.4,16.3,28.90,0.000,Fair
2026-08-02,4:00 PM,82.1,70.1,67,SSW,6.1,19.2,28.88,0.004,Light Drizzle
2026-08-02,5:00 PM,78.5,69.4,74,SW,9.5,23.3,28.87,0.024,Drizzle
2026-08-02,6:00 PM,75.7,68.9,79,WSW,8.8,23.7,28.87,0.031,Drizzle
2026-08-02,7:00 PM,70.4,69.6,97,SSW,4.8,23.3,28.89,0.138,Rain
2026-08-02,8:00 PM,72.8,72.4,99,S,1.2,10.3,28.90,0.008,Light Drizzle
2026-08-02,9:00 PM,71.5,71.1,98,W,3.4,5.8,28.89,0.008,Light Drizzle
2026-08-02,10:00 PM,70.1,69.5,98,NW,3.8,7.6,28.91,0.016,Light Drizzle
2026-08-02,11:00 PM,69.3,68.8,98,NW,4.4,9.4,28.92,0.000,Fair
2026-08-03,12:00 AM,68.1,67.6,98,NW,5.1,9.6,28.93,0.000,Fair
2026-08-03,1:00 AM,67.6,67.2,99,NW,5.6,9.6,28.95,0.000,Partly Cloudy
2026-08-03,2:00 AM,67.6,67.2,99,NNW,6.1,11.6,28.96,0.000,Partly Cloudy
2026-08-03,3:00 AM,67.5,67.0,98,NNW,6.7,12.8,28.95,0.004,Light Drizzle
2026-08-03,4:00 AM,67.0,66.6,98,NNW,6.5,12.8,28.97,0.000,Partly Cloudy
2026-08-03,5:00 AM,66.7,66.2,98,NNW,6.7,13.0,28.99,0.000,Cloudy
2026-08-03,6:00 AM,65.8,65.4,98,NNW,6.7,13.0,29.02,0.000,Cloudy
2026-08-03,7:00 AM,65.0,64.5,98,NNW,6.3,13.0,29.03,0.000,Cloudy
2026-08-03,8:00 AM,65.9,64.8,96,NNW,7.1,13.9,29.05,0.000,Partly Cloudy
2026-08-03,9:00 AM,66.9,63.8,90,NNW,7.3,17.9,29.08,0.000,Fair
2026-08-03,10:00 AM,69.6,62.9,79,N,8.5,19.5,29.10,0.000,Partly Cloudy
2026-08-03,11:00 AM,72.7,61.6,68,N,8.1,19.5,29.11,0.000,Fair
2026-08-03,12:00 PM,74.7,60.3,61,N,7.6,19.7,29.11,0.000,Fair
2026-08-03,1:00 PM,76.8,59.5,55,N,7.2,19.0,29.11,0.000,Fair
2026-08-03,2:00 PM,78.4,59.1,52,N,5.6,18.3,29.12,0.000,Fair
2026-08-03,3:00 PM,79.2,58.6,49,N,5.6,15.4,29.12,0.000,Fair
2026-08-03,4:00 PM,79.6,57.9,48,N,6.1,15.9,29.11,0.000,Fair
2026-08-03,5:00 PM,79.2,57.9,48,N,7.0,17.0,29.11,0.000,Fair
2026-08-03,6:00 PM,78.2,58.0,50,N,6.5,17.0,29.13,0.000,Fair
2026-08-03,7:00 PM,76.6,58.9,54,N,5.6,14.8,29.13,0.000,Fair
2026-08-03,8:00 PM,73.7,61.9,67,N,3.6,11.6,29.15,0.000,Fair
2026-08-03,9:00 PM,70.9,60.7,70,NNE,4.0,6.9,29.16,0.000,Fair
2026-08-03,10:00 PM,69.3,61.2,75,NNE,6.4,11.0,29.19,0.000,Fair
2026-08-03,11:00 PM,68.0,59.9,75,NNE,7.0,13.6,29.21,0.000,Fair
2026-08-04,12:00 AM,65.8,59.0,79,NNE,6.6,13.4,29.21,0.000,Fair
2026-08-04,1:00 AM,64.0,58.9,84,NNE,5.8,12.3,29.21,0.000,Fair
2026-08-04,2:00 AM,61.0,58.6,92,NE,4.5,10.5,29.22,0.000,Fair
2026-08-04,3:00 AM,60.4,58.2,92,NE,4.0,8.3,29.23,0.000,Fair
2026-08-04,4:00 AM,59.7,57.9,94,ENE,4.2,7.6,29.22,0.000,Fair
2026-08-04,5:00 AM,59.5,57.7,94,ENE,4.1,7.8,29.22,0.000,Fair
2026-08-04,6:00 AM,59.1,57.6,95,E,3.4,7.2,29.23,0.000,Fair
2026-08-04,7:00 AM,59.7,58.3,95,ENE,3.9,6.5,29.23,0.000,Fair
2026-08-04,8:00 AM,63.0,59.3,88,NNE,2.8,7.6,29.25,0.000,Fair
2026-08-04,9:00 AM,68.3,61.1,78,NE,2.3,8.1,29.26,0.000,Fair
2026-08-04,10:00 AM,74.1,61.0,64,NE,2.8,9.6,29.27,0.000,Fair
2026-08-04,11:00 AM,78.0,60.0,54,NNE,2.3,10.1,29.26,0.000,Fair
2026-08-04,12:00 PM,80.8,59.6,49,NNE,1.5,9.4,29.26,0.000,Fair
2026-08-04,1:00 PM,83.1,59.5,45,NNW,0.6,8.5,29.26,0.000,Fair
2026-08-04,2:00 PM,84.5,60.4,44,W,0.4,7.6,29.26,0.000,Fair
2026-08-04,3:00 PM,85.4,60.6,43,WSW,2.4,9.6,29.24,0.000,Fair
2026-08-04,4:00 PM,86.0,59.4,41,WSW,2.0,9.8,29.22,0.000,Fair
2026-08-04,5:00 PM,87.0,57.6,37,SE,0.9,8.3,29.20,0.000,Fair
2026-08-04,6:00 PM,86.6,57.5,37,E,1.5,6.5,29.20,0.000,Fair
2026-08-04,7:00 PM,83.7,60.7,46,NE,4.3,8.5,29.19,0.000,Fair
2026-08-04,8:00 PM,79.0,68.1,69,N,3.3,11.9,29.20,0.000,Fair
2026-08-04,9:00 PM,75.4,66.7,75,NNE,4.3,9.2,29.21,0.000,Fair
2026-08-04,10:00 PM,73.6,66.7,79,ENE,2.7,7.4,29.22,0.000,Fair
2026-08-04,11:00 PM,72.7,66.2,80,ENE,2.5,4.5,29.23,0.000,Fair
2026-08-05,12:00 AM,71.6,66.2,83,ENE,2.4,4.5,29.22,0.000,Fair
2026-08-05,1:00 AM,71.5,65.8,82,ESE,3.1,5.1,29.23,0.000,Fair
2026-08-05,2:00 AM,70.0,65.8,86,E,1.8,6.5,29.22,0.000,Fair
2026-08-05,3:00 AM,70.4,65.8,85,ESE,3.0,5.1,29.22,0.000,Fair
2026-08-05,4:00 AM,70.1,66.4,88,SE,2.9,5.1,29.21,0.000,Fair
2026-08-05,5:00 AM,69.6,67.1,92,SSE,2.8,4.7,29.22,0.000,Partly Cloudy
2026-08-05,6:00 AM,69.7,68.2,95,SSE,3.8,6.5,29.22,0.000,Cloudy
2026-08-05,7:00 AM,70.2,69.3,97,S,3.9,6.7,29.23,0.000,Fair
2026-08-05,8:00 AM,72.8,69.4,89,SSW,5.5,14.1,29.26,0.004,Light Drizzle
2026-08-05,9:00 AM,74.6,70.3,86,SE,1.2,11.2,29.26,0.008,Light Drizzle
2026-08-05,10:00 AM,78.0,71.3,80,S,3.1,9.8,29.27,0.004,Light Drizzle
2026-08-05,11:00 AM,80.6,70.3,71,SSE,3.5,10.7,29.26,0.000,Fair
2026-08-05,12:00 PM,84.9,69.2,59,S,4.6,14.3,29.26,0.000,Fair
2026-08-05,1:00 PM,87.4,68.5,54,S,5.2,15.7,29.25,0.000,Fair
2026-08-05,2:00 PM,87.4,66.7,50,S,6.1,16.1,29.24,0.000,Cloudy
2026-08-05,3:00 PM,87.3,67.3,52,SSW,5.6,15.4,29.21,0.012,Light Drizzle
2026-08-05,4:00 PM,83.2,68.5,61,W,4.6,14.8,29.23,0.031,Drizzle
2026-08-05,5:00 PM,78.5,72.0,80,WSW,5.2,14.3,29.23,0.055,Light Rain
2026-08-05,6:00 PM,81.4,71.4,72,WSW,1.9,12.1,29.23,0.008,Light Drizzle
2026-08-05,7:00 PM,79.7,72.9,80,SSE,1.8,7.4,29.22,0.000,Fair
2026-08-05,8:00 PM,72.8,71.8,97,SSE,1.7,6.5,29.22,0.000,Cloudy
2026-08-05,9:00 PM,73.3,71.7,95,SSE,2.2,5.6,29.23,0.000,Fair
2026-08-05,10:00 PM,72.5,70.9,95,SSW,2.3,4.0,29.25,0.000,Fair
2026-08-05,11:00 PM,71.7,70.2,95,SSW,3.4,5.8,29.27,0.000,Fair
2026-08-06,12:00 AM,70.9,69.9,97,SSW,4.3,7.8,29.27,0.000,Fair
2026-08-06,1:00 AM,70.3,69.5,97,S,4.7,8.5,29.25,0.000,Fair
2026-08-06,2:00 AM,70.1,70.0,100,SSW,4.3,8.7,29.26,0.000,Fair
2026-08-06,3:00 AM,70.2,69.9,99,SSW,4.9,8.7,29.26,0.000,Fair
2026-08-06,4:00 AM,70.2,70.0,99,SW,4.7,9.6,29.26,0.000,Fair
2026-08-06,5:00 AM,69.6,69.4,99,SW,3.8,8.9,29.26,0.000,Fair
2026-08-06,6:00 AM,69.2,69.0,99,SW,2.7,7.2,29.27,0.000,Fair
2026-08-06,7:00 AM,69.7,69.5,99,SSW,3.4,6.0,29.29,0.000,Cloudy
2026-08-06,8:00 AM,69.8,69.4,98,SW,3.9,10.3,29.31,0.000,Fair
2026-08-06,9:00 AM,72.0,70.2,94,SSW,4.4,13.4,29.32,0.012,Light Drizzle
2026-08-06,10:00 AM,74.1,71.2,90,SSW,4.8,14.1,29.33,0.008,Light Drizzle
2026-08-06,11:00 AM,77.0,71.0,82,SSW,4.3,14.5,29.33,0.004,Light Drizzle
2026-08-06,12:00 PM,80.4,69.4,69,SSW,4.0,13.0,29.33,0.012,Light Drizzle
2026-08-06,1:00 PM,83.5,67.5,59,SW,4.8,13.4,29.31,0.004,Light Drizzle
2026-08-06,2:00 PM,84.2,68.7,60,SW,4.6,15.0,29.32,0.004,Light Drizzle
2026-08-06,3:00 PM,85.1,68.1,57,WSW,4.5,13.6,29.30,0.004,Light Drizzle
2026-08-06,4:00 PM,85.8,67.0,54,W,4.4,14.5,29.29,0.000,Fair
2026-08-06,5:00 PM,86.5,66.2,51,WSW,3.3,13.6,29.29,0.000,Fair
2026-08-06,6:00 PM,86.0,65.4,50,W,3.3,10.3,29.27,0.000,Fair
2026-08-06,7:00 PM,84.6,66.1,54,W,2.9,9.6,29.27,0.004,Light Drizzle
2026-08-06,8:00 PM,79.6,70.3,73,SSW,2.4,6.0,29.29,0.000,Fair
2026-08-06,9:00 PM,78.0,69.0,74,SW,1.5,4.3,29.30,0.000,Fair
2026-08-06,10:00 PM,76.0,68.8,78,SW,2.9,4.5,29.31,0.000,Fair
2026-08-06,11:00 PM,74.4,69.0,83,SSW,4.2,7.2,29.31,0.000,Fair
2026-08-07,12:00 AM,73.1,69.7,89,SSW,3.4,7.2,29.31,0.000,Fair
2026-08-07,1:00 AM,72.3,70.0,92,SW,3.6,6.5,29.32,0.000,Fair
2026-08-07,2:00 AM,70.9,70.0,97,SSW,2.6,6.3,29.31,0.000,Fair
2026-08-07,3:00 AM,70.8,70.1,98,SSW,2.7,4.9,29.29,0.000,Fair
2026-08-07,4:00 AM,70.3,69.9,99,SSW,2.3,4.7,29.29,0.000,Partly Cloudy
2026-08-07,5:00 AM,70.1,69.8,99,SSW,2.0,4.3,29.29,0.000,Cloudy
2026-08-07,6:00 AM,69.2,68.8,99,SSW,5.8,11.4,29.31,0.091,Light Rain
2026-08-07,7:00 AM,68.7,68.5,99,SSE,5.1,11.9,29.32,0.063,Light Rain
2026-08-07,8:00 AM,69.6,69.1,98,E,3.1,11.9,29.35,0.008,Light Drizzle
2026-08-07,9:00 AM,70.5,69.9,98,S,4.8,10.5,29.35,0.039,Drizzle
2026-08-07,10:00 AM,72.3,70.7,95,SSW,5.5,12.8,29.33,0.004,Light Drizzle
2026-08-07,11:00 AM,77.5,69.3,76,SSW,6.6,17.0,29.34,0.000,Cloudy
2026-08-07,12:00 PM,80.8,69.0,67,SSW,6.6,17.9,29.32,0.004,Light Drizzle
2026-08-07,1:00 PM,78.7,70.1,75,SW,8.3,19.2,29.30,0.028,Drizzle
2026-08-07,2:00 PM,79.5,71.9,78,SW,4.3,20.1,29.31,0.016,Light Drizzle
2026-08-07,3:00 PM,81.8,71.2,70,SW,4.8,15.7,29.28,0.008,Light Drizzle
2026-08-07,4:00 PM,83.4,70.1,64,SW,6.8,17.7,29.26,0.012,Light Drizzle
2026-08-07,5:00 PM,75.9,69.9,82,SW,9.9,22.4,29.25,0.043,Drizzle
2026-08-07,6:00 PM,78.0,71.9,82,WSW,4.5,20.8,29.24,0.008,Light Drizzle
2026-08-07,7:00 PM,79.3,70.9,76,SW,6.4,17.2,29.24,0.000,Fair
2026-08-07,8:00 PM,71.3,70.4,97,SW,5.9,15.2,29.25,0.000,Partly Cloudy
2026-08-07,9:00 PM,71.2,70.3,97,SSW,6.2,12.1,29.26,0.004,Light Drizzle
2026-08-07,10:00 PM,71.2,70.2,97,SSW,7.1,13.2,29.27,0.000,Cloudy
2026-08-07,11:00 PM,71.2,70.1,96,SSW,7.5,14.1,29.26,0.000,Cloudy
2026-08-08,12:00 AM,70.9,69.9,97,SSW,6.2,13.9,29.25,0.000,Partly Cloudy
2026-08-08,1:00 AM,70.1,69.2,97,SSW,6.6,12.5,29.24,0.000,Fair
2026-08-08,2:00 AM,69.2,68.0,96,SSW,6.5,12.3,29.23,0.000,Fair
2026-08-08,3:00 AM,68.4,67.1,96,SSW,6.5,12.3,29.23,0.000,Fair
2026-08-08,4:00 AM,67.8,66.2,95,SSW,7.7,14.5,29.22,0.000,Cloudy
2026-08-08,5:00 AM,67.6,65.8,94,SSW,7.1,14.8,29.21,0.000,Cloudy
2026-08-08,6:00 AM,67.6,66.2,95,SW,6.1,13.4,29.21,0.000,Fair
2026-08-08,7:00 AM,67.6,66.7,97,SSW,4.9,11.9,29.22,0.000,Fair
2026-08-08,8:00 AM,67.6,67.0,98,SSW,8.0,9.8,29.24,0.000,Partly Cloudy
2026-08-08,9:00 AM,69.5,68.5,96,SSW,6.4,19.7,29.26,0.016,Light Drizzle
2026-08-08,10:00 AM,71.2,69.2,93,S,5.7,17.9,29.25,0.024,Drizzle
2026-08-08,11:00 AM,73.3,69.7,89,SSW,9.2,19.0,29.25,0.004,Light Drizzle
2026-08-08,12:00 PM,74.0,69.1,85,SW,9.8,23.9,29.25,0.000,Cloudy
2026-08-08,1:00 PM,79.6,69.3,71,SW,9.3,23.0,29.22,0.000,Fair
2026-08-08,2:00 PM,79.4,72.1,78,SW,8.6,23.9,29.23,0.008,Light Drizzle
2026-08-08,3:00 PM,81.4,70.5,70,WSW,8.8,21.3,29.21,0.008,Light Drizzle
2026-08-08,4:00 PM,83.3,69.2,63,SW,8.5,23.0,29.18,0.000,Fair
2026-08-08,5:00 PM,84.0,69.1,61,SW,8.9,22.4,29.16,0.000,Fair
2026-08-08,6:00 PM,82.7,69.0,63,WSW,9.3,22.6,29.15,0.008,Light Drizzle
2026-08-08,7:00 PM,81.4,69.9,68,SW,7.5,19.0,29.16,0.000,Fair
2026-08-08,8:00 PM,75.7,72.4,90,SW,5.1,15.0,29.16,0.000,Cloudy
2026-08-08,9:00 PM,74.3,72.2,93,SSW,6.8,12.8,29.17,0.000,Cloudy
2026-08-08,10:00 PM,73.9,72.5,95,SSW,6.7,12.8,29.20,0.000,Partly Cloudy
2026-08-08,11:00 PM,73.1,71.6,95,SW,8.2,15.9,29.22,0.008,Light Drizzle
2026-08-09,12:00 AM,70.6,68.6,93,WSW,5.6,21.0,29.21,0.012,Light Drizzle
2026-08-09,1:00 AM,68.4,67.0,95,SSW,4.9,10.1,29.22,0.016,Light Drizzle
2026-08-09,2:00 AM,68.1,67.6,98,S,7.2,19.0,29.23,0.020,Drizzle
2026-08-09,3:00 AM,68.4,68.0,99,SW,7.1,13.4,29.21,0.012,Light Drizzle
2026-08-09,4:00 AM,68.8,68.5,99,WSW,6.4,13.4,29.20,0.000,Partly Cloudy
2026-08-09,5:00 AM,68.5,68.4,99,WSW,5.6,11.9,29.21,0.000,Fair
2026-08-09,6:00 AM,69.0,68.9,100,SW,5.1,10.7,29.23,0.000,Cloudy
2026-08-09,7:00 AM,69.3,69.2,100,WSW,5.3,11.2,29.24,0.000,Cloudy
2026-08-09,8:00 AM,68.9,67.6,96,WSW,3.4,12.1,29.26,0.000,Partly Cloudy
2026-08-09,9:00 AM,71.9,68.9,90,W,2.8,8.9,29.27,0.000,Fair
2026-08-09,10:00 AM,75.9,68.7,78,W,2.5,9.2,29.27,0.000,Fair
2026-08-09,11:00 AM,78.9,66.0,65,WSW,4.0,11.9,29.27,0.000,Fair
2026-08-09,12:00 PM,81.4,64.3,56,WSW,5.4,14.5,29.27,0.000,Fair
2026-08-09,1:00 PM,83.4,63.0,50,WSW,6.6,17.0,29.27,0.000,Fair
2026-08-09,2:00 PM,84.3,63.8,50,WSW,6.6,18.6,29.27,0.000,Fair
2026-08-09,3:00 PM,84.9,63.2,48,WSW,6.7,17.4,29.26,0.000,Fair
2026-08-09,4:00 PM,85.4,62.3,46,WSW,6.1,17.0,29.23,0.000,Fair
2026-08-09,5:00 PM,85.7,61.6,44,WSW,5.2,15.4,29.21,0.000,Fair
2026-08-09,6:00 PM,85.2,62.2,46,WSW,5.1,12.8,29.21,0.000,Fair
2026-08-09,7:00 PM,83.3,65.9,56,WSW,3.9,11.6,29.20,0.000,Partly Cloudy
2026-08-09,8:00 PM,78.2,67.7,70,S,4.4,9.2,29.19,0.000,Cloudy
2026-08-09,9:00 PM,75.6,67.1,75,SSW,3.5,7.6,29.20,0.000,Cloudy
2026-08-09,10:00 PM,74.1,67.4,79,SSW,5.6,9.8,29.22,0.000,Fair
2026-08-09,11:00 PM,73.4,68.2,84,SSW,5.4,10.3,29.21,0.000,Fair
2026-08-10,12:00 AM,73.6,69.5,87,SSW,7.4,13.6,29.21,0.000,Cloudy
2026-08-10,1:00 AM,73.7,70.8,91,SW,7.2,14.1,29.23,0.000,Cloudy
2026-08-10,2:00 AM,73.3,72.1,96,SW,6.0,15.7,29.21,0.000,Cloudy
2026-08-10,3:00 AM,72.6,71.3,96,SSW,6.7,13.0,29.20,0.000,Cloudy
2026-08-10,4:00 AM,71.6,70.6,97,SSW,5.7,12.8,29.19,0.000,Cloudy
2026-08-10,5:00 AM,71.3,70.4,97,SSW,6.0,11.6,29.18,0.000,Cloudy
2026-08-10,6:00 AM,71.2,70.3,97,SSW,6.2,11.9,29.18,0.000,Cloudy
2026-08-10,7:00 AM,71.7,70.4,96,SW,5.9,11.9,29.21,0.000,Cloudy
2026-08-10,8:00 AM,73.9,72.1,94,SSW,6.3,16.3,29.21,0.000,Cloudy
2026-08-10,9:00 AM,76.0,72.5,89,SW,7.2,15.9,29.20,0.000,Cloudy
2026-08-10,10:00 AM,78.7,72.3,81,SW,9.3,20.6,29.19,0.000,Cloudy
2026-08-10,11:00 AM,73.4,71.9,95,WSW,13.3,25.9,29.23,0.327,Heavy Rain
2026-08-10,12:00 PM,70.5,70.2,99,WSW,7.9,29.3,29.22,0.256,Rain
2026-08-10,1:00 PM,73.3,71.9,95,SSW,9.9,20.6,29.18,0.079,Light Rain
2026-08-10,2:00 PM,72.8,70.7,93,SW,9.3,23.7,29.18,0.008,Light Drizzle
2026-08-10,3:00 PM,74.8,70.8,87,WSW,10.3,22.6,29.18,0.000,Cloudy
2026-08-10,4:00 PM,75.4,70.5,85,WSW,9.4,30.9,29.16,0.000,Cloudy
2026-08-10,5:00 PM,74.8,69.6,84,W,11.3,29.3,29.18,0.012,Light Drizzle
2026-08-10,6:00 PM,74.8,71.1,88,WSW,8.8,25.7,29.15,0.016,Light Drizzle
2026-08-10,7:00 PM,75.5,72.1,89,W,2.7,18.1,29.14,0.000,Cloudy
2026-08-10,8:00 PM,72.5,71.4,96,SSE,2.7,6.3,29.15,0.000,Cloudy
2026-08-10,9:00 PM,71.5,70.6,97,S,7.3,14.3,29.15,0.000,Cloudy
2026-08-10,10:00 PM,70.8,70.0,97,S,3.9,14.3,29.17,0.000,Cloudy
2026-08-10,11:00 PM,71.1,70.3,98,SSW,5.0,9.4,29.17,0.004,Light Drizzle
2026-08-11,12:00 AM,71.4,70.6,97,SW,10.4,19.5,29.18,0.000,Cloudy
2026-08-11,1:00 AM,70.8,70.1,98,SW,6.9,21.5,29.17,0.004,Light Drizzle
2026-08-11,2:00 AM,69.9,68.8,96,SW,10.1,13.2,29.18,0.000,Cloudy
2026-08-11,3:00 AM,69.6,68.1,95,SW,8.6,19.0,29.17,0.000,Cloudy
2026-08-11,4:00 AM,68.9,67.7,96,SSW,8.3,17.0,29.17,0.004,Light Drizzle
2026-08-11,5:00 AM,68.4,67.6,97,SW,5.6,15.9,29.16,0.000,Cloudy
2026-08-11,6:00 AM,67.9,67.4,98,SW,4.8,10.3,29.18,0.000,Cloudy
2026-08-11,7:00 AM,67.7,67.3,98,SSW,4.9,10.7,29.19,0.000,Partly Cloudy
2026-08-11,8:00 AM,67.7,67.6,99,SSW,8.3,9.4,29.17,0.000,Cloudy
2026-08-11,9:00 AM,69.7,68.7,97,SW,7.4,17.0,29.19,0.004,Light Drizzle
2026-08-11,10:00 AM,70.4,69.5,97,SW,9.9,19.9,29.17,0.020,Drizzle
2026-08-11,11:00 AM,70.6,69.8,97,SW,9.8,20.4,29.16,0.024,Drizzle
2026-08-11,12:00 PM,71.3,70.2,96,SW,4.8,19.7,29.17,0.008,Light Drizzle
2026-08-11,1:00 PM,73.6,69.7,88,W,6.5,14.8,29.18,0.000,Cloudy
2026-08-11,2:00 PM,72.5,67.1,83,SW,9.3,23.9,29.16,0.000,Cloudy
2026-08-11,3:00 PM,74.1,66.1,76,SW,10.4,23.0,29.14,0.000,Cloudy
2026-08-11,4:00 PM,74.2,65.8,75,WSW,9.1,25.5,29.13,0.000,Cloudy
2026-08-11,5:00 PM,74.6,65.5,73,WSW,9.9,21.5,29.15,0.000,Cloudy
2026-08-11,6:00 PM,74.1,66.5,77,WSW,7.7,22.4,29.14,0.000,Cloudy
2026-08-11,7:00 PM,73.1,67.3,82,WSW,3.8,15.4,29.10,0.004,Light Drizzle
2026-08-11,8:00 PM,70.8,66.9,88,SSE,1.9,7.4,29.07,0.008,Light Drizzle
2026-08-11,9:00 PM,70.3,67.0,89,SSW,4.7,8.9,29.10,0.000,Cloudy
2026-08-11,10:00 PM,69.5,67.0,92,WSW,3.1,8.9,29.13,0.000,Cloudy
2026-08-11,11:00 PM,67.8,66.5,95,SW,5.8,10.3,29.13,0.000,Fair
2026-08-12,12:00 AM,66.8,66.0,97,SW,6.7,12.8,29.13,0.000,Cloudy
2026-08-12,1:00 AM,66.1,65.6,98,SW,6.2,13.0,29.13,0.000,Cloudy
2026-08-12,2:00 AM,66.4,66.1,99,SW,5.9,11.9,29.13,0.000,Cloudy
2026-08-12,3:00 AM,65.8,65.6,99,WSW,5.7,13.0,29.11,0.000,Cloudy
2026-08-12,4:00 AM,65.8,64.4,95,W,5.8,13.0,29.12,0.000,Cloudy
2026-08-12,5:00 AM,65.8,64.1,95,WSW,4.5,13.0,29.11,0.000,Cloudy
2026-08-12,6:00 AM,65.1,64.3,97,WSW,2.7,10.1,29.12,0.000,Cloudy
2026-08-12,7:00 AM,65.2,64.0,96,SSW,3.7,7.6,29.11,0.000,Cloudy
2026-08-12,8:00 AM,65.4,64.8,98,SSW,6.2,12.5,29.13,0.000,Cloudy
2026-08-12,9:00 AM,66.7,64.7,93,SW,5.6,15.2,29.13,0.000,Cloudy
2026-08-12,10:00 AM,69.8,64.9,85,SSW,6.6,15.4,29.13,0.004,Light Drizzle
2026-08-12,11:00 AM,71.2,64.9,81,SSW,6.9,16.8,29.11,0.004,Light Drizzle
2026-08-12,12:00 PM,74.0,66.0,76,SW,7.2,16.6,29.12,0.004,Light Drizzle
2026-08-12,1:00 PM,74.9,66.4,75,SW,8.4,21.3,29.10,0.008,Light Drizzle
2026-08-12,2:00 PM,75.7,65.1,70,SW,8.1,21.9,29.09,0.004,Light Drizzle
2026-08-12,3:00 PM,75.4,65.7,72,WSW,8.1,20.8,29.10,0.004,Light Drizzle
2026-08-12,4:00 PM,74.6,66.7,76,WSW,10.7,22.1,29.08,0.024,Drizzle
2026-08-12,5:00 PM,74.3,66.4,76,WSW,10.5,25.5,29.08,0.016,Light Drizzle
2026-08-12,6:00 PM,72.8,67.3,83,W,9.3,21.3,29.08,0.008,Light Drizzle
2026-08-12,7:00 PM,72.2,67.2,84,W,7.8,19.5,29.06,0.004,Light Drizzle
2026-08-12,8:00 PM,69.5,68.3,96,W,4.5,15.2,29.06,0.000,Cloudy
2026-08-12,9:00 PM,68.3,67.2,96,SSW,2.6,8.1,29.04,0.000,Fair
2026-08-12,10:00 PM,67.6,66.8,97,SW,6.5,11.6,29.07,0.000,Fair
2026-08-12,11:00 PM,67.5,66.7,98,SW,7.1,13.6,29.07,0.000,Fair
2026-08-13,12:00 AM,67.6,66.9,98,SW,7.8,14.8,29.09,0.000,Cloudy
2026-08-13,1:00 AM,67.9,66.8,96,SW,8.6,16.8,29.10,0.000,Cloudy
2026-08-13,2:00 AM,67.9,66.8,96,WSW,7.6,17.2,29.13,0.004,Light Drizzle
2026-08-13,3:00 AM,67.4,66.1,96,WSW,6.7,14.8,29.12,0.000,Cloudy
2026-08-13,4:00 AM,67.1,65.8,95,WSW,6.0,12.8,29.11,0.000,Cloudy
2026-08-13,5:00 AM,66.5,65.4,96,SW,5.4,11.4,29.10,0.000,Partly Cloudy
2026-08-13,6:00 AM,65.4,64.9,98,WSW,4.1,10.1,29.10,0.000,Fair
2026-08-13,7:00 AM,64.7,64.1,98,SW,4.1,7.6,29.11,0.000,Fair
2026-08-13,8:00 AM,66.4,65.4,97,WSW,3.1,9.2,29.14,0.000,Fair
2026-08-13,9:00 AM,69.1,66.0,90,WSW,2.2,8.1,29.15,0.000,Partly Cloudy
2026-08-13,10:00 AM,72.3,66.0,81,WSW,3.2,10.1,29.16,0.000,Partly Cloudy
2026-08-13,11:00 AM,75.6,66.0,72,SW,4.6,12.8,29.17,0.000,Cloudy
2026-08-13,12:00 PM,77.3,66.4,69,WSW,5.0,13.4,29.18,0.000,Cloudy
2026-08-13,1:00 PM,77.7,67.0,70,WSW,4.4,13.4,29.17,0.000,Cloudy
2026-08-13,2:00 PM,77.8,67.6,71,WNW,3.2,11.4,29.18,0.000,Cloudy
2026-08-13,3:00 PM,79.4,67.6,67,WNW,3.8,11.0,29.17,0.000,Cloudy
2026-08-13,4:00 PM,79.8,68.1,68,NW,4.1,11.4,29.16,0.000,Cloudy
2026-08-13,5:00 PM,79.3,68.3,69,NW,4.0,11.4,29.15,0.000,Cloudy
2026-08-13,6:00 PM,79.2,68.3,69,NW,3.9,10.5,29.15,0.000,Cloudy
2026-08-13,7:00 PM,77.7,70.8,79,WNW,2.9,9.2,29.15,0.000,Cloudy
2026-08-13,8:00 PM,75.5,70.7,85,N,2.1,4.9,29.15,0.000,Cloudy
2026-08-13,9:00 PM,73.0,69.3,88,NE,2.5,3.8,29.17,0.000,Partly Cloudy
2026-08-13,10:00 PM,71.9,68.7,90,ENE,3.9,7.2,29.19,0.000,Cloudy
2026-08-13,11:00 PM,72.2,69.0,90,ENE,2.3,6.5,29.21,0.000,Cloudy
2026-08-14,12:00 AM,71.7,69.2,92,NE,3.3,6.0,29.22,0.000,Cloudy
2026-08-14,1:00 AM,71.2,69.2,93,NE,3.6,6.3,29.22,0.000,Cloudy
2026-08-14,2:00 AM,70.6,69.5,96,ENE,3.7,6.9,29.21,0.000,Cloudy
2026-08-14,3:00 AM,70.7,69.4,96,E,3.0,6.3,29.19,0.000,Cloudy
2026-08-14,4:00 AM,70.5,69.3,96,E,2.5,5.4,29.20,0.000,Cloudy
2026-08-14,5:00 AM,69.7,68.8,97,ENE,3.6,5.8,29.21,0.000,Cloudy
2026-08-14,6:00 AM,69.2,68.5,98,E,2.3,7.8,29.21,0.000,Cloudy
2026-08-14,7:00 AM,69.3,68.5,98,E,1.7,4.0,29.22,0.000,Cloudy
2026-08-14,8:00 AM,69.9,68.7,96,S,3.9,5.1,29.24,0.008,Light Drizzle
2026-08-14,9:00 AM,71.1,69.8,96,SSE,2.6,7.6,29.25,0.016,Light Drizzle
2026-08-14,10:00 AM,71.5,70.0,95,SE,2.2,6.3,29.24,0.004,Light Drizzle
2026-08-14,11:00 AM,75.7,70.3,83,E,1.4,8.1,29.25,0.000,Cloudy
2026-08-14,12:00 PM,77.5,69.4,76,W,0.9,7.4,29.26,0.000,Cloudy
2026-08-14,1:00 PM,76.3,68.9,78,W,2.7,7.6,29.26,0.000,Cloudy
2026-08-14,2:00 PM,72.1,71.0,96,WNW,4.1,9.4,29.27,0.016,Light Drizzle
2026-08-14,3:00 PM,72.6,70.6,94,NW,3.9,9.2,29.26,0.020,Drizzle
2026-08-14,4:00 PM,75.2,71.6,89,N,4.2,13.2,29.25,0.004,Light Drizzle
2026-08-14,5:00 PM,76.4,70.5,82,N,2.3,13.2,29.24,0.004,Light Drizzle
2026-08-14,6:00 PM,76.3,69.9,81,NNW,2.3,8.1,29.26,0.008,Light Drizzle
2026-08-14,7:00 PM,75.6,70.5,84,WNW,1.3,8.5,29.26,0.004,Light Drizzle
2026-08-14,8:00 PM,72.6,71.5,96,SW,0.7,4.0,29.26,0.004,Light Drizzle
2026-08-14,9:00 PM,71.5,70.7,97,W,1.5,3.1,29.28,0.000,Cloudy
2026-08-14,10:00 PM,71.1,70.2,97,WNW,2.0,3.4,29.30,0.000,Fair
2026-08-14,11:00 PM,70.3,69.2,96,NW,2.7,4.5,29.31,0.000,Fair
2026-08-15,12:00 AM,70.0,68.5,95,NW,3.5,6.3,29.32,0.000,Fair
2026-08-15,1:00 AM,69.4,68.3,96,N,3.1,6.3,29.31,0.000,Fair
2026-08-15,2:00 AM,67.7,67.7,100,NNE,2.7,6.0,29.32,0.000,Cloudy
2026-08-15,3:00 AM,67.7,67.7,100,N,2.1,5.6,29.31,0.000,Cloudy
2026-08-15,4:00 AM,67.7,67.6,100,NNE,2.7,4.9,29.31,0.000,Cloudy
2026-08-15,5:00 AM,67.3,67.3,100,NNE,2.0,5.1,29.31,0.000,Cloudy
2026-08-15,6:00 AM,66.9,66.8,100,NE,1.4,4.3,29.31,0.000,Cloudy
2026-08-15,7:00 AM,66.9,66.8,100,NE,2.7,6.0,29.33,0.000,Cloudy
2026-08-15,8:00 AM,67.5,66.9,98,NE,2.1,8.5,29.34,0.000,Cloudy
2026-08-15,9:00 AM,69.7,67.8,94,E,2.7,8.5,29.34,0.000,Cloudy
2026-08-15,10:00 AM,72.6,69.5,90,ESE,2.9,10.1,29.34,0.000,Cloudy
2026-08-15,11:00 AM,76.2,71.6,86,S,0.9,9.4,29.36,0.000,Cloudy
2026-08-15,12:00 PM,78.3,70.2,76,S,2.0,8.3,29.36,0.004,Light Drizzle
2026-08-15,1:00 PM,81.1,68.1,65,SSE,2.1,9.4,29.35,0.000,Cloudy
2026-08-15,2:00 PM,79.8,67.6,66,SSW,1.3,9.2,29.37,0.000,Cloudy
2026-08-15,3:00 PM,78.6,68.2,70,SW,0.7,5.1,29.35,0.000,Cloudy
2026-08-15,4:00 PM,77.8,69.4,75,E,1.8,5.4,29.31,0.004,Light Drizzle
2026-08-15,5:00 PM,79.3,68.7,70,SE,2.6,8.7,29.29,0.000,Cloudy
2026-08-15,6:00 PM,79.5,68.6,69,E,0.9,7.6,29.29,0.000,Cloudy
2026-08-15,7:00 PM,78.2,72.1,82,SSE,1.2,4.3,29.27,0.000,Cloudy
2026-08-15,8:00 PM,76.3,72.2,87,ESE,1.3,3.8,29.27,0.000,Partly Cloudy
2026-08-15,9:00 PM,75.2,71.0,87,ESE,1.3,2.5,29.27,0.000,Cloudy
2026-08-15,10:00 PM,73.9,70.4,89,ESE,3.8,6.3,29.27,0.000,Partly Cloudy
2026-08-15,11:00 PM,73.1,69.6,89,SE,4.2,8.1,29.27,0.000,Partly Cloudy
2026-08-16,12:00 AM,72.5,69.4,90,SE,4.9,8.5,29.24,0.000,Cloudy
2026-08-16,1:00 AM,72.0,69.5,92,SSE,5.0,9.6,29.23,0.004,Light Drizzle
2026-08-16,2:00 AM,71.8,70.3,95,SSE,2.6,9.2,29.22,0.102,Rain
2026-08-16,3:00 AM,72.2,71.6,98,ESE,3.8,6.5,29.19,0.323,Heavy Rain
2026-08-16,4:00 AM,71.8,71.2,98,NE,2.0,11.0,29.17,0.110,Rain
2026-08-16,5:00 AM,70.5,70.2,99,WSW,4.7,9.2,29.17,0.051,Light Rain
2026-08-16,6:00 AM,70.9,70.2,98,W,6.0,11.2,29.17,0.020,Drizzle
2026-08-16,7:00 AM,71.0,70.5,98,WSW,7.1,13.2,29.18,0.000,Cloudy
2026-08-16,8:00 AM,71.4,71.0,98,SW,8.0,14.3,29.19,0.004,Light Drizzle
2026-08-16,9:00 AM,73.0,72.4,98,WSW,9.7,20.4,29.19,0.008,Light Drizzle
2026-08-16,10:00 AM,73.6,72.7,97,WSW,8.0,19.5,29.16,0.000,Cloudy
2026-08-16,11:00 AM,77.4,73.0,87,WSW,10.1,21.3,29.18,0.008,Light Drizzle
2026-08-16,12:00 PM,80.1,71.9,76,WSW,10.3,24.6,29.18,0.000,Cloudy
2026-08-16,1:00 PM,83.2,71.4,68,WSW,10.7,23.7,29.15,0.008,Light Drizzle
2026-08-16,2:00 PM,82.1,75.0,79,WSW,8.6,26.4,29.13,0.031,Drizzle
2026-08-16,3:00 PM,82.9,74.2,75,WSW,10.1,27.3,29.11,0.004,Light Drizzle
2026-08-16,4:00 PM,76.4,74.8,95,WSW,11.5,28.4,29.11,0.335,Heavy Rain
2026-08-16,5:00 PM,75.8,74.2,95,SW,7.6,23.5,29.1,0.012,Light Drizzle
2026-08-16,6:00 PM,77.2,74.9,93,SW,7.6,16.6,29.08,0.000,Partly Cloudy
2026-08-16,7:00 PM,75.5,74.1,96,SW,10.7,21.9,29.08,0.024,Drizzle
2026-08-16,8:00 PM,72.8,72.3,98,SW,6.4,21.5,29.06,0.035,Drizzle
2026-08-16,9:00 PM,72.4,71.8,98,SW,5.5,12.8,29.07,0.035,Drizzle
2026-08-16,10:00 PM,72.1,71.7,98,SW,4.9,10.1,29.08,0.008,Light Drizzle
2026-08-16,11:00 PM,72.0,71.6,99,SW,4.7,9.4,29.07,0.000,Cloudy
2026-08-17,12:00 AM,71.9,71.6,99,WSW,5.1,9.6,29.08,0.000,Cloudy
2026-08-17,1:00 AM,71.7,71.4,99,WSW,5.6,10.5,29.08,0.000,Cloudy
2026-08-17,2:00 AM,70.2,69.8,99,WSW,6.1,12.1,29.08,0.000,Cloudy
2026-08-17,3:00 AM,71.5,71.2,99,WSW,6.9,13.9,29.07,0.035,Drizzle
2026-08-17,4:00 AM,71.1,70.5,98,WNW,6.7,15.7,29.07,0.016,Light Drizzle
2026-08-17,5:00 AM,70.7,70.4,99,W,4.8,12.8,29.06,0.000,Fair
2026-08-17,6:00 AM,70.2,70.0,99,WSW,4.8,8.7,29.08,0.000,Fair
2026-08-17,7:00 AM,70.0,69.8,99,WSW,4.3,9.4,29.10,0.000,Partly Cloudy
2026-08-17,8:00 AM,72.9,72.4,98,WNW,5.0,11.0,29.12,0.000,Cloudy
2026-08-17,9:00 AM,74.6,73.3,96,NW,3.7,13.2,29.12,0.000,Cloudy
2026-08-17,10:00 AM,76.7,73.9,91,W,3.3,12.8,29.11,0.000,Cloudy
2026-08-17,11:00 AM,78.9,73.4,83,W,4.5,15.7,29.12,0.000,Cloudy
2026-08-17,12:00 PM,81.0,71.7,73,WNW,6.3,19.2,29.12,0.004,Light Drizzle
2026-08-17,1:00 PM,81.2,69.8,68,WNW,7.1,19.2,29.10,0.008,Light Drizzle
2026-08-17,2:00 PM,81.1,70.1,69,WNW,6.0,18.8,29.09,0.012,Light Drizzle
2026-08-17,3:00 PM,80.9,70.8,71,WNW,5.4,15.7,29.09,0.016,Light Drizzle
2026-08-17,4:00 PM,77.0,70.4,80,WNW,7.6,17.7,29.09,0.039,Drizzle
2026-08-17,5:00 PM,78.4,70.5,77,NW,4.3,16.3,29.08,0.000,Cloudy
2026-08-17,6:00 PM,78.4,69.8,75,NW,4.3,10.7,29.07,0.000,Cloudy
2026-08-17,7:00 PM,77.1,69.6,78,N,5.4,10.3,29.07,0.000,Cloudy
2026-08-17,8:00 PM,74.5,71.1,89,NNW,3.8,10.7,29.08,0.000,Fair
2026-08-17,9:00 PM,73.0,70.1,91,N,5.6,9.8,29.09,0.004,Light Drizzle
2026-08-17,10:00 PM,71.4,69.0,92,N,6.4,11.6,29.12,0.000,Fair
2026-08-17,11:00 PM,69.7,67.4,92,N,6.3,12.5,29.12,0.000,Fair
2026-08-18,12:00 AM,68.3,66.3,93,N,4.8,12.1,29.12,0.000,Fair
2026-08-18,1:00 AM,67.2,65.7,95,N,4.8,8.9,29.13,0.000,Fair
2026-08-18,2:00 AM,67.5,66.4,96,N,4.8,9.2,29.13,0.000,Fair
2026-08-18,3:00 AM,66.7,65.7,97,NNW,4.0,8.5,29.12,0.000,Fair
2026-08-18,4:00 AM,65.8,64.9,97,N,3.8,7.6,29.13,0.000,Fair
2026-08-18,5:00 AM,65.0,64.3,98,NNW,4.4,8.3,29.13,0.000,Fair
2026-08-18,6:00 AM,64.2,63.5,98,NNW,4.0,8.3,29.13,0.000,Fair
2026-08-18,7:00 AM,63.5,62.8,98,NNW,4.6,8.1,29.15,0.000,Fair
2026-08-18,8:00 AM,66.3,64.4,94,NNW,3.7,9.4,29.18,0.000,Fair
2026-08-18,9:00 AM,69.0,64.9,87,NNW,2.9,8.9,29.18,0.000,Fair
2026-08-18,10:00 AM,72.0,64.1,76,NNW,3.8,11.0,29.19,0.000,Fair
2026-08-18,11:00 AM,74.7,61.4,63,NNW,4.4,12.5,29.19,0.000,Fair
2026-08-18,12:00 PM,76.8,57.2,51,NNW,5.7,14.8,29.19,0.000,Fair
2026-08-18,1:00 PM,78.1,56.5,47,NNW,6.3,16.8,29.18,0.000,Fair
2026-08-18,2:00 PM,79.6,54.8,42,NW,5.2,15.9,29.18,0.000,Partly Cloudy
2026-08-18,3:00 PM,79.0,55.0,44,NW,4.4,13.2,29.18,0.000,Fair
2026-08-18,4:00 PM,79.3,55.3,44,WNW,4.9,12.5,29.17,0.000,Partly Cloudy
2026-08-18,5:00 PM,78.0,57.7,50,WNW,4.6,12.5,29.16,0.000,Cloudy
2026-08-18,6:00 PM,77.3,60.7,57,W,3.4,10.1,29.15,0.000,Cloudy
2026-08-18,7:00 PM,76.0,63.7,66,WSW,2.7,7.8,29.14,0.000,Fair
2026-08-18,8:00 PM,73.9,63.3,70,NW,0.6,4.7,29.14,0.000,Fair
2026-08-18,9:00 PM,71.4,62.5,74,S,0.6,1.3,29.13,0.000,Fair
2026-08-18,10:00 PM,69.4,62.7,79,WSW,1.2,2.5,29.14,0.000,Fair
2026-08-18,11:00 PM,67.5,62.9,85,SW,1.8,2.9,29.13,0.000,Fair
2026-08-19,12:00 AM,66.4,62.6,88,SW,3.0,4.9,29.13,0.000,Fair
2026-08-19,1:00 AM,65.8,62.1,88,SW,4.0,6.9,29.13,0.000,Fair
2026-08-19,2:00 AM,64.4,62.0,92,SW,3.8,7.4,29.14,0.000,Fair
2026-08-19,3:00 AM,64.0,62.1,93,SW,3.8,7.6,29.12,0.000,Fair
2026-08-19,4:00 AM,63.8,62.0,94,WSW,3.6,6.9,29.12,0.000,Fair
2026-08-19,5:00 AM,64.0,62.2,94,SW,3.8,6.7,29.12,0.000,Fair
2026-08-19,6:00 AM,64.0,62.2,94,SSW,4.1,7.4,29.11,0.000,Fair
2026-08-19,7:00 AM,64.0,62.6,95,SSW,5.1,8.9,29.11,0.000,Partly Cloudy
2026-08-19,8:00 AM,65.2,63.1,93,S,3.9,9.8,29.12,0.000,Fair
2026-08-19,9:00 AM,69.5,65.1,86,SSW,4.1,10.5,29.13,0.000,Fair
2026-08-19,10:00 AM,73.7,66.4,78,SW,5.6,13.6,29.13,0.000,Partly Cloudy
2026-08-19,11:00 AM,75.1,64.8,70,WSW,8.5,19.0,29.14,0.000,Cloudy
2026-08-19,12:00 PM,74.5,64.5,71,WSW,8.4,20.1,29.14,0.008,Light Drizzle
2026-08-19,1:00 PM,76.8,66.2,70,WSW,8.9,22.8,29.14,0.004,Light Drizzle
2026-08-19,2:00 PM,78.2,64.2,62,W,8.6,23.5,29.15,0.012,Light Drizzle
2026-08-19,3:00 PM,78.4,64.9,63,W,6.7,19.0,29.15,0.004,Light Drizzle
2026-08-19,4:00 PM,78.4,65.5,65,WSW,6.5,15.9,29.14,0.000,Cloudy
2026-08-19,5:00 PM,77.8,66.1,67,WSW,6.4,15.2,29.13,0.000,Cloudy
2026-08-19,6:00 PM,77.1,67.2,72,WSW,6.0,14.3,29.14,0.000,Cloudy
2026-08-19,7:00 PM,75.0,67.9,79,SW,6.2,12.5,29.13,0.000,Partly Cloudy
2026-08-19,8:00 PM,72.7,66.7,81,SW,7.7,12.3,29.14,0.000,Cloudy
2026-08-19,9:00 PM,71.2,66.7,86,SW,4.7,14.1,29.14,0.000,Cloudy
2026-08-19,10:00 PM,70.1,67.0,90,W,2.0,8.9,29.15,0.000,Cloudy
2026-08-19,11:00 PM,70.1,67.1,90,S,1.5,3.6,29.15,0.000,Cloudy
2026-08-20,12:00 AM,69.1,67.0,93,S,1.4,3.4,29.16,0.000,Partly Cloudy
2026-08-20,1:00 AM,67.6,66.4,96,SSW,2.1,3.8,29.16,0.000,Cloudy
2026-08-20,2:00 AM,68.5,67.7,98,S,0.7,4.0,29.15,0.000,Cloudy
2026-08-20,3:00 AM,68.2,67.6,98,SSE,2.8,5.1,29.13,0.004,Light Drizzle
2026-08-20,4:00 AM,67.6,66.7,97,SSE,2.6,5.4,29.12,0.000,Cloudy
2026-08-20,5:00 AM,66.0,65.4,98,NW,2.6,9.2,29.13,0.165,Rain
2026-08-20,6:00 AM,66.3,65.8,98,ENE,1.2,4.5,29.12,0.075,Light Rain
2026-08-20,7:00 AM,66.1,65.9,99,ESE,3.8,7.8,29.11,0.087,Light Rain
2026-08-20,8:00 AM,66.7,66.6,99,E,1.1,6.9,29.13,0.067,Light Rain
2026-08-20,9:00 AM,67.8,67.6,99,NNE,2.7,6.9,29.12,0.039,Drizzle
2026-08-20,10:00 AM,69.2,68.5,98,E,1.9,6.0,29.13,0.012,Light Drizzle
2026-08-20,11:00 AM,68.7,67.1,95,N,1.6,6.5,29.14,0.020,Drizzle
2026-08-20,12:00 PM,69.7,68.3,95,NNW,3.2,8.1,29.15,0.028,Drizzle
2026-08-20,1:00 PM,69.8,68.1,94,NW,3.5,8.5,29.16,0.004,Light Drizzle
2026-08-20,2:00 PM,68.6,67.5,96,NNW,4.2,9.4,29.18,0.012,Light Drizzle
2026-08-20,3:00 PM,70.1,68.1,93,N,4.0,11.0,29.18,0.004,Light Drizzle
2026-08-20,4:00 PM,73.4,68.5,85,N,4.6,15.2,29.17,0.004,Light Drizzle
2026-08-20,5:00 PM,74.6,67.1,78,N,5.5,15.4,29.17,0.004,Light Drizzle
2026-08-20,6:00 PM,73.9,66.1,77,NNE,5.8,16.8,29.18,0.004,Light Drizzle
2026-08-20,7:00 PM,73.0,66.6,80,NE,4.5,13.4,29.18,0.004,Light Drizzle
2026-08-20,8:00 PM,69.5,69.4,100,NE,3.7,8.7,29.20,0.000,Cloudy
2026-08-20,9:00 PM,67.7,67.3,98,NE,2.5,10.5,29.23,0.008,Light Drizzle
2026-08-20,10:00 PM,67.6,66.3,95,NE,1.4,4.5,29.24,0.000,Fair
2026-08-20,11:00 PM,67.0,65.8,96,SE,0.4,2.5,29.25,0.000,Fair
2026-08-21,12:00 AM,66.1,65.5,98,SE,0.9,1.8,29.25,0.000,Fair
2026-08-21,1:00 AM,64.7,64.7,100,NNE,2.2,3.1,29.25,0.000,Fair
2026-08-21,2:00 AM,63.8,63.8,100,NNE,3.7,7.2,29.25,0.000,Cloudy
2026-08-21,3:00 AM,63.6,63.6,100,N,2.7,6.9,29.25,0.000,Cloudy
2026-08-21,4:00 AM,63.1,63.1,100,NNE,2.6,5.4,29.24,0.000,Cloudy
2026-08-21,5:00 AM,62.6,62.6,100,NE,2.8,6.7,29.25,0.000,Cloudy
2026-08-21,6:00 AM,62.6,62.6,100,NE,3.1,6.7,29.26,0.000,Cloudy
2026-08-21,7:00 AM,62.2,62.1,99,ENE,4.2,8.7,29.27,0.000,Cloudy
2026-08-21,8:00 AM,62.6,62.3,99,ENE,3.9,10.1,29.28,0.000,Cloudy
2026-08-21,9:00 AM,64.4,63.5,97,ENE,4.4,11.2,29.29,0.000,Partly Cloudy
2026-08-21,10:00 AM,68.5,65.9,91,E,3.8,11.0,29.28,0.000,Fair
2026-08-21,11:00 AM,72.4,64.4,76,E,6.1,15.7,29.29,0.004,Light Drizzle
2026-08-21,12:00 PM,74.7,63.2,68,E,5.4,15.7,29.28,0.004,Light Drizzle
2026-08-21,1:00 PM,76.1,62.1,62,E,4.7,14.8,29.26,0.000,Fair
2026-08-21,2:00 PM,78.0,61.3,56,E,3.8,13.2,29.26,0.004,Light Drizzle
2026-08-21,3:00 PM,77.7,61.5,57,ESE,3.8,12.1,29.24,0.004,Light Drizzle
2026-08-21,4:00 PM,77.9,62.2,58,ESE,3.4,11.9,29.22,0.000,Fair
2026-08-21,5:00 PM,77.7,62.6,60,ESE,2.4,10.3,29.21,0.000,Fair
2026-08-21,6:00 PM,76.9,62.9,62,ESE,3.1,8.7,29.19,0.000,Fair
2026-08-21,7:00 PM,75.2,66.5,74,ESE,3.4,8.3,29.18,0.004,Light Drizzle
2026-08-21,8:00 PM,72.2,66.7,83,E,2.7,6.3,29.18,0.000,Fair
2026-08-21,9:00 PM,70.4,64.8,82,E,3.5,7.2,29.19,0.000,Fair
2026-08-21,10:00 PM,68.8,63.4,83,E,3.9,6.5,29.20,0.000,Fair
2026-08-21,11:00 PM,67.6,62.6,84,ESE,3.9,7.6,29.19,0.000,Fair
2026-08-22,12:00 AM,66.1,61.8,86,E,3.8,6.5,29.18,0.000,Fair
2026-08-22,1:00 AM,65.1,61.3,87,ESE,4.2,6.9,29.16,0.000,Fair
2026-08-22,2:00 AM,63.8,60.7,90,ESE,5.4,9.4,29.15,0.000,Fair
2026-08-22,3:00 AM,63.5,60.8,91,SSE,2.8,9.4,29.14,0.000,Fair
2026-08-22,4:00 AM,63.1,61.0,93,SSE,2.7,4.9,29.13,0.000,Fair
2026-08-22,5:00 AM,62.6,61.2,95,S,2.1,4.5,29.13,0.000,Fair
2026-08-22,6:00 AM,62.1,61.3,97,SSE,2.4,4.0,29.12,0.000,Fair
2026-08-22,7:00 AM,62.3,61.7,98,S,3.8,6.3,29.13,0.000,Fair
2026-08-22,8:00 AM,65.3,63.5,94,SSE,2.8,9.2,29.15,0.000,Fair
2026-08-22,9:00 AM,68.9,65.4,89,SSE,3.8,10.1,29.15,0.000,Partly Cloudy
2026-08-22,10:00 AM,72.1,66.7,83,SSE,5.9,14.8,29.13,0.000,Fair
2026-08-22,11:00 AM,75.7,67.3,75,S,4.9,15.4,29.13,0.000,Fair
2026-08-22,12:00 PM,77.9,67.5,70,SSW,5.9,17.0,29.12,0.000,Cloudy
2026-08-22,1:00 PM,77.7,66.6,69,S,5.0,17.0,29.09,0.008,Light Drizzle
2026-08-22,2:00 PM,77.1,65.1,67,S,1.8,15.4,29.08,0.000,Cloudy
2026-08-22,3:00 PM,68.1,67.7,99,S,8.0,17.0,29.08,0.114,Rain
2026-08-22,4:00 PM,68.6,67.4,96,SSW,5.5,17.2,29.07,0.047,Drizzle
2026-08-22,5:00 PM,69.4,67.7,94,SSW,6.3,15.9,29.04,0.024,Drizzle
2026-08-22,6:00 PM,71.2,68.3,91,SSW,5.9,13.4,29.04,0.000,Cloudy
2026-08-22,7:00 PM,68.9,67.2,94,SW,6.0,18.1,29.01,0.024,Drizzle
2026-08-22,8:00 PM,65.7,65.3,99,SSE,4.7,14.1,29.02,0.004,Light Drizzle
2026-08-22,9:00 PM,66.1,65.4,98,WSW,7.5,14.1,29.02,0.004,Light Drizzle
2026-08-22,10:00 PM,64.8,64.1,98,WSW,6.8,14.5,29.03,0.000,Partly Cloudy
2026-08-22,11:00 PM,64.2,63.6,98,WSW,8.5,16.6,29.03,0.000,Partly Cloudy
2026-08-23,12:00 AM,63.6,63.1,98,W,7.5,16.6,29.03,0.004,Light Drizzle
2026-08-23,1:00 AM,62.6,62.2,99,WSW,5.8,14.3,29.03,0.000,Fair
2026-08-23,2:00 AM,63.2,63.1,100,WSW,5.7,11.9,29.03,0.000,Cloudy
2026-08-23,3:00 AM,63.1,63.0,100,W,5.7,11.9,29.03,0.012,Light Drizzle
2026-08-23,4:00 AM,62.5,62.2,99,W,6.3,12.1,29.03,0.000,Fair
2026-08-23,5:00 AM,61.4,61.2,99,W,5.6,12.1,29.04,0.000,Fair
2026-08-23,6:00 AM,60.6,60.4,99,WSW,5.5,11.0,29.05,0.000,Fair
2026-08-23,7:00 AM,60.3,60.0,99,W,6.2,11.6,29.07,0.000,Fair
2026-08-23,8:00 AM,58.4,57.2,96,WNW,8.5,15.2,29.09,0.000,Partly Cloudy
2026-08-23,9:00 AM,61.8,60.3,95,W,6.3,19.7,29.1,0.008,Light Drizzle
2026-08-23,10:00 AM,65.5,60.8,85,WNW,8.1,21.3,29.11,0.000,Fair
2026-08-23,11:00 AM,68.5,60.0,74,W,8.6,22.1,29.12,0.004,Light Drizzle
2026-08-23,12:00 PM,70.2,56.2,61,WNW,10.8,24.6,29.12,0.004,Light Drizzle
2026-08-23,1:00 PM,71.8,54.3,54,WNW,11.3,27.1,29.1,0.000,Fair
2026-08-23,2:00 PM,72.9,51.1,46,WNW,10.4,26.6,29.12,0.000,Fair
2026-08-23,3:00 PM,72.4,49.9,45,W,11.1,25.1,29.11,0.000,Fair
2026-08-23,4:00 PM,72.8,49.0,43,W,11.2,25.1,29.1,0.000,Fair
2026-08-23,5:00 PM,71.5,49.7,46,W,11.2,24.8,29.1,0.004,Light Drizzle
2026-08-23,6:00 PM,70.6,52.3,52,W,8.1,23.9,29.1,0.000,Fair
2026-08-23,7:00 PM,68.6,55.1,62,W,5.9,16.8,29.1,0.000,Fair
2026-08-23,8:00 PM,66.0,56.5,71,WSW,6.2,11.4,29.09,0.000,Fair
2026-08-23,9:00 PM,63.5,56.1,77,SW,6.1,11.6,29.1,0.016,Light Drizzle
2026-08-23,10:00 PM,62.2,57.3,84,SW,5.6,14.3,29.1,0.012,Light Drizzle
2026-08-23,11:00 PM,62.9,57.3,82,SW,10.2,18.1,29.1,0.000,Fair
2026-08-24,12:00 AM,60.5,56.2,86,NW,7.5,21.7,29.13,0.004,Light Drizzle
2026-08-24,1:00 AM,59.5,56.7,90,SW,4.9,14.5,29.12,0.000,Fair
2026-08-24,2:00 AM,57.4,56.2,96,SW,5.2,11.0,29.11,0.000,Fair
2026-08-24,3:00 AM,57.0,56.1,97,WSW,5.1,9.6,29.1,0.000,Fair
2026-08-24,4:00 AM,56.6,55.8,97,W,5.3,10.1,29.12,0.000,Fair
2026-08-24,5:00 AM,56.3,55.6,97,W,5.6,10.7,29.13,0.000,Fair
2026-08-24,6:00 AM,55.9,55.2,98,W,4.9,10.7,29.14,0.000,Fair
2026-08-24,7:00 AM,55.3,54.8,98,W,4.7,9.4,29.15,0.000,Partly Cloudy
2026-08-24,8:00 AM,57.2,55.9,95,W,5.1,10.1,29.18,0.000,Fair
2026-08-24,9:00 AM,60.3,56.9,89,WSW,5.7,13.4,29.18,0.000,Fair
2026-08-24,10:00 AM,63.1,55.5,76,W,6.5,16.1,29.18,0.000,Fair
2026-08-24,11:00 AM,65.2,52.1,62,W,8.2,19.7,29.18,0.000,Fair
2026-08-24,12:00 PM,67.3,50.8,56,W,9.5,22.4,29.2,0.000,Fair
2026-08-24,1:00 PM,69.0,49.9,51,W,9.2,23.0,29.19,0.000,Partly Cloudy
2026-08-24,2:00 PM,70.5,49.9,48,W,8.4,22.8,29.21,0.000,Cloudy
2026-08-24,3:00 PM,70.2,50.4,49,W,8.6,20.1,29.21,0.000,Cloudy
2026-08-24,4:00 PM,69.8,50.9,51,W,9.2,20.6,29.2,0.000,Cloudy
2026-08-24,5:00 PM,69.8,51.2,52,W,8.5,21.0,29.2,0.000,Partly Cloudy
2026-08-24,6:00 PM,70.3,51.4,51,WNW,8.6,19.5,29.21,0.000,Cloudy
2026-08-24,7:00 PM,68.5,54.0,60,W,5.2,17.7,29.2,0.000,Cloudy
2026-08-24,8:00 PM,66.2,55.1,68,WSW,5.7,10.1,29.21,0.000,Cloudy
2026-08-24,9:00 PM,65.8,55.7,70,WSW,5.2,10.1,29.22,0.000,Cloudy
2026-08-24,10:00 PM,64.9,56.8,75,W,3.1,9.8,29.23,0.000,Fair
2026-08-24,11:00 PM,62.2,56.8,82,SW,2.1,5.6,29.23,0.000,Fair
2026-08-25,12:00 AM,60.5,57.2,89,SW,4.0,7.2,29.23,0.000,Fair
2026-08-25,1:00 AM,59.7,56.9,90,SW,4.8,8.3,29.23,0.000,Fair
2026-08-25,2:00 AM,59.1,57.2,93,SW,6.2,10.1,29.23,0.000,Fair
2026-08-25,3:00 AM,60.1,57.0,90,SW,6.1,12.1,29.23,0.000,Cloudy
2026-08-25,4:00 AM,59.6,56.8,90,SW,5.4,11.6,29.23,0.000,Fair
2026-08-25,5:00 AM,58.2,56.6,94,WSW,5.6,10.1,29.24,0.000,Partly Cloudy
2026-08-25,6:00 AM,57.9,56.4,95,WSW,4.9,10.1,29.25,0.000,Partly Cloudy
2026-08-25,7:00 AM,57.4,56.0,95,WSW,4.5,8.9,29.25,0.000,Fair
2026-08-25,8:00 AM,60.0,57.3,91,WSW,3.6,8.7,29.28,0.000,Fair
2026-08-25,9:00 AM,64.3,58.9,83,W,2.1,7.4,29.28,0.000,Fair
2026-08-25,10:00 AM,68.7,60.4,75,WNW,2.1,8.1,29.29,0.000,Partly Cloudy
2026-08-25,11:00 AM,72.2,59.9,65,WNW,3.9,11.6,29.29,0.004,Light Drizzle
2026-08-25,12:00 PM,74.3,58.5,58,WNW,5.8,15.2,29.29,0.000,Fair
2026-08-25,1:00 PM,75.5,57.7,54,WNW,5.8,15.4,29.28,0.000,Partly Cloudy
2026-08-25,2:00 PM,76.7,56.5,50,WNW,5.2,15.2,29.28,0.000,Cloudy
2026-08-25,3:00 PM,76.6,56.8,50,WNW,4.7,12.8,29.27,0.000,Partly Cloudy
2026-08-25,4:00 PM,76.6,56.6,50,WNW,5.3,12.8,29.25,0.000,Partly Cloudy
2026-08-25,5:00 PM,76.1,57.4,52,WNW,5.5,13.2,29.24,0.000,Cloudy
2026-08-25,6:00 PM,75.3,58.4,56,NW,5.2,13.0,29.25,0.000,Cloudy
2026-08-25,7:00 PM,73.0,62.2,69,NW,3.4,10.5,29.23,0.000,Cloudy
2026-08-25,8:00 PM,69.4,62.1,78,N,2.9,5.8,29.23,0.000,Cloudy
2026-08-25,9:00 PM,68.1,61.9,81,N,3.3,6.7,29.24,0.000,Cloudy
2026-08-25,10:00 PM,67.2,61.7,83,NNW,1.2,5.6,29.26,0.000,Cloudy
2026-08-25,11:00 PM,65.4,61.6,88,SW,1.8,3.1,29.27,0.000,Cloudy
2026-08-26,12:00 AM,64.3,61.8,92,SSW,2.4,4.7,29.27,0.000,Partly Cloudy
2026-08-26,1:00 AM,64.0,61.7,92,ENE,0.3,3.6,29.26,0.000,Fair
2026-08-26,2:00 AM,61.3,60.8,98,ESE,1.8,2.7,29.26,0.000,Fair
2026-08-26,3:00 AM,60.6,60.3,99,ENE,0.8,2.9,29.23,0.000,Fair
2026-08-26,4:00 AM,59.8,59.8,100,SSE,1.2,2.0,29.23,0.000,Fair
2026-08-26,5:00 AM,59.2,59.2,100,SSW,2.3,4.3,29.23,0.000,Cloudy
2026-08-26,6:00 AM,58.8,58.7,100,S,2.0,4.0,29.23,0.000,Cloudy
2026-08-26,7:00 AM,58.3,58.1,99,S,2.2,3.8,29.23,0.000,Cloudy
2026-08-26,8:00 AM,60.3,59.3,97,SE,2.0,6.9,29.24,0.000,Cloudy
2026-08-26,9:00 AM,65.2,60.6,85,S,1.3,6.0,29.24,0.000,Cloudy
2026-08-26,10:00 AM,69.4,61.3,76,S,1.7,7.4,29.23,0.000,Cloudy
2026-08-26,11:00 AM,73.2,60.5,64,S,3.3,10.3,29.22,0.000,Cloudy
2026-08-26,12:00 PM,75.6,58.7,56,SSW,4.6,13.0,29.23,0.000,Cloudy
2026-08-26,1:00 PM,76.6,58.2,53,SSW,4.7,13.2,29.21,0.000,Partly Cloudy
2026-08-26,2:00 PM,78.4,58.3,50,S,4.3,14.8,29.21,0.000,Fair
2026-08-26,3:00 PM,78.9,57.7,48,SSW,5.0,13.4,29.19,0.000,Fair
2026-08-26,4:00 PM,79.3,56.4,45,SSW,6.3,15.2,29.17,0.000,Partly Cloudy
2026-08-26,5:00 PM,78.5,56.4,47,SW,7.4,16.8,29.16,0.000,Cloudy
2026-08-26,6:00 PM,77.3,58.8,53,SW,6.0,16.6,29.15,0.000,Partly Cloudy
2026-08-26,7:00 PM,74.8,62.0,64,SW,4.5,12.1,29.13,0.000,Fair
2026-08-26,8:00 PM,70.3,61.0,72,S,4.4,8.3,29.13,0.000,Fair
2026-08-26,9:00 PM,69.2,61.3,76,SSW,4.1,8.9,29.13,0.000,Fair
2026-08-26,10:00 PM,67.6,61.8,82,SW,3.7,7.2,29.13,0.000,Fair
2026-08-26,11:00 PM,66.5,62.0,85,SSW,4.7,8.3,29.11,0.000,Fair
2026-08-27,12:00 AM,65.8,62.0,87,SSW,4.9,8.7,29.1,0.000,Fair
2026-08-27,1:00 AM,65.2,61.9,89,SSW,4.0,8.9,29.12,0.000,Fair
2026-08-27,2:00 AM,64.0,61.8,92,S,4.8,8.9,29.11,0.000,Fair
2026-08-27,3:00 AM,64.2,61.8,92,S,6.0,10.5,29.1,0.000,Fair
2026-08-27,4:00 AM,64.9,61.4,88,SSW,6.3,12.1,29.09,0.000,Fair
2026-08-27,5:00 AM,64.9,61.3,88,SW,6.5,12.1,29.1,0.000,Fair
2026-08-27,6:00 AM,64.0,61.4,92,WSW,4.8,11.9,29.11,0.000,Cloudy
2026-08-27,7:00 AM,64.0,61.7,92,SW,5.6,10.3,29.12,0.008,Light Drizzle
2026-08-27,8:00 AM,64.6,63.7,97,NE,1.8,10.3,29.13,0.008,Light Drizzle
2026-08-27,9:00 AM,67.3,66.0,96,E,2.6,8.9,29.15,0.000,Fair
2026-08-27,10:00 AM,71.2,66.7,86,SSE,3.1,9.8,29.15,0.000,Fair
2026-08-27,11:00 AM,74.6,66.8,77,SW,3.7,13.6,29.15,0.000,Partly Cloudy
2026-08-27,12:00 PM,76.3,67.2,74,SW,5.2,17.7,29.15,0.008,Light Drizzle
2026-08-27,1:00 PM,78.2,67.6,70,WSW,5.7,18.1,29.14,0.004,Light Drizzle
2026-08-27,2:00 PM,78.4,67.3,69,SW,6.1,18.6,29.14,0.004,Light Drizzle
2026-08-27,3:00 PM,79.7,66.9,65,SW,5.9,18.6,29.12,0.004,Light Drizzle
2026-08-27,4:00 PM,80.2,64.8,59,W,6.8,17.0,29.11,0.004,Light Drizzle
2026-08-27,5:00 PM,78.4,64.4,62,WNW,7.2,17.0,29.1,0.012,Light Drizzle
2026-08-27,6:00 PM,77.5,64.9,65,NW,5.6,16.3,29.1,0.004,Light Drizzle
2026-08-27,7:00 PM,75.9,67.7,76,WNW,2.9,11.6,29.11,0.000,Fair
2026-08-27,8:00 PM,72.9,65.3,77,NE,0.6,4.9,29.1,0.000,Fair
2026-08-27,9:00 PM,70.9,65.7,84,NW,4.4,6.9,29.13,0.000,Fair
2026-08-27,10:00 PM,70.0,64.6,83,N,7.3,14.5,29.15,0.000,Fair
2026-08-27,11:00 PM,68.0,64.2,88,N,3.6,13.2,29.17,0.000,Fair
2026-08-28,12:00 AM,67.1,63.7,89,N,2.7,6.3,29.17,0.000,Fair
2026-08-28,1:00 AM,65.8,63.1,91,NNW,4.0,7.2,29.17,0.000,Fair
2026-08-28,2:00 AM,64.5,63.4,96,N,5.3,7.6,29.18,0.000,Fair
2026-08-28,3:00 AM,63.9,63.0,97,NNE,4.1,9.4,29.18,0.000,Fair
2026-08-28,4:00 AM,63.1,62.2,97,NNE,3.2,7.2,29.18,0.000,Fair
2026-08-28,5:00 AM,62.5,61.7,97,N,2.9,5.8,29.19,0.000,Fair
2026-08-28,6:00 AM,61.9,61.3,98,N,2.7,5.4,29.2,0.000,Fair
2026-08-28,7:00 AM,61.7,61.3,98,N,4.3,7.6,29.22,0.000,Fair
2026-08-28,8:00 AM,63.2,62.3,97,N,4.8,9.8,29.25,0.000,Fair
2026-08-28,9:00 AM,66.2,64.2,93,N,4.5,11.4,29.27,0.000,Fair
2026-08-28,10:00 AM,70.1,65.0,84,N,5.1,13.2,29.28,0.000,Fair
2026-08-28,11:00 AM,73.7,63.4,70,N,6.0,15.4,29.29,0.004,Light Drizzle
2026-08-28,12:00 PM,74.6,63.1,67,N,5.9,15.7,29.29,0.016,Light Drizzle
2026-08-28,1:00 PM,76.2,62.0,61,N,6.7,17.0,29.29,0.012,Light Drizzle
2026-08-28,2:00 PM,78.4,58.9,51,NNE,6.6,19.0,29.31,0.008,Light Drizzle
2026-08-28,3:00 PM,77.5,60.0,55,N,7.6,18.6,29.3,0.008,Light Drizzle
2026-08-28,4:00 PM,77.8,58.4,51,N,7.0,18.8,29.28,0.000,Fair
2026-08-28,5:00 PM,77.8,58.0,51,NNE,6.7,17.0,29.28,0.000,Fair
2026-08-28,6:00 PM,76.6,56.4,50,NNE,6.6,16.8,29.27,0.000,Fair
2026-08-28,7:00 PM,73.8,56.2,54,NE,6.5,14.1,29.28,0.000,Fair
2026-08-28,8:00 PM,69.3,57.6,66,NE,6.6,13.6,29.29,0.000,Fair
2026-08-28,9:00 PM,68.0,55.9,65,NNE,7.2,13.2,29.31,0.000,Fair
2026-08-28,10:00 PM,66.6,54.1,64,NNE,7.0,13.6,29.34,0.000,Fair
2026-08-28,11:00 PM,64.9,53.2,66,NNE,6.9,13.4,29.36,0.000,Fair
2026-08-29,12:00 AM,63.0,52.4,68,NE,6.6,13.2,29.35,0.000,Fair
2026-08-29,1:00 AM,61.3,51.4,70,NE,6.2,12.3,29.35,0.000,Fair
2026-08-29,2:00 AM,58.8,51.2,76,ENE,5.4,11.4,29.36,0.000,Fair
2026-08-29,3:00 AM,57.9,51.0,78,E,4.6,9.6,29.36,0.000,Fair
2026-08-29,4:00 AM,57.0,51.2,81,E,3.7,8.3,29.36,0.000,Fair
2026-08-29,5:00 AM,56.3,51.3,83,E,3.7,6.5,29.36,0.000,Fair
2026-08-29,6:00 AM,55.9,51.2,84,ENE,4.2,7.2,29.36,0.000,Fair
2026-08-29,7:00 AM,55.7,50.9,84,ENE,4.4,7.8,29.37,0.000,Fair
2026-08-29,8:00 AM,59.0,52.1,78,E,5.2,8.9,29.39,0.000,Fair
2026-08-29,9:00 AM,64.1,53.9,69,E,3.5,9.4,29.4,0.000,Fair
2026-08-29,10:00 AM,69.5,53.8,57,E,3.7,10.5,29.41,0.000,Fair
2026-08-29,11:00 AM,74.0,51.1,45,ESE,5.5,13.9,29.42,0.000,Fair
2026-08-29,12:00 PM,77.0,50.1,39,ESE,6.4,16.1,29.4,0.000,Fair
2026-08-29,1:00 PM,79.1,49.2,35,ESE,5.5,16.6,29.39,0.000,Fair
2026-08-29,2:00 PM,80.8,49.4,33,ESE,4.3,14.5,29.39,0.000,Fair
2026-08-29,3:00 PM,81.1,50.5,35,SE,4.0,13.0,29.37,0.000,Fair
2026-08-29,4:00 PM,81.2,51.8,36,SE,4.4,12.3,29.35,0.000,Partly Cloudy
2026-08-29,5:00 PM,80.8,53.6,39,ESE,3.1,12.3,29.32,0.000,Fair
2026-08-29,6:00 PM,79.8,55.5,43,E,2.8,8.5,29.31,0.000,Cloudy
2026-08-29,7:00 PM,76.3,62.6,63,ENE,2.8,6.3,29.31,0.000,Fair
2026-08-29,8:00 PM,71.9,62.4,72,ENE,2.6,4.7,29.31,0.000,Cloudy
2026-08-29,9:00 PM,70.8,62.2,74,E,1.6,4.3,29.3,0.000,Fair
2026-08-29,10:00 PM,69.1,61.9,78,N,0.3,2.2,29.31,0.000,Partly Cloudy
2026-08-29,11:00 PM,67.9,62.3,82,N,0.2,1.1,29.31,0.000,Partly Cloudy
